{"type":"FeatureCollection","features":[{"type":"Feature","properties":{"Quartiere":"Partanna Mondello","circoscrizione":"VII","n_sezioni":127,"totale_pop":19402,"totale_civici":11241,"area_km2":16.703,"dens_pop":1161.6,"dens_civici":673.0,"bivar_lbl_modale":"1-1","col_modale":"#e8e8e8"},"geometry":{"coordinates":[[[[13.35795,38.19197],[13.35813,38.19192],[13.35856,38.19193],[13.35885,38.19174],[13.35904,38.19132],[13.35909,38.19105],[13.35927,38.19102],[13.35923,38.19084],[13.35937,38.1906],[13.35951,38.1904],[13.35942,38.19012],[13.35961,38.18991],[13.3598,38.18952],[13.36007,38.18909],[13.36012,38.18891],[13.36024,38.18882],[13.36031,38.18856],[13.36052,38.18828],[13.36077,38.18788],[13.36078,38.18764],[13.36084,38.18745],[13.36095,38.18739],[13.36104,38.18743],[13.36118,38.1873],[13.36126,38.18702],[13.36129,38.18695],[13.36121,38.18689],[13.3613,38.18687],[13.36143,38.18687],[13.36145,38.18674],[13.36158,38.18664],[13.36189,38.18656],[13.36195,38.1864],[13.36202,38.18625],[13.3621,38.18615],[13.3622,38.18622],[13.36225,38.18619],[13.36224,38.18601],[13.36218,38.18601],[13.36218,38.18588],[13.36225,38.18571],[13.36238,38.1857],[13.36249,38.18555],[13.36256,38.18555],[13.36266,38.18557],[13.36275,38.18567],[13.36279,38.18562],[13.36275,38.18555],[13.36289,38.18538],[13.36308,38.18529],[13.36326,38.18516],[13.3635,38.18494],[13.36359,38.18476],[13.36366,38.18464],[13.36386,38.18453],[13.36407,38.18437],[13.36419,38.1842],[13.36427,38.18404],[13.36439,38.18402],[13.36443,38.18393],[13.36456,38.18374],[13.3648,38.18343],[13.36502,38.18319],[13.36523,38.18288],[13.36543,38.18264],[13.36557,38.18253],[13.36566,38.18252],[13.36569,38.18249],[13.36564,38.18239],[13.36572,38.18228],[13.3658,38.1821],[13.36591,38.18169],[13.366,38.18155],[13.36598,38.18145],[13.3659,38.18146],[13.36593,38.18119],[13.36597,38.18092],[13.36601,38.18073],[13.36596,38.18068],[13.36602,38.18057],[13.36608,38.18046],[13.36617,38.18043],[13.36615,38.18027],[13.36618,38.1801],[13.36622,38.17995],[13.36634,38.17976],[13.36637,38.17955],[13.36648,38.17945],[13.36655,38.17931],[13.36656,38.17902],[13.36664,38.17891],[13.36668,38.17882],[13.36665,38.17872],[13.36661,38.17861],[13.3666,38.17837],[13.3667,38.17825],[13.36676,38.1781],[13.36671,38.17795],[13.36659,38.17777],[13.36656,38.17768],[13.36651,38.17753],[13.36545,38.1774],[13.36215,38.17697],[13.36207,38.1771],[13.36208,38.17721],[13.362,38.17731],[13.36194,38.17744],[13.36186,38.17771],[13.36185,38.17794],[13.36179,38.17811],[13.36175,38.17828],[13.36176,38.17836],[13.36174,38.17856],[13.36173,38.17886],[13.36176,38.17913],[13.36187,38.17943],[13.36195,38.17956],[13.362,38.17964],[13.36208,38.17979],[13.3621,38.1799],[13.36213,38.17995],[13.36218,38.18002],[13.36214,38.18017],[13.36207,38.18018],[13.36202,38.18026],[13.36198,38.18036],[13.36199,38.18042],[13.362,38.18054],[13.36196,38.18064],[13.36189,38.18074],[13.36177,38.18083],[13.36164,38.18085],[13.36152,38.18089],[13.36147,38.18089],[13.36146,38.18098],[13.36144,38.18111],[13.36145,38.18121],[13.36138,38.18131],[13.36125,38.18152],[13.36122,38.18168],[13.3612,38.18186],[13.36107,38.18193],[13.361,38.18212],[13.36092,38.18228],[13.36068,38.18242],[13.36058,38.18251],[13.36048,38.18253],[13.35997,38.18275],[13.35989,38.18284],[13.35956,38.183],[13.35953,38.18304],[13.35944,38.18311],[13.35929,38.18318],[13.35828,38.18289],[13.35826,38.18294],[13.35817,38.18299],[13.35804,38.18303],[13.35796,38.1831],[13.35782,38.18309],[13.35776,38.18312],[13.35766,38.18326],[13.35759,38.18331],[13.3575,38.18352],[13.35741,38.18386],[13.35752,38.18404],[13.35731,38.18448],[13.35707,38.18496],[13.35681,38.18529],[13.35664,38.18568],[13.35627,38.18574],[13.35571,38.18589],[13.35547,38.18596],[13.35511,38.18608],[13.35475,38.18626],[13.35446,38.18655],[13.35427,38.18649],[13.35402,38.18636],[13.35392,38.18629],[13.35369,38.18636],[13.35343,38.1865],[13.35329,38.1865],[13.35315,38.1865],[13.35292,38.18649],[13.35255,38.18631],[13.35226,38.18611],[13.35208,38.18585],[13.35209,38.18557],[13.35202,38.18529],[13.35193,38.18516],[13.35172,38.1849],[13.35161,38.18473],[13.35159,38.18465],[13.35116,38.18446],[13.35102,38.18428],[13.35075,38.18412],[13.3503,38.18404],[13.35004,38.18399],[13.34992,38.18391],[13.34975,38.18385],[13.34932,38.18371],[13.34907,38.18364],[13.349,38.18362],[13.3489,38.18363],[13.34885,38.18369],[13.34884,38.18377],[13.34891,38.18384],[13.34899,38.18398],[13.349,38.18406],[13.34902,38.18435],[13.34903,38.18457],[13.34897,38.18472],[13.34884,38.18474],[13.34867,38.18468],[13.34846,38.18453],[13.34831,38.18436],[13.34818,38.18435],[13.34805,38.18434],[13.34797,38.18433],[13.3477,38.18421],[13.34762,38.18417],[13.34753,38.18414],[13.34728,38.18407],[13.34711,38.18401],[13.34696,38.184],[13.34675,38.18401],[13.34661,38.18401],[13.34645,38.18405],[13.34628,38.18413],[13.34596,38.18424],[13.34575,38.18426],[13.34566,38.18425],[13.34552,38.18419],[13.34544,38.18408],[13.3454,38.18394],[13.34526,38.18388],[13.34504,38.18386],[13.34485,38.18378],[13.34471,38.18374],[13.34458,38.1837],[13.34437,38.18359],[13.3443,38.18353],[13.34422,38.18353],[13.34414,38.18352],[13.34395,38.18356],[13.34362,38.18378],[13.34343,38.18403],[13.3433,38.18404],[13.34317,38.18406],[13.34302,38.18403],[13.3429,38.18401],[13.34279,38.18391],[13.34265,38.18379],[13.3426,38.18377],[13.34227,38.18373],[13.34203,38.1835],[13.34184,38.18341],[13.34159,38.18333],[13.34144,38.1833],[13.34118,38.1833],[13.34053,38.1808],[13.33913,38.18128],[13.3385,38.18054],[13.33783,38.17985],[13.33733,38.17938],[13.33722,38.1793],[13.33719,38.17927],[13.33714,38.17926],[13.33528,38.17859],[13.33489,38.17969],[13.33431,38.18132],[13.3342,38.18163],[13.33416,38.18175],[13.33414,38.18239],[13.33432,38.18251],[13.33437,38.18286],[13.33435,38.18333],[13.334,38.18322],[13.334,38.18339],[13.33385,38.18338],[13.33348,38.18338],[13.33314,38.18339],[13.33295,38.1834],[13.3328,38.18329],[13.33265,38.18313],[13.33259,38.18297],[13.33251,38.18296],[13.33199,38.18288],[13.3315,38.18281],[13.33133,38.18278],[13.33104,38.18273],[13.33055,38.18265],[13.33019,38.18259],[13.33004,38.18257],[13.33037,38.18181],[13.32961,38.18163],[13.32974,38.18119],[13.32978,38.1808],[13.32968,38.18013],[13.32838,38.17971],[13.32885,38.17841],[13.32655,38.17755],[13.32597,38.17746],[13.32574,38.17739],[13.32572,38.17753],[13.32557,38.17803],[13.3255,38.17828],[13.32529,38.17898],[13.32524,38.17924],[13.32521,38.17942],[13.32524,38.17962],[13.32525,38.17981],[13.32528,38.17996],[13.32532,38.18011],[13.32535,38.18027],[13.32536,38.18036],[13.3253,38.1806],[13.32522,38.18095],[13.32511,38.18142],[13.32503,38.18174],[13.32497,38.18197],[13.32493,38.18212],[13.32494,38.18225],[13.32491,38.18242],[13.32488,38.18257],[13.32498,38.1827],[13.32511,38.18285],[13.32511,38.18296],[13.32165,38.18167],[13.3208,38.18094],[13.32006,38.18019],[13.31993,38.18029],[13.31929,38.18111],[13.31926,38.18115],[13.31883,38.18178],[13.31816,38.18275],[13.31809,38.18285],[13.31704,38.1844],[13.31689,38.18434],[13.31669,38.18426],[13.31638,38.1842],[13.31617,38.18416],[13.3159,38.1846],[13.31535,38.18549],[13.31501,38.18557],[13.31451,38.18548],[13.31399,38.18534],[13.31315,38.18521],[13.31302,38.18541],[13.31284,38.18564],[13.31256,38.18571],[13.31214,38.18575],[13.31175,38.18581],[13.31136,38.18593],[13.3109,38.18597],[13.31065,38.18583],[13.31037,38.18554],[13.31005,38.18545],[13.30975,38.18541],[13.30941,38.18523],[13.30925,38.18546],[13.30907,38.18567],[13.30891,38.18586],[13.30871,38.18606],[13.30845,38.18638],[13.30839,38.18645],[13.30826,38.18658],[13.3081,38.1867],[13.308,38.18671],[13.30779,38.18674],[13.30765,38.18667],[13.30751,38.18659],[13.30744,38.18651],[13.30732,38.18636],[13.30723,38.1863],[13.30709,38.18624],[13.30697,38.18621],[13.30676,38.18623],[13.30653,38.18632],[13.30633,38.1864],[13.30585,38.18658],[13.30566,38.18666],[13.30553,38.18672],[13.30524,38.18685],[13.30507,38.18702],[13.30486,38.18718],[13.30464,38.18737],[13.3044,38.18759],[13.30418,38.18778],[13.3039,38.18804],[13.30371,38.18821],[13.30355,38.18835],[13.30346,38.18843],[13.30328,38.18862],[13.30313,38.18877],[13.30295,38.18898],[13.30279,38.18914],[13.30268,38.18925],[13.30251,38.18944],[13.30234,38.18962],[13.30217,38.1898],[13.30194,38.19005],[13.30176,38.19024],[13.3016,38.1904],[13.30148,38.19053],[13.30128,38.19074],[13.30103,38.19085],[13.30059,38.19102],[13.30037,38.19071],[13.30015,38.1905],[13.30002,38.19036],[13.29984,38.19019],[13.29951,38.19003],[13.29924,38.1899],[13.29906,38.18982],[13.29888,38.18975],[13.29866,38.18969],[13.2984,38.1896],[13.29808,38.1895],[13.29795,38.18947],[13.29771,38.18943],[13.29736,38.18936],[13.29708,38.18931],[13.29673,38.18924],[13.29652,38.1892],[13.29638,38.18918],[13.29616,38.18912],[13.29638,38.18943],[13.29655,38.18966],[13.29666,38.18981],[13.29674,38.18991],[13.29681,38.19001],[13.2969,38.1901],[13.29708,38.19028],[13.29727,38.19047],[13.29739,38.19059],[13.29756,38.19078],[13.29765,38.19088],[13.29771,38.19097],[13.29785,38.19122],[13.29792,38.19134],[13.29802,38.19152],[13.29807,38.19162],[13.29794,38.19179],[13.29781,38.19219],[13.29758,38.19196],[13.29755,38.19178],[13.29705,38.19103],[13.29667,38.191],[13.29643,38.19126],[13.29596,38.19163],[13.29548,38.19197],[13.29484,38.19213],[13.29458,38.19208],[13.2943,38.19176],[13.2937,38.19204],[13.29304,38.19244],[13.29192,38.19285],[13.29042,38.19321],[13.28928,38.19203],[13.28813,38.19255],[13.28859,38.19333],[13.28938,38.19439],[13.28941,38.19441],[13.28951,38.1947],[13.28855,38.19512],[13.2887,38.19542],[13.28829,38.1956],[13.28799,38.19513],[13.28824,38.19488],[13.2883,38.19473],[13.28788,38.19477],[13.28715,38.1948],[13.28665,38.19467],[13.2863,38.19451],[13.28562,38.19416],[13.28543,38.19399],[13.28522,38.19409],[13.28511,38.19404],[13.28437,38.19461],[13.28381,38.19475],[13.28306,38.19481],[13.28207,38.19493],[13.28129,38.19489],[13.28123,38.19488],[13.28206,38.19544],[13.28203,38.19555],[13.28336,38.19668],[13.28396,38.19647],[13.28415,38.19673],[13.28447,38.19747],[13.28487,38.19772],[13.28524,38.19773],[13.28542,38.19786],[13.2856,38.19894],[13.28585,38.19895],[13.28583,38.1992],[13.28597,38.19964],[13.28704,38.19944],[13.28784,38.19938],[13.28782,38.19976],[13.28779,38.20024],[13.28732,38.20023],[13.28732,38.20001],[13.28658,38.20006],[13.28663,38.20026],[13.28678,38.20079],[13.28674,38.20131],[13.2861,38.20127],[13.28604,38.2014],[13.28632,38.20149],[13.28622,38.2017],[13.28594,38.20162],[13.28593,38.20165],[13.28541,38.2023],[13.28535,38.2028],[13.28522,38.20304],[13.28464,38.20302],[13.28439,38.20389],[13.28398,38.20456],[13.28396,38.20543],[13.28428,38.20552],[13.28462,38.20583],[13.28494,38.20674],[13.28512,38.20678],[13.28575,38.20711],[13.28578,38.20729],[13.28539,38.20781],[13.2848,38.20792],[13.28474,38.20848],[13.28497,38.20879],[13.28573,38.209],[13.28699,38.20965],[13.28799,38.20993],[13.28801,38.21004],[13.28797,38.21062],[13.28788,38.21072],[13.28744,38.21074],[13.28846,38.2113],[13.28917,38.21154],[13.28988,38.21184],[13.28997,38.21194],[13.29023,38.21222],[13.29088,38.21265],[13.29129,38.21308],[13.29164,38.21347],[13.29169,38.21384],[13.29211,38.21376],[13.2924,38.2139],[13.29281,38.21414],[13.2931,38.21457],[13.29327,38.21495],[13.29362,38.21569],[13.29401,38.2165],[13.29448,38.21683],[13.29502,38.21679],[13.29519,38.21727],[13.29537,38.21741],[13.29626,38.21747],[13.29715,38.21791],[13.29786,38.21806],[13.29833,38.21836],[13.29874,38.21849],[13.29899,38.21864],[13.29909,38.21882],[13.29915,38.21899],[13.29938,38.21907],[13.29948,38.21919],[13.29973,38.21919],[13.29979,38.21913],[13.29989,38.21916],[13.29995,38.21924],[13.30013,38.21922],[13.30014,38.21905],[13.30024,38.21913],[13.30044,38.21943],[13.30061,38.2198],[13.3009,38.22006],[13.30112,38.22015],[13.30121,38.22032],[13.30154,38.22043],[13.3017,38.2205],[13.30184,38.2205],[13.30194,38.2206],[13.30227,38.22058],[13.30261,38.22058],[13.30308,38.22064],[13.30314,38.2208],[13.30337,38.22087],[13.3036,38.22093],[13.30375,38.22083],[13.30398,38.22086],[13.30447,38.2209],[13.30459,38.22087],[13.30473,38.22093],[13.30484,38.22105],[13.30521,38.2211],[13.30532,38.22116],[13.30553,38.22112],[13.30572,38.22107],[13.30592,38.22117],[13.30612,38.22119],[13.30636,38.22127],[13.30656,38.22144],[13.30681,38.22141],[13.30688,38.22152],[13.30702,38.22156],[13.30712,38.22144],[13.30735,38.22137],[13.30757,38.22134],[13.30776,38.22124],[13.30799,38.2212],[13.30814,38.22122],[13.30836,38.22114],[13.30853,38.22113],[13.30869,38.22119],[13.30884,38.22118],[13.30893,38.2213],[13.30907,38.22135],[13.30924,38.22139],[13.30936,38.22145],[13.30993,38.22139],[13.31024,38.22149],[13.31047,38.22162],[13.31107,38.22178],[13.31178,38.222],[13.31198,38.22204],[13.31215,38.22203],[13.31236,38.2221],[13.31252,38.22214],[13.31262,38.22221],[13.31268,38.22229],[13.31272,38.22236],[13.31283,38.2225],[13.31286,38.22256],[13.31293,38.2227],[13.31296,38.22285],[13.31305,38.22298],[13.31314,38.22312],[13.31323,38.22324],[13.31337,38.22344],[13.31349,38.22357],[13.31374,38.2238],[13.31396,38.22403],[13.31418,38.22421],[13.31441,38.22435],[13.31459,38.22446],[13.31474,38.22453],[13.31484,38.22456],[13.31503,38.22456],[13.31516,38.22457],[13.31523,38.22456],[13.31538,38.22454],[13.31558,38.22456],[13.31572,38.22456],[13.31584,38.22455],[13.31595,38.22453],[13.31608,38.22454],[13.31619,38.22456],[13.31631,38.2246],[13.31647,38.22468],[13.31669,38.22449],[13.31694,38.2244],[13.31734,38.22433],[13.31762,38.22441],[13.31799,38.22427],[13.31821,38.22407],[13.31844,38.22374],[13.3186,38.22344],[13.31882,38.2234],[13.31876,38.2233],[13.31895,38.22313],[13.3192,38.22311],[13.3192,38.22277],[13.31924,38.22245],[13.31947,38.22204],[13.31975,38.22173],[13.3201,38.22146],[13.3206,38.22127],[13.32094,38.22121],[13.32076,38.22103],[13.3208,38.22089],[13.32099,38.22072],[13.32093,38.22057],[13.32097,38.22023],[13.32107,38.21994],[13.32126,38.21974],[13.32164,38.21941],[13.32179,38.21935],[13.32186,38.2194],[13.32192,38.21944],[13.32197,38.21949],[13.32209,38.21939],[13.3222,38.21932],[13.32227,38.21925],[13.32224,38.21909],[13.3222,38.2189],[13.32224,38.2187],[13.32222,38.21856],[13.32218,38.21833],[13.32224,38.21805],[13.32227,38.21787],[13.32228,38.21773],[13.32235,38.21766],[13.32233,38.21746],[13.32233,38.21735],[13.32235,38.21715],[13.32239,38.21704],[13.32254,38.21692],[13.32271,38.21689],[13.32312,38.21688],[13.32334,38.21686],[13.32348,38.21683],[13.32383,38.21673],[13.32389,38.21667],[13.32384,38.21661],[13.32391,38.21658],[13.32432,38.21618],[13.32442,38.216],[13.32446,38.21589],[13.32446,38.21543],[13.32431,38.21543],[13.32426,38.21584],[13.32424,38.21601],[13.32387,38.21639],[13.32371,38.21657],[13.32365,38.21653],[13.32298,38.21665],[13.3229,38.21647],[13.32289,38.21638],[13.32289,38.21633],[13.32318,38.21632],[13.32353,38.21628],[13.32347,38.2156],[13.32338,38.21561],[13.32345,38.21624],[13.32288,38.21627],[13.32281,38.21614],[13.32279,38.21605],[13.32286,38.21588],[13.3229,38.21569],[13.32295,38.21552],[13.32308,38.21543],[13.32315,38.21537],[13.32312,38.21526],[13.32296,38.21523],[13.32286,38.21515],[13.32282,38.21501],[13.32281,38.21492],[13.32281,38.21482],[13.32269,38.21466],[13.32258,38.21447],[13.32263,38.21427],[13.32278,38.21405],[13.32292,38.21383],[13.32315,38.21369],[13.32327,38.21367],[13.32345,38.21349],[13.32357,38.21347],[13.32368,38.2134],[13.3239,38.21319],[13.32406,38.21309],[13.32425,38.21302],[13.32432,38.21307],[13.32444,38.21311],[13.32459,38.21299],[13.32482,38.21283],[13.32507,38.21265],[13.32517,38.21261],[13.32529,38.21264],[13.32547,38.21255],[13.32563,38.2124],[13.32582,38.21228],[13.32601,38.2122],[13.32616,38.21214],[13.32636,38.21215],[13.32655,38.21202],[13.32671,38.212],[13.32684,38.21197],[13.32687,38.21191],[13.32705,38.21191],[13.32736,38.2118],[13.32747,38.21173],[13.32766,38.21166],[13.32796,38.21163],[13.32822,38.21168],[13.32842,38.21174],[13.32867,38.21202],[13.32882,38.21218],[13.3289,38.21232],[13.32905,38.21238],[13.32922,38.21246],[13.32946,38.21252],[13.32962,38.21252],[13.32976,38.21254],[13.32987,38.21255],[13.32997,38.21241],[13.33035,38.21237],[13.33054,38.21223],[13.33054,38.21211],[13.33067,38.21202],[13.3307,38.21187],[13.33063,38.21178],[13.3306,38.21163],[13.33059,38.21152],[13.33052,38.21142],[13.33038,38.21127],[13.33024,38.21113],[13.33013,38.211],[13.33009,38.21089],[13.32997,38.21083],[13.32999,38.21074],[13.32988,38.21061],[13.32984,38.2105],[13.32971,38.21033],[13.32962,38.21014],[13.3295,38.21007],[13.32958,38.20993],[13.3295,38.20981],[13.32943,38.2098],[13.32941,38.2097],[13.32928,38.20962],[13.32919,38.20947],[13.32912,38.2093],[13.32906,38.20912],[13.32909,38.20902],[13.329,38.20891],[13.32889,38.20874],[13.32892,38.20865],[13.32887,38.20848],[13.32875,38.20831],[13.32863,38.20814],[13.32851,38.20795],[13.32835,38.20776],[13.32842,38.20761],[13.32843,38.2075],[13.32832,38.20739],[13.32813,38.20715],[13.3283,38.20681],[13.32807,38.20681],[13.32794,38.20713],[13.32781,38.20736],[13.32772,38.2075],[13.3275,38.20746],[13.32717,38.20737],[13.32695,38.20729],[13.32718,38.20684],[13.32709,38.20681],[13.32685,38.20723],[13.32653,38.20705],[13.32639,38.20692],[13.32623,38.20687],[13.32626,38.20677],[13.3261,38.20669],[13.32603,38.20676],[13.32588,38.20663],[13.32579,38.20635],[13.32565,38.20591],[13.3256,38.20559],[13.32574,38.20496],[13.32603,38.2037],[13.32607,38.20361],[13.32626,38.20327],[13.32648,38.20292],[13.32673,38.20255],[13.3269,38.20261],[13.32671,38.20293],[13.32667,38.2029],[13.32661,38.20301],[13.32697,38.20313],[13.32717,38.20287],[13.32725,38.20288],[13.32732,38.20285],[13.32749,38.20263],[13.32735,38.20253],[13.32757,38.20224],[13.32734,38.2021],[13.32718,38.20209],[13.3271,38.20221],[13.32714,38.20223],[13.327,38.20239],[13.32683,38.20232],[13.32717,38.20178],[13.32736,38.20153],[13.32772,38.2011],[13.32802,38.20076],[13.32848,38.20028],[13.32864,38.20009],[13.32888,38.19985],[13.32911,38.19967],[13.32961,38.19923],[13.32992,38.199],[13.33049,38.19859],[13.33145,38.19792],[13.33174,38.19773],[13.33193,38.19761],[13.33245,38.19732],[13.33264,38.1973],[13.33273,38.19726],[13.33287,38.19714],[13.33301,38.19706],[13.33334,38.19693],[13.33384,38.19677],[13.33435,38.19669],[13.33468,38.19666],[13.33513,38.19667],[13.33547,38.1967],[13.33573,38.1968],[13.33582,38.19693],[13.33574,38.197],[13.33592,38.19716],[13.33589,38.19727],[13.33585,38.19739],[13.3358,38.19747],[13.33556,38.19762],[13.33552,38.19759],[13.33546,38.19763],[13.33552,38.19771],[13.33582,38.19754],[13.33619,38.19756],[13.33618,38.19745],[13.33654,38.19748],[13.33662,38.19757],[13.3367,38.19768],[13.33677,38.19764],[13.33665,38.19745],[13.33671,38.19741],[13.33684,38.19737],[13.33697,38.19736],[13.33708,38.19759],[13.33714,38.19757],[13.33707,38.19737],[13.33716,38.19733],[13.33731,38.19734],[13.33735,38.19728],[13.33743,38.19729],[13.33748,38.19723],[13.33755,38.19727],[13.33764,38.1972],[13.33775,38.19717],[13.33781,38.19707],[13.33793,38.19704],[13.33806,38.19692],[13.33833,38.19681],[13.33853,38.19675],[13.33865,38.19674],[13.33873,38.19665],[13.33879,38.19658],[13.33896,38.1966],[13.33899,38.19649],[13.33911,38.19641],[13.33926,38.19628],[13.33938,38.1962],[13.33938,38.19611],[13.33934,38.19605],[13.33946,38.19598],[13.33961,38.19586],[13.33991,38.19566],[13.34016,38.19539],[13.34049,38.19514],[13.34061,38.19498],[13.34076,38.19479],[13.34076,38.19472],[13.34078,38.19456],[13.34081,38.19442],[13.34097,38.1943],[13.34116,38.19416],[13.34128,38.19418],[13.34145,38.19409],[13.34155,38.19413],[13.3416,38.19405],[13.34162,38.19398],[13.34177,38.19404],[13.34191,38.19414],[13.34203,38.19399],[13.34207,38.19389],[13.34223,38.19389],[13.34234,38.19385],[13.34249,38.19391],[13.34264,38.19397],[13.34266,38.19392],[13.34254,38.19381],[13.34255,38.19369],[13.34264,38.19353],[13.34273,38.19344],[13.34284,38.19344],[13.34305,38.19325],[13.34319,38.19314],[13.34336,38.19307],[13.34352,38.19298],[13.34367,38.19298],[13.34372,38.19285],[13.34384,38.19281],[13.34395,38.19277],[13.34404,38.1928],[13.34409,38.19276],[13.34405,38.19272],[13.34415,38.19266],[13.34423,38.19276],[13.34426,38.19272],[13.34421,38.19263],[13.34425,38.19257],[13.34434,38.19255],[13.34436,38.1925],[13.34433,38.19244],[13.3444,38.19238],[13.34453,38.19237],[13.34473,38.19238],[13.3448,38.19232],[13.34492,38.19223],[13.34487,38.19216],[13.34494,38.19213],[13.34514,38.19213],[13.34534,38.19212],[13.34542,38.19202],[13.34554,38.19193],[13.34565,38.19187],[13.34572,38.19177],[13.34575,38.19165],[13.3458,38.19158],[13.34589,38.19152],[13.34586,38.19178],[13.34591,38.19176],[13.34598,38.19159],[13.34605,38.19146],[13.3461,38.19136],[13.34618,38.19132],[13.34614,38.19146],[13.3462,38.19151],[13.34625,38.1914],[13.34637,38.19138],[13.34645,38.19133],[13.34641,38.19147],[13.34645,38.19147],[13.34653,38.19131],[13.34657,38.19121],[13.3466,38.19108],[13.34683,38.1911],[13.34693,38.19106],[13.34705,38.19112],[13.34734,38.19111],[13.34782,38.19111],[13.34833,38.19112],[13.34836,38.19109],[13.34915,38.19109],[13.35018,38.19217],[13.35014,38.19224],[13.35023,38.19238],[13.35058,38.19272],[13.35122,38.19266],[13.35171,38.19265],[13.35191,38.19264],[13.35194,38.1927],[13.35211,38.1927],[13.35225,38.19267],[13.35237,38.19261],[13.35249,38.19255],[13.35253,38.19248],[13.35246,38.19239],[13.35237,38.19238],[13.35175,38.19242],[13.35175,38.19238],[13.35165,38.19237],[13.3516,38.1919],[13.35154,38.19191],[13.35157,38.19237],[13.35069,38.19244],[13.35034,38.19203],[13.35026,38.19208],[13.34981,38.19161],[13.34981,38.19152],[13.35007,38.19151],[13.34996,38.19138],[13.35005,38.19136],[13.35019,38.19148],[13.35081,38.19139],[13.35078,38.19129],[13.35076,38.19119],[13.35078,38.19106],[13.35089,38.19098],[13.35108,38.19092],[13.35129,38.19089],[13.35156,38.19091],[13.35179,38.1911],[13.35192,38.19118],[13.35205,38.19115],[13.35223,38.19114],[13.35237,38.19115],[13.35269,38.19103],[13.35278,38.19108],[13.3529,38.19127],[13.35303,38.19128],[13.35306,38.19122],[13.3532,38.19119],[13.35329,38.19111],[13.35338,38.19117],[13.3534,38.19125],[13.35375,38.19125],[13.35412,38.19115],[13.35453,38.19129],[13.35461,38.19122],[13.35469,38.19123],[13.35481,38.19131],[13.35487,38.19124],[13.35487,38.19109],[13.35496,38.19108],[13.35507,38.19112],[13.35553,38.19117],[13.35556,38.19112],[13.35564,38.1911],[13.35568,38.19123],[13.3559,38.19126],[13.35594,38.19138],[13.35604,38.19145],[13.35632,38.19157],[13.3564,38.19172],[13.35656,38.19175],[13.35672,38.19174],[13.35693,38.19183],[13.35712,38.19185],[13.35723,38.19205],[13.35735,38.19207],[13.35737,38.192],[13.35777,38.19205],[13.35795,38.19197]]]],"type":"MultiPolygon"}},{"type":"Feature","properties":{"Quartiere":"Montegrappa - S. Rosalia","circoscrizione":"IV","n_sezioni":102,"totale_pop":21058,"totale_civici":3676,"area_km2":2.6688,"dens_pop":7890.4,"dens_civici":1377.4,"bivar_lbl_modale":"2-3","col_modale":"#5698b9"},"geometry":{"coordinates":[[[[13.35867,38.09758],[13.35891,38.09732],[13.35923,38.0975],[13.35935,38.09743],[13.35952,38.09763],[13.35966,38.09772],[13.36027,38.09809],[13.36088,38.09755],[13.36055,38.0969],[13.3601,38.09656],[13.35954,38.09647],[13.35924,38.09647],[13.35904,38.09648],[13.35882,38.0965],[13.35854,38.09649],[13.35832,38.09647],[13.35808,38.09637],[13.35805,38.09609],[13.35802,38.09588],[13.35782,38.0955],[13.35745,38.09524],[13.35711,38.09511],[13.35687,38.09506],[13.35663,38.09511],[13.35621,38.09521],[13.35615,38.09535],[13.356,38.09565],[13.35599,38.0959],[13.35594,38.09634],[13.3559,38.09671],[13.35585,38.09698],[13.35581,38.09718],[13.35554,38.09726],[13.35537,38.09718],[13.35527,38.09698],[13.35518,38.09676],[13.35496,38.09649],[13.35448,38.0964],[13.35373,38.09604],[13.3535,38.09555],[13.35351,38.09517],[13.35363,38.09506],[13.35424,38.0946],[13.35457,38.09416],[13.35468,38.09376],[13.35424,38.09317],[13.354,38.09293],[13.35326,38.0928],[13.35274,38.09277],[13.3524,38.09289],[13.35212,38.09298],[13.35183,38.09344],[13.35176,38.09368],[13.35188,38.09401],[13.35191,38.09444],[13.35172,38.09459],[13.35148,38.09462],[13.35089,38.09426],[13.35072,38.09392],[13.3506,38.09359],[13.35066,38.09308],[13.35095,38.09231],[13.35157,38.0917],[13.35198,38.09131],[13.35141,38.09064],[13.35094,38.09024],[13.35017,38.08986],[13.34953,38.08967],[13.34917,38.08984],[13.3486,38.09028],[13.34825,38.09075],[13.3481,38.09105],[13.34767,38.0915],[13.3473,38.09178],[13.34682,38.09174],[13.34629,38.09146],[13.3456,38.09092],[13.34442,38.08988],[13.34386,38.09042],[13.34353,38.09066],[13.34336,38.0907],[13.34225,38.09158],[13.34114,38.09242],[13.3404,38.09297],[13.34026,38.09306],[13.34021,38.0931],[13.33942,38.09371],[13.33924,38.09385],[13.339,38.09403],[13.33874,38.09421],[13.33861,38.0943],[13.33855,38.09434],[13.33813,38.09465],[13.33768,38.09498],[13.33725,38.09527],[13.33652,38.09579],[13.33618,38.09602],[13.33618,38.09643],[13.33618,38.09652],[13.3362,38.09702],[13.33633,38.09731],[13.33642,38.09754],[13.3367,38.09784],[13.33678,38.09792],[13.33707,38.0983],[13.33721,38.09845],[13.33745,38.0987],[13.33783,38.09852],[13.33817,38.09896],[13.33869,38.09964],[13.33927,38.10003],[13.3393,38.10008],[13.33943,38.10034],[13.33959,38.10068],[13.33948,38.10072],[13.33964,38.10125],[13.33976,38.10156],[13.34029,38.10227],[13.34055,38.10207],[13.34145,38.10144],[13.34302,38.10274],[13.34356,38.10327],[13.34362,38.10357],[13.34395,38.1037],[13.34411,38.10374],[13.34475,38.10388],[13.34486,38.10456],[13.34578,38.1053],[13.34626,38.10562],[13.34677,38.10595],[13.34711,38.10619],[13.34753,38.10635],[13.34818,38.10636],[13.34859,38.10638],[13.34888,38.10652],[13.34901,38.10659],[13.34917,38.10662],[13.34951,38.10675],[13.35003,38.107],[13.35021,38.10712],[13.3504,38.10728],[13.35052,38.10741],[13.35054,38.10763],[13.35058,38.10773],[13.35064,38.10786],[13.35079,38.10801],[13.35104,38.10817],[13.35134,38.10828],[13.35162,38.10837],[13.352,38.10837],[13.35233,38.10832],[13.35263,38.1083],[13.35278,38.10831],[13.35315,38.10859],[13.35364,38.10821],[13.35394,38.10812],[13.35422,38.10872],[13.35515,38.10781],[13.35556,38.10762],[13.35599,38.10735],[13.35718,38.10631],[13.35745,38.10605],[13.35815,38.10546],[13.35854,38.10513],[13.36053,38.10346],[13.36133,38.10288],[13.36192,38.1025],[13.36174,38.10217],[13.36163,38.10194],[13.36151,38.10188],[13.36121,38.10156],[13.36073,38.1012],[13.36046,38.101],[13.35934,38.10017],[13.35908,38.09998],[13.35804,38.09908],[13.35833,38.0987],[13.35811,38.09826],[13.35867,38.09758]]]],"type":"MultiPolygon"}},{"type":"Feature","properties":{"Quartiere":"Resuttana - San Lorenzo","circoscrizione":"VI","n_sezioni":112,"totale_pop":40238,"totale_civici":8733,"area_km2":13.4293,"dens_pop":2996.3,"dens_civici":650.3,"bivar_lbl_modale":"1-1","col_modale":"#e8e8e8"},"geometry":{"coordinates":[[[[13.33774,38.1463],[13.3371,38.14606],[13.33603,38.14565],[13.33526,38.14535],[13.33562,38.14475],[13.33531,38.1446],[13.33528,38.1446],[13.33507,38.14448],[13.33445,38.1442],[13.33393,38.14401],[13.33288,38.14358],[13.33275,38.14371],[13.33263,38.14383],[13.33224,38.14421],[13.33187,38.14317],[13.33209,38.14294],[13.33232,38.14268],[13.33263,38.14235],[13.33151,38.142],[13.33142,38.14287],[13.33128,38.14325],[13.33095,38.14382],[13.33044,38.1444],[13.32981,38.14451],[13.32927,38.14512],[13.3288,38.14558],[13.32783,38.14515],[13.3275,38.14566],[13.32735,38.14586],[13.32719,38.14611],[13.32708,38.14644],[13.32712,38.14668],[13.32672,38.14717],[13.32657,38.14735],[13.32615,38.14785],[13.32598,38.14805],[13.32542,38.1487],[13.3258,38.14877],[13.32605,38.14882],[13.3263,38.14887],[13.32606,38.14898],[13.32562,38.14921],[13.32452,38.15011],[13.32434,38.15027],[13.32321,38.15122],[13.32274,38.15161],[13.32203,38.15219],[13.32114,38.15293],[13.32031,38.15361],[13.3202,38.15369],[13.31963,38.15416],[13.31904,38.15464],[13.31812,38.15539],[13.31702,38.15627],[13.31602,38.15708],[13.31531,38.15766],[13.31455,38.15827],[13.31443,38.15837],[13.31428,38.15849],[13.31417,38.15858],[13.31394,38.15876],[13.31384,38.15885],[13.31365,38.159],[13.31357,38.15906],[13.31334,38.15925],[13.31146,38.1585],[13.31107,38.15824],[13.31018,38.1579],[13.30969,38.15799],[13.30953,38.15812],[13.30931,38.1583],[13.30781,38.15769],[13.30542,38.15677],[13.30518,38.15705],[13.30515,38.15709],[13.30491,38.15702],[13.30445,38.1568],[13.30436,38.15676],[13.30406,38.15632],[13.30449,38.15579],[13.30471,38.15544],[13.30381,38.15521],[13.30389,38.1549],[13.30387,38.15478],[13.30385,38.15462],[13.30426,38.15469],[13.3046,38.15473],[13.30512,38.15417],[13.30531,38.15382],[13.30515,38.15352],[13.30491,38.1533],[13.3044,38.15308],[13.3042,38.15319],[13.30424,38.15338],[13.30476,38.1536],[13.30489,38.15399],[13.30458,38.15435],[13.30411,38.15445],[13.30361,38.15441],[13.30347,38.15433],[13.30229,38.15459],[13.30203,38.15458],[13.30203,38.15476],[13.30237,38.15495],[13.30179,38.15535],[13.30204,38.1556],[13.30182,38.15592],[13.30072,38.15516],[13.3009,38.15503],[13.30085,38.15488],[13.30068,38.15493],[13.30061,38.15479],[13.30032,38.1548],[13.29963,38.15482],[13.29986,38.15416],[13.28546,38.15399],[13.2782,38.1577],[13.2711,38.15586],[13.26259,38.15969],[13.26247,38.16005],[13.26185,38.16063],[13.26108,38.16096],[13.26023,38.16148],[13.25924,38.16233],[13.2584,38.16323],[13.25797,38.16438],[13.25767,38.16533],[13.2569,38.16641],[13.25639,38.16723],[13.2561,38.16738],[13.25584,38.16771],[13.25565,38.16791],[13.25568,38.16819],[13.2558,38.1685],[13.25593,38.16873],[13.25616,38.16898],[13.25622,38.16905],[13.25659,38.16915],[13.25724,38.16919],[13.25817,38.16924],[13.2587,38.16931],[13.26004,38.16933],[13.26107,38.1694],[13.26236,38.16952],[13.26348,38.16963],[13.26388,38.16975],[13.26432,38.17025],[13.2645,38.1708],[13.26472,38.17124],[13.26514,38.17166],[13.26593,38.17221],[13.26676,38.17283],[13.26737,38.17325],[13.26777,38.17376],[13.26841,38.17395],[13.26866,38.17432],[13.26881,38.17476],[13.2692,38.17514],[13.2697,38.17525],[13.27012,38.17558],[13.27038,38.17586],[13.27072,38.17621],[13.27119,38.17654],[13.27155,38.17683],[13.27157,38.17703],[13.27786,38.17022],[13.28909,38.16875],[13.28935,38.16829],[13.28956,38.16775],[13.28968,38.16729],[13.28963,38.16722],[13.28985,38.16727],[13.29004,38.16729],[13.29021,38.16727],[13.29068,38.16728],[13.29085,38.16726],[13.29091,38.16722],[13.29107,38.16717],[13.29135,38.16713],[13.2918,38.16708],[13.29202,38.16708],[13.29249,38.167],[13.29258,38.16691],[13.293,38.16685],[13.29319,38.16685],[13.29342,38.16679],[13.29367,38.16673],[13.29392,38.16658],[13.29417,38.1665],[13.29423,38.1665],[13.29454,38.16643],[13.29468,38.16639],[13.29493,38.16635],[13.29562,38.16636],[13.29573,38.16645],[13.29592,38.16661],[13.29607,38.16668],[13.29636,38.16671],[13.29646,38.16679],[13.29656,38.16686],[13.29678,38.16698],[13.29702,38.16709],[13.29718,38.16721],[13.29732,38.1674],[13.29742,38.16753],[13.29791,38.1681],[13.29775,38.1684],[13.29852,38.169],[13.2988,38.16922],[13.29912,38.16945],[13.29921,38.16936],[13.29938,38.16919],[13.29969,38.16966],[13.2998,38.16981],[13.30004,38.16995],[13.30019,38.16996],[13.30036,38.17005],[13.30051,38.17011],[13.30073,38.17022],[13.30114,38.17042],[13.30143,38.17056],[13.30177,38.17109],[13.30307,38.17179],[13.3031,38.17223],[13.3037,38.17255],[13.304,38.17226],[13.30414,38.17213],[13.30447,38.17181],[13.30468,38.17161],[13.30491,38.17136],[13.30513,38.17112],[13.30538,38.17087],[13.30544,38.17079],[13.3056,38.17063],[13.30583,38.17039],[13.30607,38.17013],[13.30619,38.17],[13.30704,38.17049],[13.30797,38.17101],[13.3083,38.17121],[13.30851,38.17132],[13.30908,38.17165],[13.30929,38.17177],[13.30976,38.17205],[13.31051,38.17249],[13.31096,38.17275],[13.31169,38.1732],[13.31199,38.17316],[13.31279,38.17217],[13.31363,38.17114],[13.31396,38.17071],[13.31418,38.17042],[13.31437,38.17016],[13.31456,38.16992],[13.31462,38.16985],[13.31495,38.16941],[13.31511,38.1692],[13.31536,38.16888],[13.31575,38.16838],[13.31621,38.16778],[13.31683,38.16699],[13.31694,38.16685],[13.31719,38.16652],[13.31756,38.16604],[13.31794,38.16546],[13.31806,38.16525],[13.31834,38.16488],[13.31863,38.16458],[13.31881,38.16444],[13.31892,38.16437],[13.31897,38.16439],[13.31893,38.16422],[13.31906,38.16424],[13.31976,38.16433],[13.32063,38.16443],[13.32154,38.16451],[13.32293,38.16466],[13.32316,38.16469],[13.32392,38.16476],[13.32441,38.1648],[13.32485,38.16485],[13.32548,38.1649],[13.3259,38.16493],[13.3262,38.16473],[13.32623,38.16462],[13.32627,38.16448],[13.32646,38.16384],[13.32648,38.16377],[13.32657,38.16346],[13.32664,38.16322],[13.32676,38.16283],[13.32685,38.16253],[13.32692,38.16229],[13.327,38.16202],[13.32784,38.1624],[13.32865,38.16275],[13.32945,38.16322],[13.32988,38.16344],[13.33005,38.1635],[13.33023,38.16359],[13.33082,38.16385],[13.33103,38.16395],[13.33124,38.16405],[13.33165,38.16423],[13.33201,38.16415],[13.3324,38.16439],[13.33185,38.16515],[13.33234,38.16531],[13.33296,38.1655],[13.33351,38.16565],[13.33398,38.165],[13.33449,38.1652],[13.33495,38.16537],[13.33525,38.16489],[13.33529,38.16483],[13.3356,38.16495],[13.33938,38.16644],[13.33958,38.16652],[13.33994,38.1667],[13.34003,38.16677],[13.34023,38.16698],[13.3406,38.16719],[13.3406,38.16729],[13.34071,38.16735],[13.34082,38.16751],[13.34103,38.16751],[13.34128,38.16746],[13.34156,38.16746],[13.3417,38.16745],[13.34216,38.16749],[13.3424,38.16747],[13.34251,38.16756],[13.34256,38.16759],[13.34272,38.1678],[13.34282,38.16793],[13.34304,38.16796],[13.34324,38.16805],[13.34523,38.16891],[13.34683,38.16971],[13.34846,38.1707],[13.34866,38.1705],[13.34869,38.17029],[13.34865,38.17007],[13.34841,38.16965],[13.34815,38.16931],[13.34779,38.169],[13.34554,38.16763],[13.34512,38.16734],[13.34478,38.16699],[13.34457,38.16668],[13.34447,38.16636],[13.34447,38.1661],[13.34456,38.16583],[13.34483,38.16541],[13.34521,38.16514],[13.34563,38.16487],[13.34591,38.16468],[13.34607,38.16452],[13.34609,38.16433],[13.34607,38.16371],[13.34604,38.16339],[13.3459,38.16288],[13.34586,38.16267],[13.34585,38.16232],[13.34588,38.16206],[13.34595,38.16178],[13.34628,38.16138],[13.34647,38.16128],[13.34663,38.16115],[13.34668,38.16097],[13.34667,38.1606],[13.34661,38.16037],[13.34656,38.16014],[13.34663,38.16001],[13.34684,38.1599],[13.34741,38.15982],[13.34794,38.15982],[13.3486,38.15979],[13.34905,38.15965],[13.34919,38.15952],[13.34928,38.15924],[13.34925,38.15908],[13.34907,38.15892],[13.34907,38.15884],[13.34897,38.1588],[13.34883,38.15878],[13.34874,38.15862],[13.34874,38.15851],[13.34876,38.15841],[13.34871,38.15818],[13.34866,38.15806],[13.34848,38.15785],[13.3485,38.15777],[13.3487,38.1577],[13.34871,38.15749],[13.34865,38.15729],[13.3486,38.15714],[13.34869,38.15691],[13.34887,38.15672],[13.34901,38.1566],[13.3492,38.15634],[13.34935,38.15618],[13.34963,38.15605],[13.34968,38.15602],[13.35008,38.15605],[13.3511,38.15606],[13.3514,38.15595],[13.35173,38.1558],[13.35185,38.15568],[13.35187,38.1555],[13.3519,38.15533],[13.352,38.15522],[13.35227,38.15494],[13.35233,38.15487],[13.35235,38.15474],[13.3525,38.15462],[13.35258,38.15454],[13.35257,38.15447],[13.35266,38.15438],[13.35287,38.1543],[13.35318,38.15407],[13.35335,38.15406],[13.35342,38.15412],[13.3535,38.15417],[13.35357,38.15437],[13.35361,38.15452],[13.3536,38.15472],[13.3537,38.15488],[13.35392,38.15497],[13.35413,38.15495],[13.35426,38.155],[13.35451,38.15517],[13.35457,38.15515],[13.35467,38.15505],[13.35473,38.15505],[13.35483,38.1551],[13.3549,38.15513],[13.35499,38.15509],[13.35504,38.15504],[13.35505,38.15496],[13.35503,38.15491],[13.35483,38.15483],[13.35439,38.15439],[13.35426,38.15425],[13.35389,38.15398],[13.35277,38.15317],[13.35113,38.1518],[13.35049,38.15132],[13.34983,38.15088],[13.34954,38.1507],[13.34875,38.15017],[13.34867,38.15011],[13.34753,38.14935],[13.34703,38.149],[13.34686,38.14896],[13.34597,38.14838],[13.34574,38.14821],[13.34408,38.14704],[13.34393,38.14691],[13.34384,38.14687],[13.34367,38.14691],[13.34258,38.14717],[13.3406,38.14784],[13.34083,38.14747],[13.33849,38.14659],[13.3381,38.14643],[13.33774,38.1463]]]],"type":"MultiPolygon"}},{"type":"Feature","properties":{"Quartiere":"Zisa","circoscrizione":"V","n_sezioni":145,"totale_pop":33243,"totale_civici":7112,"area_km2":1.6344,"dens_pop":20339.9,"dens_civici":4351.5,"bivar_lbl_modale":"3-3","col_modale":"#3b4994"},"geometry":{"coordinates":[[[[13.33259,38.11311],[13.33219,38.11256],[13.33215,38.1126],[13.33199,38.11268],[13.33191,38.11273],[13.33179,38.11278],[13.33173,38.11286],[13.33163,38.11297],[13.33145,38.11316],[13.33135,38.11321],[13.33125,38.1132],[13.33092,38.11323],[13.33073,38.11329],[13.33031,38.11343],[13.3301,38.11351],[13.32976,38.11358],[13.32946,38.1136],[13.32941,38.11405],[13.32934,38.11459],[13.32927,38.1151],[13.32927,38.11525],[13.32926,38.1153],[13.32921,38.11565],[13.32918,38.11584],[13.32917,38.11598],[13.32911,38.11634],[13.32905,38.11683],[13.32898,38.11741],[13.32894,38.11764],[13.32887,38.1182],[13.3288,38.11887],[13.32879,38.11897],[13.32874,38.11941],[13.32906,38.11939],[13.32949,38.11936],[13.32982,38.11934],[13.33009,38.11932],[13.33014,38.11931],[13.33048,38.11926],[13.33095,38.1192],[13.3313,38.1191],[13.3319,38.11908],[13.33242,38.11899],[13.33312,38.11886],[13.33331,38.11882],[13.33351,38.11885],[13.33388,38.11892],[13.3342,38.11896],[13.33458,38.11904],[13.33495,38.11909],[13.33509,38.11912],[13.3355,38.11918],[13.33593,38.11926],[13.33636,38.1193],[13.33675,38.11933],[13.33708,38.11938],[13.33722,38.1194],[13.33777,38.11947],[13.33846,38.11956],[13.33866,38.11959],[13.33933,38.11973],[13.33934,38.11983],[13.33935,38.11989],[13.33947,38.12002],[13.33968,38.12016],[13.34043,38.12061],[13.3407,38.12079],[13.34049,38.12133],[13.34089,38.12143],[13.342,38.1217],[13.34317,38.12198],[13.34387,38.12215],[13.34461,38.12232],[13.3455,38.12257],[13.34575,38.12262],[13.34616,38.12272],[13.34634,38.12247],[13.34659,38.12225],[13.34677,38.12217],[13.34701,38.12197],[13.34705,38.12179],[13.34754,38.12164],[13.34768,38.12153],[13.34786,38.12145],[13.34819,38.12131],[13.34821,38.12122],[13.34824,38.12108],[13.3488,38.12094],[13.34902,38.12071],[13.34913,38.12058],[13.34926,38.12042],[13.34933,38.12033],[13.34947,38.12016],[13.3495,38.12007],[13.34963,38.11973],[13.34987,38.11976],[13.3502,38.1198],[13.35077,38.11987],[13.35081,38.11953],[13.35084,38.11925],[13.35089,38.11898],[13.35094,38.11887],[13.35093,38.11858],[13.35093,38.11813],[13.35094,38.11799],[13.35092,38.11789],[13.35093,38.11775],[13.35093,38.11757],[13.35084,38.11734],[13.35081,38.11722],[13.35072,38.11696],[13.35065,38.11672],[13.35094,38.11626],[13.35102,38.11616],[13.35131,38.11575],[13.35143,38.11555],[13.35156,38.11534],[13.35174,38.11504],[13.35186,38.11483],[13.35198,38.11466],[13.3519,38.11465],[13.35142,38.11454],[13.35071,38.11434],[13.35022,38.11423],[13.34996,38.11417],[13.34943,38.11396],[13.34877,38.11382],[13.34841,38.11346],[13.3483,38.11331],[13.34813,38.11344],[13.34792,38.11361],[13.34771,38.1135],[13.34744,38.11344],[13.34707,38.11329],[13.34738,38.11275],[13.34735,38.11245],[13.34735,38.1119],[13.3471,38.1119],[13.34666,38.1119],[13.34643,38.11185],[13.34613,38.11178],[13.34578,38.1118],[13.34543,38.11174],[13.34542,38.11183],[13.3454,38.11197],[13.34532,38.11215],[13.34511,38.11247],[13.34494,38.11252],[13.34485,38.11256],[13.34478,38.11258],[13.34458,38.11263],[13.3445,38.11265],[13.34422,38.11269],[13.34396,38.11265],[13.3437,38.11254],[13.34343,38.11243],[13.34341,38.11232],[13.34323,38.11225],[13.343,38.11217],[13.34291,38.11214],[13.34182,38.11189],[13.34147,38.11181],[13.34123,38.11176],[13.34106,38.11171],[13.34062,38.11169],[13.3405,38.11169],[13.34025,38.11165],[13.34004,38.11164],[13.34024,38.11175],[13.34038,38.11196],[13.3405,38.11203],[13.34062,38.11217],[13.34068,38.11225],[13.34014,38.11212],[13.33979,38.1131],[13.33945,38.11299],[13.33921,38.11292],[13.33896,38.11283],[13.33869,38.11277],[13.33785,38.11257],[13.33777,38.11217],[13.33754,38.1122],[13.33696,38.11229],[13.33666,38.11232],[13.33638,38.11244],[13.33611,38.11242],[13.33536,38.1124],[13.33507,38.11238],[13.33462,38.11236],[13.3341,38.11233],[13.33379,38.11247],[13.33362,38.11258],[13.33332,38.11273],[13.33302,38.11287],[13.33259,38.11311]]]],"type":"MultiPolygon"}},{"type":"Feature","properties":{"Quartiere":"Oreto - Stazione","circoscrizione":"III","n_sezioni":197,"totale_pop":39041,"totale_civici":8969,"area_km2":2.8697,"dens_pop":13604.4,"dens_civici":3125.4,"bivar_lbl_modale":"3-3","col_modale":"#3b4994"},"geometry":{"coordinates":[[[[13.37442,38.10598],[13.37388,38.10537],[13.37355,38.10507],[13.37346,38.10498],[13.3734,38.10492],[13.37334,38.10487],[13.3733,38.10479],[13.37361,38.10459],[13.3741,38.10426],[13.37417,38.1042],[13.37436,38.10403],[13.37446,38.10393],[13.37451,38.10389],[13.37488,38.10343],[13.3751,38.10299],[13.37525,38.10242],[13.37519,38.1019],[13.37489,38.10116],[13.37433,38.10027],[13.3738,38.09946],[13.37309,38.09892],[13.373,38.09885],[13.3725,38.0986],[13.37275,38.09822],[13.37293,38.0982],[13.37428,38.09815],[13.37431,38.09809],[13.37458,38.09769],[13.37466,38.09756],[13.37476,38.09742],[13.37539,38.09666],[13.37606,38.09585],[13.3762,38.0958],[13.37675,38.09556],[13.37779,38.09513],[13.37835,38.09487],[13.37815,38.09446],[13.37788,38.09407],[13.37764,38.09385],[13.3775,38.09384],[13.37841,38.09171],[13.37782,38.09183],[13.37699,38.09204],[13.37681,38.09207],[13.37646,38.09179],[13.37566,38.09116],[13.37533,38.09094],[13.37482,38.09069],[13.37455,38.09053],[13.37423,38.09035],[13.37403,38.09067],[13.37371,38.09124],[13.37344,38.09172],[13.37312,38.09213],[13.37282,38.09251],[13.37244,38.0929],[13.37201,38.09333],[13.37123,38.09462],[13.37077,38.09585],[13.37061,38.09636],[13.37057,38.09646],[13.36964,38.0959],[13.36878,38.09536],[13.36729,38.09443],[13.36715,38.09435],[13.36711,38.09432],[13.36704,38.09428],[13.36655,38.09404],[13.36637,38.09394],[13.36583,38.09394],[13.36546,38.09444],[13.3652,38.09481],[13.3651,38.09475],[13.3647,38.09539],[13.36442,38.09577],[13.36431,38.09572],[13.36403,38.09559],[13.36364,38.09543],[13.36311,38.09628],[13.36229,38.09762],[13.36297,38.09762],[13.36379,38.09772],[13.36433,38.09788],[13.36488,38.0981],[13.36538,38.09827],[13.36575,38.09843],[13.36609,38.09848],[13.36623,38.09851],[13.36633,38.09866],[13.36607,38.09878],[13.36607,38.09887],[13.36763,38.09919],[13.36693,38.09958],[13.36692,38.09955],[13.36687,38.09951],[13.36677,38.09946],[13.36662,38.09937],[13.36648,38.09927],[13.36623,38.09911],[13.36592,38.09891],[13.36544,38.09863],[13.3653,38.09855],[13.36504,38.09844],[13.3649,38.09842],[13.36466,38.09836],[13.36454,38.09836],[13.36396,38.09827],[13.36364,38.09824],[13.36349,38.09823],[13.36302,38.09825],[13.36271,38.09824],[13.36249,38.09828],[13.36238,38.09828],[13.36209,38.09832],[13.36197,38.09829],[13.36187,38.09824],[13.36159,38.09804],[13.36144,38.09771],[13.36107,38.0973],[13.36088,38.09755],[13.36027,38.09809],[13.35966,38.09772],[13.35952,38.09763],[13.35935,38.09743],[13.35923,38.0975],[13.35891,38.09732],[13.35867,38.09758],[13.35811,38.09826],[13.35833,38.0987],[13.35804,38.09908],[13.35908,38.09998],[13.35934,38.10017],[13.36046,38.101],[13.36073,38.1012],[13.36121,38.10156],[13.36151,38.10188],[13.36163,38.10194],[13.36174,38.10217],[13.36192,38.1025],[13.36133,38.10288],[13.36053,38.10346],[13.35854,38.10513],[13.35815,38.10546],[13.35745,38.10605],[13.35718,38.10631],[13.35599,38.10735],[13.35556,38.10762],[13.35515,38.10781],[13.35544,38.10793],[13.35635,38.1081],[13.3566,38.10819],[13.35738,38.10841],[13.35802,38.10858],[13.35856,38.10864],[13.35907,38.10874],[13.35929,38.10881],[13.35979,38.10892],[13.36056,38.10904],[13.36077,38.10908],[13.36136,38.10915],[13.36159,38.10915],[13.36176,38.10918],[13.36191,38.10922],[13.36195,38.10923],[13.36233,38.10937],[13.3627,38.1095],[13.3631,38.10963],[13.36335,38.10971],[13.3635,38.10974],[13.36389,38.1098],[13.36402,38.10982],[13.36457,38.10992],[13.36514,38.11003],[13.36551,38.11018],[13.36588,38.11037],[13.36606,38.11046],[13.36657,38.11062],[13.36704,38.11092],[13.36714,38.11097],[13.36729,38.11103],[13.36752,38.11114],[13.36834,38.11154],[13.36918,38.11192],[13.36975,38.11218],[13.37043,38.1125],[13.37053,38.11255],[13.37113,38.11285],[13.37162,38.11307],[13.37357,38.11399],[13.37402,38.1142],[13.37427,38.11431],[13.37456,38.11445],[13.37628,38.11524],[13.37678,38.11546],[13.37705,38.11558],[13.37726,38.11573],[13.37762,38.11588],[13.37792,38.11567],[13.37894,38.11429],[13.37926,38.11423],[13.37978,38.1136],[13.37963,38.11354],[13.37919,38.11409],[13.37898,38.11412],[13.3788,38.11398],[13.37911,38.11339],[13.37847,38.1132],[13.37831,38.11314],[13.37855,38.11263],[13.37884,38.11263],[13.37948,38.11286],[13.37955,38.11276],[13.3794,38.11263],[13.37962,38.11244],[13.37972,38.11222],[13.38002,38.11198],[13.38031,38.11182],[13.38046,38.11163],[13.38066,38.1115],[13.38074,38.11134],[13.38088,38.11124],[13.38095,38.11106],[13.38105,38.11091],[13.38126,38.11071],[13.38061,38.11058],[13.38022,38.11042],[13.37971,38.11009],[13.37931,38.10981],[13.37906,38.10962],[13.379,38.10958],[13.37858,38.10927],[13.37829,38.1091],[13.37701,38.10834],[13.37692,38.10827],[13.37678,38.10817],[13.37662,38.10804],[13.37638,38.10784],[13.37587,38.10745],[13.3756,38.10724],[13.37548,38.10712],[13.37522,38.10685],[13.37442,38.10598]]]],"type":"MultiPolygon"}},{"type":"Feature","properties":{"Quartiere":"Cruillas - S.Giovanni Apostolo","circoscrizione":"VI","n_sezioni":56,"totale_pop":30335,"totale_civici":5003,"area_km2":10.6609,"dens_pop":2845.4,"dens_civici":469.3,"bivar_lbl_modale":"1-1","col_modale":"#e8e8e8"},"geometry":{"coordinates":[[[[13.30519,38.13206],[13.30471,38.13212],[13.30405,38.13228],[13.30371,38.13213],[13.30346,38.13207],[13.30328,38.13203],[13.30315,38.132],[13.30302,38.13206],[13.30287,38.13208],[13.30255,38.13226],[13.30235,38.13267],[13.29926,38.13623],[13.29809,38.13764],[13.29796,38.13779],[13.29788,38.13789],[13.29755,38.13827],[13.29749,38.13834],[13.29738,38.13849],[13.29725,38.13865],[13.29703,38.13892],[13.29655,38.13911],[13.29629,38.13919],[13.2962,38.13925],[13.2961,38.13934],[13.29598,38.13984],[13.29596,38.13997],[13.29578,38.14122],[13.29537,38.14115],[13.29492,38.14114],[13.29486,38.14114],[13.29408,38.14118],[13.28899,38.14113],[13.28563,38.14111],[13.27303,38.14507],[13.26266,38.14184],[13.25474,38.13946],[13.25489,38.13953],[13.25563,38.14],[13.25588,38.14045],[13.25595,38.14109],[13.25615,38.14163],[13.25667,38.14231],[13.25724,38.14296],[13.25821,38.14371],[13.25934,38.14451],[13.26024,38.14526],[13.26064,38.14625],[13.26105,38.14714],[13.26194,38.14776],[13.26278,38.14877],[13.26335,38.14946],[13.26377,38.14991],[13.26462,38.15005],[13.2647,38.1502],[13.26478,38.15035],[13.26449,38.15091],[13.26464,38.15131],[13.26489,38.15168],[13.26511,38.15216],[13.26499,38.15252],[13.26449,38.1524],[13.26391,38.1521],[13.26368,38.15273],[13.26357,38.15311],[13.26345,38.15349],[13.26364,38.15472],[13.26347,38.15526],[13.26319,38.15624],[13.26285,38.15737],[13.26253,38.15853],[13.26265,38.15952],[13.26261,38.15963],[13.26259,38.15969],[13.2711,38.15586],[13.2782,38.1577],[13.28546,38.15399],[13.29986,38.15416],[13.29963,38.15482],[13.30032,38.1548],[13.30061,38.15479],[13.30068,38.15493],[13.30085,38.15488],[13.3009,38.15503],[13.30072,38.15516],[13.30182,38.15592],[13.30204,38.1556],[13.30179,38.15535],[13.30237,38.15495],[13.30203,38.15476],[13.30203,38.15458],[13.30229,38.15459],[13.30347,38.15433],[13.30361,38.15441],[13.30411,38.15445],[13.30458,38.15435],[13.30489,38.15399],[13.30476,38.1536],[13.30424,38.15338],[13.3042,38.15319],[13.3044,38.15308],[13.30491,38.1533],[13.30515,38.15352],[13.30531,38.15382],[13.30512,38.15417],[13.3046,38.15473],[13.30426,38.15469],[13.30385,38.15462],[13.30387,38.15478],[13.30389,38.1549],[13.30381,38.15521],[13.30471,38.15544],[13.30449,38.15579],[13.30406,38.15632],[13.30436,38.15676],[13.30445,38.1568],[13.30491,38.15702],[13.30515,38.15709],[13.30518,38.15705],[13.30542,38.15677],[13.30781,38.15769],[13.30931,38.1583],[13.30953,38.15812],[13.30969,38.15799],[13.31018,38.1579],[13.31107,38.15824],[13.31146,38.1585],[13.31334,38.15925],[13.31357,38.15906],[13.31365,38.159],[13.31384,38.15885],[13.31394,38.15876],[13.31417,38.15858],[13.31428,38.15849],[13.31443,38.15837],[13.31455,38.15827],[13.31531,38.15766],[13.31602,38.15708],[13.31702,38.15627],[13.31812,38.15539],[13.31904,38.15464],[13.31963,38.15416],[13.3202,38.15369],[13.32031,38.15361],[13.32114,38.15293],[13.32203,38.15219],[13.32274,38.15161],[13.32321,38.15122],[13.32434,38.15027],[13.32452,38.15011],[13.32562,38.14921],[13.32606,38.14898],[13.3263,38.14887],[13.32605,38.14882],[13.3258,38.14877],[13.32542,38.1487],[13.32598,38.14805],[13.32615,38.14785],[13.32657,38.14735],[13.32672,38.14717],[13.32712,38.14668],[13.32708,38.14644],[13.32719,38.14611],[13.32735,38.14586],[13.3275,38.14566],[13.32783,38.14515],[13.3288,38.14558],[13.32927,38.14512],[13.32981,38.14451],[13.33044,38.1444],[13.33095,38.14382],[13.33128,38.14325],[13.33142,38.14287],[13.33151,38.142],[13.33134,38.14072],[13.33122,38.13983],[13.33058,38.13969],[13.33019,38.1396],[13.32859,38.1393],[13.32618,38.13868],[13.32561,38.13859],[13.32353,38.13808],[13.32268,38.13788],[13.32152,38.13759],[13.32097,38.13746],[13.31947,38.1371],[13.31912,38.13704],[13.31893,38.137],[13.31837,38.13688],[13.31816,38.13682],[13.31769,38.13668],[13.31737,38.13655],[13.31705,38.13642],[13.31581,38.13592],[13.31535,38.13573],[13.31484,38.13551],[13.31377,38.13505],[13.31297,38.13467],[13.31208,38.13427],[13.31135,38.13396],[13.31101,38.13382],[13.31093,38.13378],[13.3102,38.13347],[13.31016,38.13345],[13.30945,38.13314],[13.30907,38.13298],[13.30798,38.13257],[13.30788,38.13253],[13.30783,38.13251],[13.30735,38.13231],[13.30644,38.13186],[13.30527,38.13204],[13.30519,38.13206]]]],"type":"MultiPolygon"}},{"type":"Feature","properties":{"Quartiere":"Palazzo Reale - Monte di Piet\u00e0","circoscrizione":"I","n_sezioni":304,"totale_pop":14020,"totale_civici":9156,"area_km2":1.1475,"dens_pop":12218.0,"dens_civici":7979.2,"bivar_lbl_modale":"3-3","col_modale":"#3b4994"},"geometry":{"coordinates":[[[[13.35085,38.11144],[13.35105,38.11146],[13.35119,38.11157],[13.35162,38.11171],[13.35174,38.11176],[13.35189,38.11181],[13.35212,38.1119],[13.35225,38.11196],[13.35257,38.11211],[13.35227,38.11258],[13.35223,38.11269],[13.35214,38.11283],[13.35217,38.11291],[13.35221,38.11306],[13.35234,38.11359],[13.35231,38.11395],[13.35226,38.11417],[13.35222,38.11426],[13.35216,38.11437],[13.35198,38.11466],[13.35186,38.11483],[13.35174,38.11504],[13.35156,38.11534],[13.35143,38.11555],[13.35131,38.11575],[13.35102,38.11616],[13.35094,38.11626],[13.35065,38.11672],[13.35072,38.11696],[13.35081,38.11722],[13.35084,38.11734],[13.35093,38.11757],[13.35093,38.11775],[13.35092,38.11789],[13.35094,38.11799],[13.35093,38.11813],[13.35093,38.11858],[13.35094,38.11887],[13.35089,38.11898],[13.35084,38.11925],[13.35146,38.11933],[13.3521,38.11942],[13.35227,38.11944],[13.35249,38.11947],[13.3526,38.11948],[13.3527,38.11946],[13.35294,38.11942],[13.35301,38.11941],[13.3533,38.1194],[13.35346,38.11939],[13.3537,38.1194],[13.35394,38.11942],[13.35415,38.11946],[13.35434,38.11952],[13.35456,38.11958],[13.35534,38.11982],[13.35575,38.11994],[13.35594,38.12001],[13.35619,38.12017],[13.35644,38.12034],[13.35665,38.12049],[13.35687,38.12064],[13.35696,38.1207],[13.35709,38.1208],[13.35734,38.12095],[13.35784,38.12114],[13.35803,38.12086],[13.35824,38.12051],[13.35852,38.12014],[13.35856,38.12006],[13.35861,38.12],[13.35881,38.11967],[13.35891,38.11952],[13.35901,38.11938],[13.35909,38.11925],[13.35918,38.11912],[13.35926,38.11899],[13.35947,38.11868],[13.35965,38.11839],[13.35984,38.11811],[13.35994,38.11795],[13.36001,38.11785],[13.3601,38.11772],[13.36019,38.11758],[13.36027,38.11746],[13.36035,38.11733],[13.36051,38.11723],[13.36067,38.11684],[13.36142,38.11567],[13.36149,38.11557],[13.36158,38.11544],[13.36164,38.11534],[13.36178,38.11512],[13.36185,38.11502],[13.36193,38.11489],[13.36201,38.11476],[13.36216,38.11455],[13.36243,38.11413],[13.36262,38.11384],[13.36298,38.11337],[13.36302,38.11319],[13.36314,38.11305],[13.3635,38.11248],[13.36394,38.11181],[13.36405,38.11164],[13.36413,38.11152],[13.36422,38.11138],[13.36433,38.11122],[13.36438,38.11114],[13.36441,38.1111],[13.36453,38.11091],[13.36472,38.11063],[13.36506,38.11015],[13.36514,38.11003],[13.36457,38.10992],[13.36402,38.10982],[13.36389,38.1098],[13.3635,38.10974],[13.36335,38.10971],[13.3631,38.10963],[13.3627,38.1095],[13.36233,38.10937],[13.36195,38.10923],[13.36191,38.10922],[13.36176,38.10918],[13.36159,38.10915],[13.36136,38.10915],[13.36077,38.10908],[13.36056,38.10904],[13.35979,38.10892],[13.35929,38.10881],[13.35907,38.10874],[13.35856,38.10864],[13.35802,38.10858],[13.35738,38.10841],[13.3566,38.10819],[13.35635,38.1081],[13.35544,38.10793],[13.35515,38.10781],[13.35422,38.10872],[13.35362,38.10934],[13.35335,38.10961],[13.35319,38.1098],[13.35304,38.10995],[13.35298,38.11001],[13.35286,38.11002],[13.35257,38.11002],[13.35177,38.10996],[13.35081,38.10989],[13.35069,38.10975],[13.35063,38.10984],[13.34983,38.11101],[13.35006,38.11109],[13.35018,38.1112],[13.35085,38.11144]]]],"type":"MultiPolygon"}},{"type":"Feature","properties":{"Quartiere":"Pallavicino","circoscrizione":"VII","n_sezioni":57,"totale_pop":25911,"totale_civici":4653,"area_km2":4.8704,"dens_pop":5320.1,"dens_civici":955.4,"bivar_lbl_modale":"1-1","col_modale":"#e8e8e8"},"geometry":{"coordinates":[[[[13.32784,38.1624],[13.327,38.16202],[13.32692,38.16229],[13.32685,38.16253],[13.32676,38.16283],[13.32664,38.16322],[13.32657,38.16346],[13.32648,38.16377],[13.32646,38.16384],[13.32627,38.16448],[13.32623,38.16462],[13.3262,38.16473],[13.3259,38.16493],[13.32548,38.1649],[13.32485,38.16485],[13.32441,38.1648],[13.32392,38.16476],[13.32316,38.16469],[13.32293,38.16466],[13.32154,38.16451],[13.32063,38.16443],[13.31976,38.16433],[13.31906,38.16424],[13.31893,38.16422],[13.31897,38.16439],[13.31892,38.16437],[13.31881,38.16444],[13.31863,38.16458],[13.31834,38.16488],[13.31806,38.16525],[13.31794,38.16546],[13.31756,38.16604],[13.31719,38.16652],[13.31694,38.16685],[13.31683,38.16699],[13.31621,38.16778],[13.31575,38.16838],[13.31536,38.16888],[13.31511,38.1692],[13.31495,38.16941],[13.31462,38.16985],[13.31456,38.16992],[13.31437,38.17016],[13.31418,38.17042],[13.31396,38.17071],[13.31363,38.17114],[13.31279,38.17217],[13.31199,38.17316],[13.31188,38.1733],[13.31171,38.17351],[13.3115,38.17376],[13.3111,38.17424],[13.31107,38.17436],[13.31101,38.17455],[13.31093,38.17479],[13.31088,38.17493],[13.31077,38.17528],[13.31074,38.17536],[13.31066,38.17565],[13.30973,38.1768],[13.30953,38.17704],[13.30906,38.1776],[13.30891,38.17779],[13.30884,38.17787],[13.30856,38.17821],[13.30799,38.1784],[13.3078,38.17853],[13.30767,38.17862],[13.30753,38.17872],[13.30744,38.17878],[13.30714,38.17899],[13.30699,38.17917],[13.30652,38.17953],[13.30615,38.17981],[13.30586,38.18002],[13.30559,38.18022],[13.3052,38.18052],[13.30508,38.18069],[13.30495,38.18084],[13.30476,38.18113],[13.30466,38.18129],[13.30456,38.1817],[13.30449,38.18196],[13.30442,38.18219],[13.30439,38.18231],[13.3043,38.18253],[13.30422,38.18273],[13.30424,38.18293],[13.30425,38.18311],[13.30425,38.18321],[13.30432,38.18329],[13.30446,38.18343],[13.30462,38.18351],[13.30484,38.18361],[13.30494,38.18363],[13.3051,38.18366],[13.30536,38.1837],[13.30543,38.18376],[13.30554,38.18386],[13.3058,38.1841],[13.30591,38.1842],[13.30605,38.18438],[13.30622,38.1845],[13.30647,38.18481],[13.30663,38.18531],[13.30686,38.18586],[13.30697,38.18621],[13.30709,38.18624],[13.30723,38.1863],[13.30732,38.18636],[13.30744,38.18651],[13.30751,38.18659],[13.30765,38.18667],[13.30779,38.18674],[13.308,38.18671],[13.3081,38.1867],[13.30826,38.18658],[13.30839,38.18645],[13.30845,38.18638],[13.30871,38.18606],[13.30891,38.18586],[13.30907,38.18567],[13.30925,38.18546],[13.30941,38.18523],[13.30975,38.18541],[13.31005,38.18545],[13.31037,38.18554],[13.31065,38.18583],[13.3109,38.18597],[13.31136,38.18593],[13.31175,38.18581],[13.31214,38.18575],[13.31256,38.18571],[13.31284,38.18564],[13.31302,38.18541],[13.31315,38.18521],[13.31399,38.18534],[13.31451,38.18548],[13.31501,38.18557],[13.31535,38.18549],[13.3159,38.1846],[13.31617,38.18416],[13.31638,38.1842],[13.31669,38.18426],[13.31689,38.18434],[13.31704,38.1844],[13.31809,38.18285],[13.31816,38.18275],[13.31883,38.18178],[13.31926,38.18115],[13.31929,38.18111],[13.31993,38.18029],[13.32006,38.18019],[13.3208,38.18094],[13.32165,38.18167],[13.32511,38.18296],[13.32511,38.18285],[13.32498,38.1827],[13.32488,38.18257],[13.32491,38.18242],[13.32494,38.18225],[13.32493,38.18212],[13.32497,38.18197],[13.32503,38.18174],[13.32511,38.18142],[13.32522,38.18095],[13.3253,38.1806],[13.32536,38.18036],[13.32535,38.18027],[13.32532,38.18011],[13.32528,38.17996],[13.32525,38.17981],[13.32524,38.17962],[13.32521,38.17942],[13.32524,38.17924],[13.32529,38.17898],[13.3255,38.17828],[13.32557,38.17803],[13.32572,38.17753],[13.32574,38.17739],[13.32597,38.17746],[13.32655,38.17755],[13.32885,38.17841],[13.32838,38.17971],[13.32968,38.18013],[13.32978,38.1808],[13.32974,38.18119],[13.32961,38.18163],[13.33037,38.18181],[13.33004,38.18257],[13.33019,38.18259],[13.33055,38.18265],[13.33104,38.18273],[13.33133,38.18278],[13.3315,38.18281],[13.33199,38.18288],[13.33251,38.18296],[13.33259,38.18297],[13.33265,38.18313],[13.3328,38.18329],[13.33295,38.1834],[13.33314,38.18339],[13.33348,38.18338],[13.33385,38.18338],[13.334,38.18339],[13.334,38.18322],[13.33435,38.18333],[13.33437,38.18286],[13.33432,38.18251],[13.33414,38.18239],[13.33416,38.18175],[13.3342,38.18163],[13.33431,38.18132],[13.33489,38.17969],[13.33528,38.17859],[13.33714,38.17926],[13.33706,38.1791],[13.33703,38.17892],[13.33708,38.17872],[13.33721,38.1786],[13.33726,38.17853],[13.33726,38.17846],[13.33726,38.178],[13.33728,38.17776],[13.33736,38.1774],[13.33743,38.17703],[13.33749,38.17686],[13.33761,38.17657],[13.3377,38.17647],[13.33779,38.17634],[13.33793,38.17626],[13.33795,38.17616],[13.33804,38.17595],[13.33819,38.17579],[13.33824,38.1756],[13.33828,38.17544],[13.33831,38.17508],[13.33835,38.17494],[13.33837,38.17483],[13.33837,38.17469],[13.33846,38.17444],[13.33848,38.17427],[13.33857,38.17411],[13.33858,38.17399],[13.33865,38.17391],[13.33872,38.17372],[13.33888,38.17356],[13.33896,38.17345],[13.3391,38.17331],[13.3393,38.17327],[13.33942,38.17327],[13.33969,38.17315],[13.33982,38.17305],[13.34004,38.1729],[13.34032,38.17292],[13.34054,38.17287],[13.34058,38.17263],[13.34043,38.17257],[13.34029,38.17249],[13.34015,38.1724],[13.33998,38.17224],[13.33988,38.17209],[13.33985,38.17192],[13.33995,38.17171],[13.33997,38.17154],[13.34011,38.17138],[13.34066,38.17162],[13.34072,38.17156],[13.34065,38.17144],[13.34066,38.17135],[13.34062,38.17122],[13.34063,38.17102],[13.34054,38.17095],[13.34046,38.17069],[13.34049,38.1703],[13.34054,38.17017],[13.34071,38.16994],[13.34082,38.16985],[13.34099,38.16974],[13.3413,38.16945],[13.3414,38.16917],[13.34139,38.16898],[13.34168,38.16836],[13.34183,38.16808],[13.34225,38.16839],[13.34263,38.16857],[13.34292,38.16869],[13.34311,38.16873],[13.34339,38.16875],[13.34364,38.16883],[13.34392,38.16901],[13.34425,38.16925],[13.3445,38.16935],[13.34534,38.1697],[13.3458,38.1699],[13.34691,38.17053],[13.34719,38.17073],[13.34757,38.17087],[13.34802,38.17094],[13.34825,38.17093],[13.34851,38.17081],[13.34856,38.17076],[13.34846,38.1707],[13.34683,38.16971],[13.34523,38.16891],[13.34324,38.16805],[13.34304,38.16796],[13.34282,38.16793],[13.34272,38.1678],[13.34256,38.16759],[13.34251,38.16756],[13.3424,38.16747],[13.34216,38.16749],[13.3417,38.16745],[13.34156,38.16746],[13.34128,38.16746],[13.34103,38.16751],[13.34082,38.16751],[13.34071,38.16735],[13.3406,38.16729],[13.3406,38.16719],[13.34023,38.16698],[13.34003,38.16677],[13.33994,38.1667],[13.33958,38.16652],[13.33938,38.16644],[13.3356,38.16495],[13.33529,38.16483],[13.33525,38.16489],[13.33495,38.16537],[13.33449,38.1652],[13.33398,38.165],[13.33351,38.16565],[13.33296,38.1655],[13.33234,38.16531],[13.33185,38.16515],[13.3324,38.16439],[13.33201,38.16415],[13.33165,38.16423],[13.33124,38.16405],[13.33103,38.16395],[13.33082,38.16385],[13.33023,38.16359],[13.33005,38.1635],[13.32988,38.16344],[13.32945,38.16322],[13.32865,38.16275],[13.32784,38.1624]]]],"type":"MultiPolygon"}},{"type":"Feature","properties":{"Quartiere":"Tommaso Natale - Sferracavallo","circoscrizione":"VII","n_sezioni":57,"totale_pop":22087,"totale_civici":7310,"area_km2":9.1107,"dens_pop":2424.3,"dens_civici":802.3,"bivar_lbl_modale":"1-1","col_modale":"#e8e8e8"},"geometry":{"coordinates":[[[[13.30559,38.18022],[13.30586,38.18002],[13.30615,38.17981],[13.30652,38.17953],[13.30699,38.17917],[13.30714,38.17899],[13.30744,38.17878],[13.30753,38.17872],[13.30767,38.17862],[13.3078,38.17853],[13.30799,38.1784],[13.30856,38.17821],[13.30884,38.17787],[13.30891,38.17779],[13.30906,38.1776],[13.30953,38.17704],[13.30973,38.1768],[13.31066,38.17565],[13.31074,38.17536],[13.31077,38.17528],[13.31088,38.17493],[13.31093,38.17479],[13.31101,38.17455],[13.31107,38.17436],[13.3111,38.17424],[13.3115,38.17376],[13.31171,38.17351],[13.31188,38.1733],[13.31199,38.17316],[13.31169,38.1732],[13.31096,38.17275],[13.31051,38.17249],[13.30976,38.17205],[13.30929,38.17177],[13.30908,38.17165],[13.30851,38.17132],[13.3083,38.17121],[13.30797,38.17101],[13.30704,38.17049],[13.30619,38.17],[13.30607,38.17013],[13.30583,38.17039],[13.3056,38.17063],[13.30544,38.17079],[13.30538,38.17087],[13.30513,38.17112],[13.30491,38.17136],[13.30468,38.17161],[13.30447,38.17181],[13.30414,38.17213],[13.304,38.17226],[13.3037,38.17255],[13.3031,38.17223],[13.30307,38.17179],[13.30177,38.17109],[13.30143,38.17056],[13.30114,38.17042],[13.30073,38.17022],[13.30051,38.17011],[13.30036,38.17005],[13.30019,38.16996],[13.30004,38.16995],[13.2998,38.16981],[13.29969,38.16966],[13.29938,38.16919],[13.29921,38.16936],[13.29912,38.16945],[13.2988,38.16922],[13.29852,38.169],[13.29775,38.1684],[13.29791,38.1681],[13.29742,38.16753],[13.29732,38.1674],[13.29718,38.16721],[13.29702,38.16709],[13.29678,38.16698],[13.29656,38.16686],[13.29646,38.16679],[13.29636,38.16671],[13.29607,38.16668],[13.29592,38.16661],[13.29573,38.16645],[13.29562,38.16636],[13.29493,38.16635],[13.29468,38.16639],[13.29454,38.16643],[13.29423,38.1665],[13.29417,38.1665],[13.29392,38.16658],[13.29367,38.16673],[13.29342,38.16679],[13.29319,38.16685],[13.293,38.16685],[13.29258,38.16691],[13.29249,38.167],[13.29202,38.16708],[13.2918,38.16708],[13.29135,38.16713],[13.29107,38.16717],[13.29091,38.16722],[13.29085,38.16726],[13.29068,38.16728],[13.29021,38.16727],[13.29004,38.16729],[13.28985,38.16727],[13.28963,38.16722],[13.28968,38.16729],[13.28956,38.16775],[13.28935,38.16829],[13.28909,38.16875],[13.27786,38.17022],[13.27157,38.17703],[13.2716,38.17718],[13.27093,38.17801],[13.2706,38.17864],[13.27033,38.17943],[13.2702,38.18001],[13.26989,38.18093],[13.26972,38.18167],[13.26947,38.18263],[13.26949,38.18328],[13.26952,38.18367],[13.27058,38.18368],[13.27148,38.18371],[13.27213,38.18376],[13.27283,38.18399],[13.27344,38.1843],[13.27391,38.18452],[13.27467,38.18499],[13.2753,38.1854],[13.27599,38.18607],[13.27569,38.18654],[13.27525,38.18696],[13.2749,38.18711],[13.27445,38.18717],[13.2741,38.18735],[13.27381,38.18788],[13.27386,38.1881],[13.27387,38.18817],[13.27415,38.18857],[13.27391,38.18903],[13.27379,38.18926],[13.27342,38.18948],[13.27323,38.1896],[13.27288,38.1898],[13.27246,38.18998],[13.27292,38.19065],[13.2734,38.19085],[13.27375,38.19106],[13.27395,38.19152],[13.27426,38.19192],[13.27419,38.19227],[13.27382,38.19244],[13.27372,38.19264],[13.27345,38.19315],[13.27335,38.19327],[13.2731,38.19356],[13.27332,38.1937],[13.27322,38.1941],[13.27294,38.1946],[13.27261,38.19553],[13.27232,38.19598],[13.27228,38.19605],[13.27159,38.19672],[13.27088,38.19767],[13.27003,38.19852],[13.26963,38.19888],[13.26948,38.19902],[13.26877,38.19934],[13.26868,38.19938],[13.26844,38.19949],[13.26743,38.19946],[13.26615,38.19932],[13.26497,38.19921],[13.26428,38.19904],[13.26357,38.19898],[13.26258,38.19888],[13.26103,38.1992],[13.25993,38.19963],[13.25909,38.19972],[13.25899,38.19968],[13.25871,38.19957],[13.2587,38.19963],[13.25864,38.19979],[13.25851,38.20017],[13.2585,38.20088],[13.2585,38.201],[13.25868,38.20109],[13.25872,38.20106],[13.25885,38.20108],[13.25894,38.20103],[13.25901,38.20095],[13.25909,38.2009],[13.25909,38.20085],[13.2591,38.20077],[13.25913,38.20074],[13.25918,38.20078],[13.25926,38.20078],[13.25934,38.2007],[13.25944,38.20059],[13.2595,38.2005],[13.25955,38.20044],[13.25958,38.20039],[13.25963,38.20035],[13.25969,38.20032],[13.25977,38.20031],[13.25981,38.20028],[13.25982,38.2002],[13.25992,38.20013],[13.26001,38.20009],[13.26004,38.20006],[13.2601,38.19997],[13.26036,38.19986],[13.2605,38.19978],[13.26068,38.19976],[13.26094,38.19976],[13.26109,38.19976],[13.26123,38.19976],[13.2613,38.19976],[13.26144,38.19977],[13.26173,38.19979],[13.26208,38.19977],[13.26231,38.19971],[13.2625,38.19973],[13.26284,38.19975],[13.26286,38.1997],[13.26301,38.1997],[13.26324,38.19974],[13.26363,38.19972],[13.26388,38.1997],[13.26411,38.19969],[13.26432,38.1997],[13.26444,38.19977],[13.2645,38.19984],[13.26494,38.19986],[13.26529,38.19987],[13.26561,38.19998],[13.26587,38.20011],[13.26594,38.20015],[13.26596,38.20027],[13.26607,38.2004],[13.26619,38.20049],[13.26619,38.20058],[13.2663,38.20068],[13.26637,38.20074],[13.2664,38.2009],[13.26644,38.20104],[13.26652,38.20111],[13.2666,38.2011],[13.26665,38.20115],[13.26662,38.2012],[13.26657,38.2013],[13.26655,38.20133],[13.26656,38.20153],[13.2666,38.20158],[13.26666,38.20154],[13.26672,38.2016],[13.26672,38.2017],[13.26674,38.20178],[13.26681,38.20182],[13.26683,38.20189],[13.26683,38.20193],[13.26684,38.20204],[13.26687,38.2021],[13.2669,38.20216],[13.26693,38.20226],[13.2669,38.20246],[13.26682,38.20253],[13.2668,38.20263],[13.26674,38.20281],[13.2667,38.2029],[13.2668,38.20294],[13.26681,38.20303],[13.2668,38.20316],[13.26677,38.20324],[13.26685,38.20326],[13.2669,38.20317],[13.26697,38.20308],[13.26706,38.20304],[13.26721,38.20312],[13.26738,38.20313],[13.26746,38.20323],[13.26765,38.20334],[13.26775,38.2034],[13.26794,38.20345],[13.26813,38.20356],[13.26833,38.20361],[13.26854,38.20358],[13.26868,38.20355],[13.26888,38.20347],[13.26902,38.20338],[13.26916,38.20328],[13.26926,38.20322],[13.26939,38.20316],[13.26951,38.20308],[13.26962,38.203],[13.26973,38.20291],[13.26984,38.20276],[13.26989,38.20267],[13.27,38.20241],[13.27003,38.20224],[13.27005,38.20193],[13.27003,38.20187],[13.26994,38.20187],[13.2699,38.20185],[13.26975,38.20182],[13.26973,38.20169],[13.26976,38.20156],[13.2698,38.20156],[13.26983,38.20158],[13.26987,38.20166],[13.27002,38.20165],[13.26994,38.20149],[13.26975,38.20152],[13.26964,38.20139],[13.26956,38.20109],[13.26956,38.20083],[13.26973,38.20062],[13.26995,38.20055],[13.27008,38.20061],[13.27014,38.20041],[13.27065,38.19999],[13.27076,38.20004],[13.27089,38.20004],[13.27081,38.19992],[13.27095,38.19987],[13.27138,38.19937],[13.27191,38.1988],[13.27228,38.19876],[13.27248,38.19861],[13.27269,38.19873],[13.27317,38.19849],[13.27339,38.19852],[13.27346,38.19836],[13.27361,38.19837],[13.27369,38.1982],[13.27401,38.19822],[13.27433,38.19835],[13.27454,38.19849],[13.27476,38.19858],[13.27494,38.19873],[13.27515,38.19902],[13.2754,38.1992],[13.27551,38.19928],[13.27546,38.19937],[13.27557,38.19948],[13.27569,38.19941],[13.27574,38.1996],[13.27554,38.19971],[13.27567,38.19993],[13.27597,38.19978],[13.27624,38.20009],[13.27614,38.2002],[13.27593,38.20021],[13.27586,38.20038],[13.27574,38.20061],[13.27597,38.20071],[13.27594,38.20081],[13.27413,38.20077],[13.27411,38.20069],[13.27393,38.20069],[13.27394,38.20089],[13.27614,38.201],[13.27646,38.20152],[13.27656,38.20185],[13.27658,38.20194],[13.27642,38.20206],[13.27638,38.20219],[13.27647,38.20226],[13.2767,38.20226],[13.27715,38.20263],[13.27773,38.20308],[13.27801,38.20322],[13.27833,38.20335],[13.2785,38.20354],[13.27877,38.20374],[13.2792,38.20406],[13.27954,38.20423],[13.27984,38.20437],[13.27983,38.20453],[13.28028,38.20475],[13.28049,38.20476],[13.28078,38.20482],[13.28143,38.20529],[13.28154,38.20548],[13.28183,38.20572],[13.28204,38.206],[13.28212,38.20617],[13.28218,38.20639],[13.2822,38.20684],[13.28217,38.20718],[13.28197,38.20751],[13.28193,38.20799],[13.28202,38.20822],[13.28204,38.20839],[13.28199,38.20882],[13.28189,38.20904],[13.28226,38.20903],[13.28227,38.20914],[13.28243,38.20917],[13.28228,38.2096],[13.28206,38.20979],[13.28187,38.20987],[13.2817,38.21],[13.28131,38.2101],[13.28126,38.21021],[13.28158,38.21023],[13.28169,38.2103],[13.28133,38.21051],[13.28106,38.21066],[13.28092,38.21078],[13.2808,38.21104],[13.28107,38.21104],[13.28126,38.21116],[13.28134,38.21131],[13.28167,38.21129],[13.28186,38.21114],[13.282,38.21095],[13.28212,38.21082],[13.28226,38.2107],[13.28237,38.21046],[13.28267,38.21042],[13.28295,38.21038],[13.28287,38.21025],[13.28273,38.21025],[13.28251,38.21023],[13.28252,38.21008],[13.28263,38.20984],[13.28296,38.20945],[13.28322,38.20936],[13.28344,38.20933],[13.28357,38.20922],[13.28369,38.20915],[13.28383,38.20911],[13.28398,38.20906],[13.28468,38.20914],[13.28517,38.20923],[13.28544,38.20948],[13.28594,38.20973],[13.28667,38.21025],[13.28744,38.21074],[13.28788,38.21072],[13.28797,38.21062],[13.28801,38.21004],[13.28799,38.20993],[13.28699,38.20965],[13.28573,38.209],[13.28497,38.20879],[13.28474,38.20848],[13.2848,38.20792],[13.28539,38.20781],[13.28578,38.20729],[13.28575,38.20711],[13.28512,38.20678],[13.28494,38.20674],[13.28462,38.20583],[13.28428,38.20552],[13.28396,38.20543],[13.28398,38.20456],[13.28439,38.20389],[13.28464,38.20302],[13.28522,38.20304],[13.28535,38.2028],[13.28541,38.2023],[13.28593,38.20165],[13.28594,38.20162],[13.28622,38.2017],[13.28632,38.20149],[13.28604,38.2014],[13.2861,38.20127],[13.28674,38.20131],[13.28678,38.20079],[13.28663,38.20026],[13.28658,38.20006],[13.28732,38.20001],[13.28732,38.20023],[13.28779,38.20024],[13.28782,38.19976],[13.28784,38.19938],[13.28704,38.19944],[13.28597,38.19964],[13.28583,38.1992],[13.28585,38.19895],[13.2856,38.19894],[13.28542,38.19786],[13.28524,38.19773],[13.28487,38.19772],[13.28447,38.19747],[13.28415,38.19673],[13.28396,38.19647],[13.28336,38.19668],[13.28203,38.19555],[13.28206,38.19544],[13.28123,38.19488],[13.28129,38.19489],[13.28207,38.19493],[13.28306,38.19481],[13.28381,38.19475],[13.28437,38.19461],[13.28511,38.19404],[13.28522,38.19409],[13.28543,38.19399],[13.28562,38.19416],[13.2863,38.19451],[13.28665,38.19467],[13.28715,38.1948],[13.28788,38.19477],[13.2883,38.19473],[13.28824,38.19488],[13.28799,38.19513],[13.28829,38.1956],[13.2887,38.19542],[13.28855,38.19512],[13.28951,38.1947],[13.28941,38.19441],[13.28938,38.19439],[13.28859,38.19333],[13.28813,38.19255],[13.28928,38.19203],[13.29042,38.19321],[13.29192,38.19285],[13.29304,38.19244],[13.2937,38.19204],[13.2943,38.19176],[13.29458,38.19208],[13.29484,38.19213],[13.29548,38.19197],[13.29596,38.19163],[13.29643,38.19126],[13.29667,38.191],[13.29705,38.19103],[13.29755,38.19178],[13.29758,38.19196],[13.29781,38.19219],[13.29794,38.19179],[13.29807,38.19162],[13.29802,38.19152],[13.29792,38.19134],[13.29785,38.19122],[13.29771,38.19097],[13.29765,38.19088],[13.29756,38.19078],[13.29739,38.19059],[13.29727,38.19047],[13.29708,38.19028],[13.2969,38.1901],[13.29681,38.19001],[13.29674,38.18991],[13.29666,38.18981],[13.29655,38.18966],[13.29638,38.18943],[13.29616,38.18912],[13.29638,38.18918],[13.29652,38.1892],[13.29673,38.18924],[13.29708,38.18931],[13.29736,38.18936],[13.29771,38.18943],[13.29795,38.18947],[13.29808,38.1895],[13.2984,38.1896],[13.29866,38.18969],[13.29888,38.18975],[13.29906,38.18982],[13.29924,38.1899],[13.29951,38.19003],[13.29984,38.19019],[13.30002,38.19036],[13.30015,38.1905],[13.30037,38.19071],[13.30059,38.19102],[13.30103,38.19085],[13.30128,38.19074],[13.30148,38.19053],[13.3016,38.1904],[13.30176,38.19024],[13.30194,38.19005],[13.30217,38.1898],[13.30234,38.18962],[13.30251,38.18944],[13.30268,38.18925],[13.30279,38.18914],[13.30295,38.18898],[13.30313,38.18877],[13.30328,38.18862],[13.30346,38.18843],[13.30355,38.18835],[13.30371,38.18821],[13.3039,38.18804],[13.30418,38.18778],[13.3044,38.18759],[13.30464,38.18737],[13.30486,38.18718],[13.30507,38.18702],[13.30524,38.18685],[13.30553,38.18672],[13.30566,38.18666],[13.30585,38.18658],[13.30633,38.1864],[13.30653,38.18632],[13.30676,38.18623],[13.30697,38.18621],[13.30686,38.18586],[13.30663,38.18531],[13.30647,38.18481],[13.30622,38.1845],[13.30605,38.18438],[13.30591,38.1842],[13.3058,38.1841],[13.30554,38.18386],[13.30543,38.18376],[13.30536,38.1837],[13.3051,38.18366],[13.30494,38.18363],[13.30484,38.18361],[13.30462,38.18351],[13.30446,38.18343],[13.30432,38.18329],[13.30425,38.18321],[13.30425,38.18311],[13.30424,38.18293],[13.30422,38.18273],[13.3043,38.18253],[13.30439,38.18231],[13.30442,38.18219],[13.30449,38.18196],[13.30456,38.1817],[13.30466,38.18129],[13.30476,38.18113],[13.30495,38.18084],[13.30508,38.18069],[13.3052,38.18052],[13.30559,38.18022]]]],"type":"MultiPolygon"}},{"type":"Feature","properties":{"Quartiere":"Tribunali-Castellammare","circoscrizione":"I","n_sezioni":247,"totale_pop":12267,"totale_civici":9159,"area_km2":1.3719,"dens_pop":8941.4,"dens_civici":6676.0,"bivar_lbl_modale":"3-2","col_modale":"#8c62aa"},"geometry":{"coordinates":[[[[13.36657,38.11062],[13.36606,38.11046],[13.36588,38.11037],[13.36551,38.11018],[13.36514,38.11003],[13.36506,38.11015],[13.36472,38.11063],[13.36453,38.11091],[13.36441,38.1111],[13.36438,38.11114],[13.36433,38.11122],[13.36422,38.11138],[13.36413,38.11152],[13.36405,38.11164],[13.36394,38.11181],[13.3635,38.11248],[13.36314,38.11305],[13.36302,38.11319],[13.36298,38.11337],[13.36262,38.11384],[13.36243,38.11413],[13.36216,38.11455],[13.36201,38.11476],[13.36193,38.11489],[13.36185,38.11502],[13.36178,38.11512],[13.36164,38.11534],[13.36158,38.11544],[13.36149,38.11557],[13.36142,38.11567],[13.36067,38.11684],[13.36051,38.11723],[13.36035,38.11733],[13.36027,38.11746],[13.36019,38.11758],[13.3601,38.11772],[13.36001,38.11785],[13.35994,38.11795],[13.35984,38.11811],[13.35965,38.11839],[13.35947,38.11868],[13.35926,38.11899],[13.35918,38.11912],[13.35909,38.11925],[13.35901,38.11938],[13.35891,38.11952],[13.35881,38.11967],[13.35861,38.12],[13.35856,38.12006],[13.35852,38.12014],[13.35824,38.12051],[13.35803,38.12086],[13.35784,38.12114],[13.35801,38.12118],[13.35821,38.12126],[13.35844,38.12134],[13.35864,38.1214],[13.35885,38.12146],[13.35899,38.12149],[13.35917,38.12153],[13.35925,38.12158],[13.35948,38.12161],[13.35968,38.12166],[13.35983,38.12173],[13.36004,38.12173],[13.3603,38.12181],[13.36084,38.12197],[13.36141,38.12216],[13.36177,38.12223],[13.36197,38.12228],[13.36212,38.12233],[13.36231,38.12238],[13.36255,38.12242],[13.36276,38.12245],[13.36294,38.12247],[13.3631,38.12249],[13.36336,38.12256],[13.36365,38.12259],[13.36385,38.1226],[13.36396,38.12262],[13.36411,38.12264],[13.36437,38.12268],[13.36453,38.12272],[13.36501,38.12282],[13.36509,38.12285],[13.36519,38.12284],[13.36546,38.12288],[13.36557,38.12289],[13.36579,38.12294],[13.36586,38.12296],[13.36624,38.12303],[13.36694,38.12314],[13.36826,38.12339],[13.36999,38.12372],[13.37033,38.12296],[13.36824,38.12142],[13.36823,38.12113],[13.36738,38.12051],[13.367,38.1202],[13.36688,38.12004],[13.3669,38.11972],[13.367,38.11936],[13.36729,38.11913],[13.36767,38.11902],[13.36817,38.11909],[13.3685,38.11923],[13.36877,38.11947],[13.3691,38.11979],[13.3693,38.12016],[13.37022,38.12059],[13.37075,38.12057],[13.37085,38.12155],[13.37134,38.12152],[13.37248,38.12252],[13.37159,38.12598],[13.37164,38.1261],[13.37182,38.12615],[13.37198,38.12605],[13.37203,38.12588],[13.37212,38.12529],[13.37227,38.12462],[13.37253,38.12364],[13.37279,38.1225],[13.3723,38.12195],[13.37212,38.12192],[13.37161,38.12135],[13.37164,38.12095],[13.37176,38.1207],[13.37189,38.12045],[13.37202,38.12028],[13.37224,38.12028],[13.37245,38.12039],[13.37285,38.12013],[13.37325,38.11989],[13.37356,38.11972],[13.37416,38.11938],[13.3745,38.11902],[13.37506,38.11843],[13.37624,38.11732],[13.37693,38.11663],[13.37724,38.11626],[13.37738,38.11605],[13.37762,38.11588],[13.37726,38.11573],[13.37705,38.11558],[13.37678,38.11546],[13.37628,38.11524],[13.37456,38.11445],[13.37427,38.11431],[13.37402,38.1142],[13.37357,38.11399],[13.37162,38.11307],[13.37113,38.11285],[13.37053,38.11255],[13.37043,38.1125],[13.36975,38.11218],[13.36918,38.11192],[13.36834,38.11154],[13.36752,38.11114],[13.36729,38.11103],[13.36714,38.11097],[13.36704,38.11092],[13.36657,38.11062]]]],"type":"MultiPolygon"}},{"type":"Feature","properties":{"Quartiere":"Politeama","circoscrizione":"VIII","n_sezioni":341,"totale_pop":31396,"totale_civici":11985,"area_km2":2.3692,"dens_pop":13251.6,"dens_civici":5058.6,"bivar_lbl_modale":"3-3","col_modale":"#3b4994"},"geometry":{"coordinates":[[[[13.35456,38.11958],[13.35434,38.11952],[13.35415,38.11946],[13.35394,38.11942],[13.3537,38.1194],[13.35346,38.11939],[13.3533,38.1194],[13.35301,38.11941],[13.35294,38.11942],[13.3527,38.11946],[13.3526,38.11948],[13.35249,38.11947],[13.35227,38.11944],[13.3521,38.11942],[13.35146,38.11933],[13.35084,38.11925],[13.35081,38.11953],[13.35077,38.11987],[13.3502,38.1198],[13.34987,38.11976],[13.34963,38.11973],[13.3495,38.12007],[13.34947,38.12016],[13.34933,38.12033],[13.34926,38.12042],[13.34913,38.12058],[13.34902,38.12071],[13.3488,38.12094],[13.34824,38.12108],[13.34821,38.12122],[13.34819,38.12131],[13.34786,38.12145],[13.34768,38.12153],[13.34754,38.12164],[13.34705,38.12179],[13.34701,38.12197],[13.34677,38.12217],[13.34659,38.12225],[13.34634,38.12247],[13.34616,38.12272],[13.34598,38.12312],[13.34588,38.12323],[13.34573,38.12341],[13.34553,38.12388],[13.34501,38.12381],[13.34488,38.12378],[13.34468,38.12439],[13.34474,38.12442],[13.34445,38.12496],[13.34422,38.12556],[13.34399,38.12551],[13.34353,38.12664],[13.34368,38.12668],[13.34377,38.12691],[13.34392,38.12686],[13.34381,38.12726],[13.34329,38.12839],[13.34326,38.12845],[13.34308,38.12877],[13.34291,38.12877],[13.34279,38.12911],[13.34273,38.12931],[13.3426,38.12946],[13.34244,38.12973],[13.342,38.13022],[13.34185,38.13058],[13.34142,38.13162],[13.34158,38.13166],[13.34171,38.1317],[13.34193,38.13176],[13.34206,38.13179],[13.34216,38.13181],[13.34259,38.13077],[13.34275,38.13038],[13.34293,38.12993],[13.34298,38.12993],[13.34306,38.12994],[13.3436,38.13016],[13.34452,38.13047],[13.34531,38.13074],[13.34638,38.13115],[13.34758,38.13152],[13.34763,38.13145],[13.34778,38.1313],[13.34812,38.13096],[13.3484,38.13066],[13.34858,38.13075],[13.34899,38.13084],[13.34941,38.13087],[13.34972,38.13081],[13.35052,38.13098],[13.35057,38.13103],[13.35062,38.1309],[13.35064,38.13083],[13.35091,38.13059],[13.35101,38.13063],[13.35163,38.1309],[13.35185,38.13057],[13.35199,38.13035],[13.35205,38.13025],[13.3522,38.13001],[13.35292,38.13031],[13.35272,38.13062],[13.35269,38.13086],[13.35288,38.13094],[13.35299,38.13098],[13.35349,38.13117],[13.35425,38.13147],[13.35531,38.13188],[13.35612,38.1322],[13.35573,38.13365],[13.35642,38.13406],[13.35703,38.13442],[13.35743,38.13479],[13.35754,38.13489],[13.35791,38.13477],[13.35801,38.13457],[13.3581,38.13451],[13.35852,38.13419],[13.35874,38.13424],[13.35895,38.13429],[13.35982,38.13451],[13.35998,38.13456],[13.36076,38.13477],[13.36164,38.13501],[13.36213,38.13514],[13.36269,38.13402],[13.36337,38.13048],[13.3655,38.13083],[13.36568,38.13039],[13.36267,38.12984],[13.36321,38.12891],[13.36691,38.12935],[13.36736,38.12857],[13.36361,38.12811],[13.36404,38.1273],[13.36773,38.12745],[13.36809,38.12686],[13.36442,38.12662],[13.36497,38.12559],[13.36925,38.12541],[13.36999,38.12372],[13.36826,38.12339],[13.36694,38.12314],[13.36624,38.12303],[13.36586,38.12296],[13.36579,38.12294],[13.36557,38.12289],[13.36546,38.12288],[13.36519,38.12284],[13.36509,38.12285],[13.36501,38.12282],[13.36453,38.12272],[13.36437,38.12268],[13.36411,38.12264],[13.36396,38.12262],[13.36385,38.1226],[13.36365,38.12259],[13.36336,38.12256],[13.3631,38.12249],[13.36294,38.12247],[13.36276,38.12245],[13.36255,38.12242],[13.36231,38.12238],[13.36212,38.12233],[13.36197,38.12228],[13.36177,38.12223],[13.36141,38.12216],[13.36084,38.12197],[13.3603,38.12181],[13.36004,38.12173],[13.35983,38.12173],[13.35968,38.12166],[13.35948,38.12161],[13.35925,38.12158],[13.35917,38.12153],[13.35899,38.12149],[13.35885,38.12146],[13.35864,38.1214],[13.35844,38.12134],[13.35821,38.12126],[13.35801,38.12118],[13.35784,38.12114],[13.35734,38.12095],[13.35709,38.1208],[13.35696,38.1207],[13.35687,38.12064],[13.35665,38.12049],[13.35644,38.12034],[13.35619,38.12017],[13.35594,38.12001],[13.35575,38.11994],[13.35534,38.11982],[13.35456,38.11958]]]],"type":"MultiPolygon"}},{"type":"Feature","properties":{"Quartiere":"Montepellegrino","circoscrizione":"VIII","n_sezioni":82,"totale_pop":26454,"totale_civici":5585,"area_km2":8.9175,"dens_pop":2966.5,"dens_civici":626.3,"bivar_lbl_modale":"1-1","col_modale":"#e8e8e8"},"geometry":{"coordinates":[[[[13.3704,38.14452],[13.37018,38.14448],[13.37008,38.14437],[13.36996,38.14426],[13.36967,38.14421],[13.36933,38.14416],[13.36916,38.14379],[13.36938,38.14368],[13.37063,38.14327],[13.37057,38.1432],[13.36926,38.14362],[13.36909,38.14326],[13.37046,38.14281],[13.37043,38.14274],[13.369,38.1432],[13.36881,38.14273],[13.37134,38.14192],[13.37217,38.14378],[13.37198,38.14423],[13.37217,38.14426],[13.37346,38.14143],[13.37316,38.14135],[13.37312,38.14122],[13.3732,38.14109],[13.37387,38.14088],[13.37529,38.13727],[13.37668,38.13468],[13.37781,38.13252],[13.37753,38.13243],[13.37736,38.13272],[13.37743,38.13275],[13.37619,38.13508],[13.37594,38.13501],[13.37538,38.13605],[13.37563,38.13612],[13.37501,38.1373],[13.374,38.13991],[13.3737,38.14068],[13.37276,38.14044],[13.37199,38.14108],[13.37147,38.14095],[13.37153,38.14084],[13.37136,38.14077],[13.37257,38.13773],[13.37234,38.13767],[13.37116,38.14073],[13.37043,38.14055],[13.37162,38.13751],[13.37146,38.13745],[13.37151,38.13732],[13.37137,38.13729],[13.37022,38.14021],[13.36969,38.14008],[13.37082,38.13716],[13.37083,38.137],[13.37135,38.13649],[13.37124,38.13641],[13.36937,38.13801],[13.36921,38.13792],[13.36849,38.13855],[13.36832,38.13847],[13.36913,38.13775],[13.36917,38.13755],[13.37037,38.13646],[13.3697,38.13599],[13.37079,38.13314],[13.37273,38.1336],[13.3731,38.13337],[13.3749,38.12853],[13.37553,38.12676],[13.37588,38.12633],[13.37805,38.12452],[13.38033,38.1227],[13.38013,38.12255],[13.37543,38.12643],[13.37502,38.12635],[13.37377,38.12971],[13.37295,38.13191],[13.37254,38.13299],[13.37159,38.13278],[13.3715,38.13285],[13.37058,38.13259],[13.37114,38.13073],[13.37031,38.13056],[13.36962,38.1329],[13.36793,38.1326],[13.36795,38.1328],[13.36962,38.13306],[13.3693,38.13405],[13.36817,38.13384],[13.36812,38.13398],[13.36927,38.13418],[13.36891,38.1355],[13.36814,38.13513],[13.36698,38.13553],[13.36691,38.1354],[13.36269,38.13402],[13.36213,38.13514],[13.36164,38.13501],[13.36076,38.13477],[13.35998,38.13456],[13.35982,38.13451],[13.35895,38.13429],[13.35874,38.13424],[13.35852,38.13419],[13.3581,38.13451],[13.35801,38.13457],[13.35791,38.13477],[13.35754,38.13489],[13.35646,38.13541],[13.35592,38.13584],[13.35563,38.13608],[13.35525,38.13642],[13.35558,38.13667],[13.35531,38.13707],[13.35496,38.13751],[13.35479,38.13787],[13.35471,38.1383],[13.35465,38.1387],[13.35464,38.13876],[13.35448,38.13958],[13.35436,38.13987],[13.35434,38.13992],[13.35394,38.14043],[13.3538,38.14062],[13.35351,38.14046],[13.35329,38.14089],[13.3529,38.14138],[13.35264,38.14176],[13.35238,38.14213],[13.35226,38.14229],[13.35219,38.14237],[13.35184,38.14278],[13.35156,38.14312],[13.35155,38.14322],[13.35146,38.14344],[13.35136,38.1437],[13.35132,38.14379],[13.3512,38.14396],[13.35113,38.1441],[13.35103,38.14421],[13.35084,38.1444],[13.35075,38.14447],[13.35059,38.14457],[13.3491,38.14392],[13.34864,38.14462],[13.34826,38.14514],[13.3481,38.14508],[13.34797,38.14503],[13.34775,38.14539],[13.34758,38.14533],[13.34742,38.14555],[13.3471,38.14595],[13.34713,38.146],[13.34739,38.14634],[13.3471,38.14684],[13.34722,38.147],[13.34685,38.14733],[13.34663,38.14749],[13.34636,38.14771],[13.34574,38.14821],[13.34597,38.14838],[13.34686,38.14896],[13.34703,38.149],[13.34753,38.14935],[13.34867,38.15011],[13.34875,38.15017],[13.34954,38.1507],[13.34983,38.15088],[13.35049,38.15132],[13.35113,38.1518],[13.35277,38.15317],[13.35389,38.15398],[13.35426,38.15425],[13.35439,38.15439],[13.35483,38.15483],[13.35503,38.15491],[13.35505,38.15496],[13.35504,38.15504],[13.35499,38.15509],[13.3549,38.15513],[13.35483,38.1551],[13.35473,38.15505],[13.35467,38.15505],[13.35457,38.15515],[13.35451,38.15517],[13.35426,38.155],[13.35413,38.15495],[13.35392,38.15497],[13.3537,38.15488],[13.3536,38.15472],[13.35361,38.15452],[13.35357,38.15437],[13.3535,38.15417],[13.35342,38.15412],[13.35335,38.15406],[13.35318,38.15407],[13.35287,38.1543],[13.35266,38.15438],[13.35257,38.15447],[13.35258,38.15454],[13.3525,38.15462],[13.35235,38.15474],[13.35233,38.15487],[13.35227,38.15494],[13.352,38.15522],[13.3519,38.15533],[13.35187,38.1555],[13.35185,38.15568],[13.35173,38.1558],[13.3514,38.15595],[13.3511,38.15606],[13.35008,38.15605],[13.34968,38.15602],[13.34963,38.15605],[13.34935,38.15618],[13.3492,38.15634],[13.34901,38.1566],[13.34887,38.15672],[13.34869,38.15691],[13.3486,38.15714],[13.34865,38.15729],[13.34871,38.15749],[13.3487,38.1577],[13.3485,38.15777],[13.34848,38.15785],[13.34866,38.15806],[13.34871,38.15818],[13.34876,38.15841],[13.34874,38.15851],[13.34874,38.15862],[13.34883,38.15878],[13.34897,38.1588],[13.34907,38.15884],[13.34907,38.15892],[13.34925,38.15908],[13.34928,38.15924],[13.34919,38.15952],[13.34905,38.15965],[13.3486,38.15979],[13.34794,38.15982],[13.34741,38.15982],[13.34684,38.1599],[13.34663,38.16001],[13.34656,38.16014],[13.34661,38.16037],[13.34667,38.1606],[13.34668,38.16097],[13.34663,38.16115],[13.34647,38.16128],[13.34628,38.16138],[13.34595,38.16178],[13.34588,38.16206],[13.34585,38.16232],[13.34586,38.16267],[13.3459,38.16288],[13.34604,38.16339],[13.34607,38.16371],[13.34609,38.16433],[13.34607,38.16452],[13.34591,38.16468],[13.34563,38.16487],[13.34521,38.16514],[13.34483,38.16541],[13.34456,38.16583],[13.34447,38.1661],[13.34447,38.16636],[13.34457,38.16668],[13.34478,38.16699],[13.34512,38.16734],[13.34554,38.16763],[13.34779,38.169],[13.34815,38.16931],[13.34841,38.16965],[13.34865,38.17007],[13.34869,38.17029],[13.34866,38.1705],[13.34846,38.1707],[13.34856,38.17076],[13.34851,38.17081],[13.34825,38.17093],[13.34802,38.17094],[13.34757,38.17087],[13.34719,38.17073],[13.34691,38.17053],[13.3458,38.1699],[13.34534,38.1697],[13.3445,38.16935],[13.34425,38.16925],[13.34392,38.16901],[13.34364,38.16883],[13.34339,38.16875],[13.34311,38.16873],[13.34292,38.16869],[13.34263,38.16857],[13.34225,38.16839],[13.34183,38.16808],[13.34168,38.16836],[13.34139,38.16898],[13.3414,38.16917],[13.3413,38.16945],[13.34099,38.16974],[13.34082,38.16985],[13.34071,38.16994],[13.34054,38.17017],[13.34049,38.1703],[13.34046,38.17069],[13.34054,38.17095],[13.34063,38.17102],[13.34062,38.17122],[13.34066,38.17135],[13.34065,38.17144],[13.34072,38.17156],[13.34066,38.17162],[13.34011,38.17138],[13.33997,38.17154],[13.33995,38.17171],[13.33985,38.17192],[13.33988,38.17209],[13.33998,38.17224],[13.34015,38.1724],[13.34029,38.17249],[13.34043,38.17257],[13.34058,38.17263],[13.34054,38.17287],[13.34032,38.17292],[13.34004,38.1729],[13.33982,38.17305],[13.33969,38.17315],[13.33942,38.17327],[13.3393,38.17327],[13.3391,38.17331],[13.33896,38.17345],[13.33888,38.17356],[13.33872,38.17372],[13.33865,38.17391],[13.33858,38.17399],[13.33857,38.17411],[13.33848,38.17427],[13.33846,38.17444],[13.33837,38.17469],[13.33837,38.17483],[13.33835,38.17494],[13.33831,38.17508],[13.33828,38.17544],[13.33824,38.1756],[13.33819,38.17579],[13.33804,38.17595],[13.33795,38.17616],[13.33793,38.17626],[13.33779,38.17634],[13.3377,38.17647],[13.33761,38.17657],[13.33749,38.17686],[13.33743,38.17703],[13.33736,38.1774],[13.33728,38.17776],[13.33726,38.178],[13.33726,38.17846],[13.33726,38.17853],[13.33721,38.1786],[13.33708,38.17872],[13.33703,38.17892],[13.33706,38.1791],[13.33714,38.17926],[13.33719,38.17927],[13.33722,38.1793],[13.33733,38.17938],[13.33783,38.17985],[13.3385,38.18054],[13.33913,38.18128],[13.34053,38.1808],[13.34118,38.1833],[13.34144,38.1833],[13.34159,38.18333],[13.34184,38.18341],[13.34203,38.1835],[13.34227,38.18373],[13.3426,38.18377],[13.34265,38.18379],[13.34279,38.18391],[13.3429,38.18401],[13.34302,38.18403],[13.34317,38.18406],[13.3433,38.18404],[13.34343,38.18403],[13.34362,38.18378],[13.34395,38.18356],[13.34414,38.18352],[13.34422,38.18353],[13.3443,38.18353],[13.34437,38.18359],[13.34458,38.1837],[13.34471,38.18374],[13.34485,38.18378],[13.34504,38.18386],[13.34526,38.18388],[13.3454,38.18394],[13.34544,38.18408],[13.34552,38.18419],[13.34566,38.18425],[13.34575,38.18426],[13.34596,38.18424],[13.34628,38.18413],[13.34645,38.18405],[13.34661,38.18401],[13.34675,38.18401],[13.34696,38.184],[13.34711,38.18401],[13.34728,38.18407],[13.34753,38.18414],[13.34762,38.18417],[13.3477,38.18421],[13.34797,38.18433],[13.34805,38.18434],[13.34818,38.18435],[13.34831,38.18436],[13.34846,38.18453],[13.34867,38.18468],[13.34884,38.18474],[13.34897,38.18472],[13.34903,38.18457],[13.34902,38.18435],[13.349,38.18406],[13.34899,38.18398],[13.34891,38.18384],[13.34884,38.18377],[13.34885,38.18369],[13.3489,38.18363],[13.349,38.18362],[13.34907,38.18364],[13.34932,38.18371],[13.34975,38.18385],[13.34992,38.18391],[13.35004,38.18399],[13.3503,38.18404],[13.35075,38.18412],[13.35102,38.18428],[13.35116,38.18446],[13.35159,38.18465],[13.35161,38.18473],[13.35172,38.1849],[13.35193,38.18516],[13.35202,38.18529],[13.35209,38.18557],[13.35208,38.18585],[13.35226,38.18611],[13.35255,38.18631],[13.35292,38.18649],[13.35315,38.1865],[13.35329,38.1865],[13.35343,38.1865],[13.35369,38.18636],[13.35392,38.18629],[13.35402,38.18636],[13.35427,38.18649],[13.35446,38.18655],[13.35475,38.18626],[13.35511,38.18608],[13.35547,38.18596],[13.35571,38.18589],[13.35627,38.18574],[13.35664,38.18568],[13.35681,38.18529],[13.35707,38.18496],[13.35731,38.18448],[13.35752,38.18404],[13.35741,38.18386],[13.3575,38.18352],[13.35759,38.18331],[13.35766,38.18326],[13.35776,38.18312],[13.35782,38.18309],[13.35796,38.1831],[13.35804,38.18303],[13.35817,38.18299],[13.35826,38.18294],[13.35828,38.18289],[13.35929,38.18318],[13.35944,38.18311],[13.35953,38.18304],[13.35956,38.183],[13.35989,38.18284],[13.35997,38.18275],[13.36048,38.18253],[13.36058,38.18251],[13.36068,38.18242],[13.36092,38.18228],[13.361,38.18212],[13.36107,38.18193],[13.3612,38.18186],[13.36122,38.18168],[13.36125,38.18152],[13.36138,38.18131],[13.36145,38.18121],[13.36144,38.18111],[13.36146,38.18098],[13.36147,38.18089],[13.36152,38.18089],[13.36164,38.18085],[13.36177,38.18083],[13.36189,38.18074],[13.36196,38.18064],[13.362,38.18054],[13.36199,38.18042],[13.36198,38.18036],[13.36202,38.18026],[13.36207,38.18018],[13.36214,38.18017],[13.36218,38.18002],[13.36213,38.17995],[13.3621,38.1799],[13.36208,38.17979],[13.362,38.17964],[13.36195,38.17956],[13.36187,38.17943],[13.36176,38.17913],[13.36173,38.17886],[13.36174,38.17856],[13.36176,38.17836],[13.36175,38.17828],[13.36179,38.17811],[13.36185,38.17794],[13.36186,38.17771],[13.36194,38.17744],[13.362,38.17731],[13.36208,38.17721],[13.36207,38.1771],[13.36215,38.17697],[13.36222,38.17671],[13.3623,38.17655],[13.36237,38.1764],[13.36243,38.17625],[13.36257,38.17605],[13.36273,38.17566],[13.36276,38.17552],[13.36281,38.17532],[13.36283,38.17522],[13.36281,38.17495],[13.36291,38.17478],[13.36296,38.1747],[13.363,38.17445],[13.36305,38.17428],[13.36315,38.17417],[13.36321,38.17409],[13.36327,38.17394],[13.36326,38.17374],[13.36323,38.17361],[13.36327,38.17342],[13.36328,38.17328],[13.36324,38.17324],[13.36318,38.17322],[13.36308,38.17319],[13.363,38.17322],[13.36282,38.17325],[13.36273,38.17326],[13.36261,38.17323],[13.36251,38.17317],[13.36243,38.17308],[13.36235,38.17305],[13.36225,38.17303],[13.36208,38.17301],[13.36186,38.17297],[13.36175,38.1729],[13.36153,38.17282],[13.36134,38.17278],[13.36123,38.17275],[13.36116,38.17269],[13.36108,38.17249],[13.36097,38.17237],[13.3609,38.17229],[13.36084,38.17215],[13.36088,38.17211],[13.36098,38.17206],[13.36112,38.17204],[13.36123,38.17189],[13.36129,38.17189],[13.3614,38.17181],[13.36122,38.17154],[13.36114,38.17147],[13.36093,38.17118],[13.36088,38.17106],[13.36089,38.17086],[13.36078,38.17061],[13.3607,38.17042],[13.36071,38.17032],[13.3605,38.17017],[13.36041,38.17004],[13.36042,38.16996],[13.36063,38.16987],[13.36089,38.1696],[13.36102,38.16946],[13.36115,38.16932],[13.36112,38.16918],[13.36108,38.16904],[13.361,38.16897],[13.36091,38.16889],[13.36073,38.16884],[13.36064,38.16877],[13.36061,38.16872],[13.36058,38.16853],[13.36057,38.16834],[13.36056,38.16815],[13.36057,38.16788],[13.36052,38.16777],[13.36055,38.16766],[13.36054,38.16745],[13.36051,38.16714],[13.36053,38.16701],[13.36056,38.16681],[13.36045,38.16655],[13.36033,38.16636],[13.36017,38.16609],[13.36019,38.16601],[13.36027,38.16575],[13.36025,38.16563],[13.36016,38.16547],[13.36003,38.16526],[13.35992,38.16516],[13.35985,38.16508],[13.35982,38.16496],[13.35984,38.16488],[13.35995,38.16472],[13.36004,38.1646],[13.36018,38.16446],[13.36035,38.16424],[13.36046,38.16396],[13.36052,38.16389],[13.36065,38.16381],[13.36074,38.1636],[13.36087,38.16353],[13.36109,38.16326],[13.36118,38.16325],[13.36137,38.16311],[13.36151,38.16292],[13.3616,38.16291],[13.3617,38.16284],[13.3619,38.16254],[13.36206,38.16222],[13.36219,38.16183],[13.36245,38.16134],[13.36255,38.16103],[13.36269,38.16061],[13.36284,38.16047],[13.3629,38.16031],[13.36292,38.16009],[13.36289,38.15997],[13.36289,38.15981],[13.36288,38.15969],[13.36286,38.15955],[13.36282,38.15942],[13.36313,38.15917],[13.36332,38.15909],[13.36339,38.15904],[13.36355,38.15887],[13.36361,38.15882],[13.36391,38.15867],[13.36446,38.15843],[13.3647,38.15833],[13.36509,38.1582],[13.36564,38.15811],[13.3659,38.15794],[13.36602,38.15776],[13.36602,38.15771],[13.36594,38.15745],[13.36584,38.15733],[13.36552,38.15711],[13.36522,38.15708],[13.36523,38.15699],[13.36498,38.15684],[13.36487,38.15664],[13.36429,38.15631],[13.3642,38.15626],[13.36411,38.15612],[13.36406,38.15589],[13.36396,38.15545],[13.36397,38.15511],[13.36399,38.15489],[13.36402,38.15474],[13.36408,38.15452],[13.36401,38.15436],[13.36396,38.15413],[13.36396,38.154],[13.36407,38.15357],[13.36411,38.15346],[13.36413,38.15333],[13.36421,38.15294],[13.36437,38.15247],[13.36448,38.15209],[13.3646,38.15183],[13.36458,38.1517],[13.36475,38.15157],[13.36534,38.15119],[13.36603,38.15069],[13.36609,38.15073],[13.36647,38.15058],[13.3667,38.15034],[13.36682,38.14997],[13.36684,38.1499],[13.36706,38.14968],[13.36749,38.14925],[13.36808,38.14865],[13.36833,38.14826],[13.36876,38.14754],[13.36959,38.14655],[13.36987,38.14625],[13.37002,38.14624],[13.3701,38.14646],[13.37156,38.14613],[13.37144,38.14608],[13.3714,38.14593],[13.37181,38.14574],[13.37293,38.14512],[13.37319,38.14477],[13.37333,38.14446],[13.37324,38.14433],[13.37284,38.14502],[13.37135,38.14583],[13.3712,38.14558],[13.37118,38.14545],[13.37107,38.14533],[13.37111,38.14523],[13.3712,38.14515],[13.37108,38.14506],[13.371,38.14509],[13.37098,38.14501],[13.37089,38.14494],[13.37086,38.14484],[13.37073,38.14476],[13.37063,38.14467],[13.3706,38.1446],[13.37046,38.14462],[13.3704,38.14452]]]],"type":"MultiPolygon"}},{"type":"Feature","properties":{"Quartiere":"Noce","circoscrizione":"V","n_sezioni":113,"totale_pop":27073,"totale_civici":6301,"area_km2":1.0547,"dens_pop":25667.9,"dens_civici":5974.0,"bivar_lbl_modale":"3-3","col_modale":"#3b4994"},"geometry":{"coordinates":[[[[13.3455,38.12257],[13.34461,38.12232],[13.34387,38.12215],[13.34317,38.12198],[13.342,38.1217],[13.34089,38.12143],[13.34049,38.12133],[13.3407,38.12079],[13.34043,38.12061],[13.33968,38.12016],[13.33947,38.12002],[13.33935,38.11989],[13.33934,38.11983],[13.33933,38.11973],[13.33866,38.11959],[13.33846,38.11956],[13.33777,38.11947],[13.33722,38.1194],[13.33708,38.11938],[13.33675,38.11933],[13.33636,38.1193],[13.33593,38.11926],[13.3355,38.11918],[13.33509,38.11912],[13.33495,38.11909],[13.33458,38.11904],[13.3342,38.11896],[13.33388,38.11892],[13.33351,38.11885],[13.33331,38.11882],[13.33312,38.11886],[13.33242,38.11899],[13.3319,38.11908],[13.3313,38.1191],[13.33095,38.1192],[13.33048,38.11926],[13.33014,38.11931],[13.33009,38.11932],[13.32982,38.11934],[13.32949,38.11936],[13.32906,38.11939],[13.32874,38.11941],[13.32876,38.11966],[13.32877,38.11987],[13.32884,38.12055],[13.32889,38.12111],[13.3289,38.12116],[13.329,38.12186],[13.32906,38.12244],[13.32908,38.12263],[13.32911,38.12294],[13.32914,38.1232],[13.32916,38.12337],[13.32916,38.12345],[13.32923,38.12387],[13.32928,38.12431],[13.32931,38.12447],[13.32938,38.12496],[13.32943,38.12539],[13.3295,38.12588],[13.3297,38.12568],[13.33002,38.12533],[13.33043,38.12489],[13.33112,38.12533],[13.33149,38.12557],[13.33188,38.12581],[13.33265,38.1261],[13.33273,38.12613],[13.33321,38.12625],[13.33423,38.12651],[13.33527,38.1268],[13.33551,38.12686],[13.33621,38.12704],[13.33653,38.12716],[13.33685,38.12722],[13.33752,38.12731],[13.33781,38.12736],[13.33785,38.12724],[13.3384,38.12736],[13.33944,38.12758],[13.3402,38.12776],[13.3403,38.12778],[13.34113,38.12795],[13.3414,38.12801],[13.34162,38.12789],[13.34181,38.1279],[13.34173,38.12812],[13.34162,38.12843],[13.3428,38.12874],[13.34291,38.12877],[13.34308,38.12877],[13.34326,38.12845],[13.34329,38.12839],[13.34381,38.12726],[13.34392,38.12686],[13.34377,38.12691],[13.34368,38.12668],[13.34353,38.12664],[13.34399,38.12551],[13.34422,38.12556],[13.34445,38.12496],[13.34474,38.12442],[13.34468,38.12439],[13.34488,38.12378],[13.34501,38.12381],[13.34553,38.12388],[13.34573,38.12341],[13.34588,38.12323],[13.34598,38.12312],[13.34616,38.12272],[13.34575,38.12262],[13.3455,38.12257]]]],"type":"MultiPolygon"}},{"type":"Feature","properties":{"Quartiere":"Libert\u00e0","circoscrizione":"VIII","n_sezioni":205,"totale_pop":40688,"totale_civici":8944,"area_km2":2.5093,"dens_pop":16214.9,"dens_civici":3564.3,"bivar_lbl_modale":"2-2","col_modale":"#a5add3"},"geometry":{"coordinates":[[[[13.35299,38.13098],[13.35288,38.13094],[13.35269,38.13086],[13.35272,38.13062],[13.35292,38.13031],[13.3522,38.13001],[13.35205,38.13025],[13.35199,38.13035],[13.35185,38.13057],[13.35163,38.1309],[13.35101,38.13063],[13.35091,38.13059],[13.35064,38.13083],[13.35062,38.1309],[13.35057,38.13103],[13.35052,38.13098],[13.34972,38.13081],[13.34941,38.13087],[13.34899,38.13084],[13.34858,38.13075],[13.3484,38.13066],[13.34812,38.13096],[13.34778,38.1313],[13.34763,38.13145],[13.34758,38.13152],[13.34638,38.13115],[13.34531,38.13074],[13.34452,38.13047],[13.3436,38.13016],[13.34306,38.12994],[13.34298,38.12993],[13.34293,38.12993],[13.34275,38.13038],[13.34259,38.13077],[13.34216,38.13181],[13.34206,38.13179],[13.34193,38.13176],[13.34171,38.1317],[13.34158,38.13166],[13.34142,38.13162],[13.34102,38.1315],[13.34052,38.13139],[13.34029,38.13205],[13.34012,38.13261],[13.34,38.13292],[13.34013,38.13331],[13.34019,38.13348],[13.34021,38.13373],[13.34025,38.13393],[13.34028,38.13411],[13.34029,38.13428],[13.34029,38.13447],[13.34021,38.13481],[13.34001,38.13517],[13.33985,38.13549],[13.33957,38.13599],[13.33938,38.13639],[13.33923,38.13668],[13.33892,38.13718],[13.33859,38.13758],[13.33839,38.13779],[13.3381,38.13813],[13.33803,38.13819],[13.33788,38.13825],[13.33783,38.13837],[13.33776,38.13853],[13.33768,38.13862],[13.33741,38.13889],[13.3373,38.139],[13.33711,38.1392],[13.33704,38.13927],[13.33688,38.13944],[13.33645,38.13988],[13.33582,38.14051],[13.33513,38.14124],[13.33417,38.14223],[13.33359,38.14283],[13.33332,38.14311],[13.33288,38.14358],[13.33393,38.14401],[13.33445,38.1442],[13.33507,38.14448],[13.33528,38.1446],[13.33531,38.1446],[13.33562,38.14475],[13.33526,38.14535],[13.33603,38.14565],[13.3371,38.14606],[13.33774,38.1463],[13.3381,38.14643],[13.33849,38.14659],[13.34083,38.14747],[13.3406,38.14784],[13.34258,38.14717],[13.34367,38.14691],[13.34384,38.14687],[13.34393,38.14691],[13.34408,38.14704],[13.34574,38.14821],[13.34636,38.14771],[13.34663,38.14749],[13.34685,38.14733],[13.34722,38.147],[13.3471,38.14684],[13.34739,38.14634],[13.34713,38.146],[13.3471,38.14595],[13.34742,38.14555],[13.34758,38.14533],[13.34775,38.14539],[13.34797,38.14503],[13.3481,38.14508],[13.34826,38.14514],[13.34864,38.14462],[13.3491,38.14392],[13.35059,38.14457],[13.35075,38.14447],[13.35084,38.1444],[13.35103,38.14421],[13.35113,38.1441],[13.3512,38.14396],[13.35132,38.14379],[13.35136,38.1437],[13.35146,38.14344],[13.35155,38.14322],[13.35156,38.14312],[13.35184,38.14278],[13.35219,38.14237],[13.35226,38.14229],[13.35238,38.14213],[13.35264,38.14176],[13.3529,38.14138],[13.35329,38.14089],[13.35351,38.14046],[13.3538,38.14062],[13.35394,38.14043],[13.35434,38.13992],[13.35436,38.13987],[13.35448,38.13958],[13.35464,38.13876],[13.35465,38.1387],[13.35471,38.1383],[13.35479,38.13787],[13.35496,38.13751],[13.35531,38.13707],[13.35558,38.13667],[13.35525,38.13642],[13.35563,38.13608],[13.35592,38.13584],[13.35646,38.13541],[13.35754,38.13489],[13.35743,38.13479],[13.35703,38.13442],[13.35642,38.13406],[13.35573,38.13365],[13.35612,38.1322],[13.35531,38.13188],[13.35425,38.13147],[13.35349,38.13117],[13.35299,38.13098]]]],"type":"MultiPolygon"}},{"type":"Feature","properties":{"Quartiere":"Settecannoli","circoscrizione":"II","n_sezioni":210,"totale_pop":47921,"totale_civici":10279,"area_km2":8.1138,"dens_pop":5906.1,"dens_civici":1266.8,"bivar_lbl_modale":"2-2","col_modale":"#a5add3"},"geometry":{"coordinates":[[[[13.4511,38.09358],[13.45174,38.09322],[13.45234,38.09294],[13.45271,38.09262],[13.45264,38.09226],[13.45234,38.09191],[13.45234,38.09128],[13.45205,38.09057],[13.45196,38.09013],[13.45195,38.09008],[13.45193,38.08993],[13.45187,38.08961],[13.45147,38.08872],[13.45009,38.08929],[13.44902,38.08947],[13.44856,38.08963],[13.44802,38.08982],[13.44716,38.09028],[13.44674,38.09086],[13.44606,38.09143],[13.44561,38.09176],[13.44542,38.0919],[13.44536,38.09195],[13.44502,38.09228],[13.44452,38.09205],[13.44394,38.09173],[13.44391,38.09171],[13.44353,38.0915],[13.44231,38.09149],[13.44172,38.09134],[13.44164,38.09132],[13.44156,38.0913],[13.44098,38.09109],[13.44024,38.09095],[13.44,38.0907],[13.43979,38.09031],[13.44003,38.08991],[13.44062,38.08943],[13.44114,38.08912],[13.44176,38.08884],[13.44305,38.08811],[13.44298,38.08778],[13.44226,38.08738],[13.44169,38.08718],[13.44162,38.08654],[13.4416,38.08631],[13.44172,38.0857],[13.44083,38.08587],[13.44017,38.08601],[13.43961,38.08613],[13.43767,38.08591],[13.43645,38.08595],[13.43631,38.08596],[13.43496,38.08607],[13.43429,38.0864],[13.43355,38.08686],[13.4333,38.08705],[13.43322,38.08696],[13.43337,38.08643],[13.43354,38.08617],[13.43361,38.08608],[13.43359,38.08596],[13.43357,38.08585],[13.43352,38.08556],[13.43351,38.08551],[13.43349,38.08537],[13.43356,38.08448],[13.43357,38.08441],[13.43357,38.08434],[13.43358,38.08405],[13.43372,38.08371],[13.43379,38.08362],[13.43386,38.08352],[13.43386,38.08337],[13.43401,38.08305],[13.43408,38.08286],[13.43413,38.08267],[13.43417,38.08253],[13.43399,38.08245],[13.43402,38.08239],[13.43387,38.08211],[13.43334,38.08218],[13.43238,38.08232],[13.43154,38.08253],[13.43053,38.08285],[13.42998,38.08302],[13.42885,38.0834],[13.42835,38.0834],[13.42806,38.0834],[13.42699,38.0835],[13.42651,38.08375],[13.42577,38.08396],[13.42548,38.08424],[13.42495,38.08469],[13.42437,38.08543],[13.42386,38.08582],[13.4235,38.08608],[13.42341,38.08614],[13.42302,38.08642],[13.42028,38.08638],[13.41973,38.08638],[13.41605,38.08635],[13.41485,38.08633],[13.41404,38.08629],[13.41399,38.0863],[13.41395,38.08628],[13.41334,38.08628],[13.41182,38.08633],[13.41209,38.0861],[13.40859,38.08637],[13.40497,38.08669],[13.40108,38.08704],[13.39709,38.08744],[13.39796,38.08755],[13.39819,38.08782],[13.39899,38.08821],[13.39949,38.08792],[13.4,38.0883],[13.39853,38.08913],[13.39851,38.08928],[13.39897,38.08969],[13.40133,38.08905],[13.40152,38.08921],[13.40051,38.0895],[13.4002,38.08959],[13.40011,38.08961],[13.39906,38.08993],[13.39885,38.08999],[13.39877,38.09002],[13.39817,38.0902],[13.39808,38.09023],[13.39775,38.09034],[13.39661,38.09082],[13.39464,38.09192],[13.3937,38.09249],[13.39291,38.09297],[13.39309,38.09318],[13.39304,38.09321],[13.39255,38.09354],[13.39231,38.09334],[13.39214,38.09345],[13.39068,38.09436],[13.38892,38.09548],[13.38883,38.09553],[13.38854,38.09571],[13.38698,38.09665],[13.38667,38.09683],[13.38609,38.09719],[13.38565,38.09744],[13.38547,38.09755],[13.38541,38.09759],[13.385,38.09784],[13.38324,38.09887],[13.38309,38.09896],[13.38194,38.09973],[13.38169,38.09989],[13.3811,38.10024],[13.38067,38.10053],[13.3804,38.10067],[13.38035,38.1007],[13.38025,38.10077],[13.37991,38.10097],[13.37964,38.10113],[13.37911,38.10143],[13.37904,38.10168],[13.37831,38.10249],[13.37826,38.10255],[13.37809,38.10277],[13.37803,38.10285],[13.37783,38.10315],[13.37768,38.10336],[13.37742,38.10378],[13.37731,38.10387],[13.37712,38.10397],[13.37685,38.1041],[13.37672,38.10418],[13.37639,38.10433],[13.37635,38.10434],[13.37632,38.10435],[13.37617,38.1044],[13.37595,38.10447],[13.37588,38.10447],[13.37575,38.1045],[13.37566,38.10452],[13.37544,38.10456],[13.37538,38.10456],[13.37503,38.10458],[13.37487,38.10459],[13.37452,38.10461],[13.37455,38.10454],[13.37455,38.10445],[13.37456,38.10437],[13.37446,38.10419],[13.37436,38.10403],[13.37417,38.1042],[13.3741,38.10426],[13.37361,38.10459],[13.3733,38.10479],[13.37334,38.10487],[13.3734,38.10492],[13.37346,38.10498],[13.37355,38.10507],[13.37388,38.10537],[13.37442,38.10598],[13.37522,38.10685],[13.37548,38.10712],[13.3756,38.10724],[13.37587,38.10745],[13.37638,38.10784],[13.37662,38.10804],[13.37678,38.10817],[13.37692,38.10827],[13.37701,38.10834],[13.37829,38.1091],[13.37858,38.10927],[13.379,38.10958],[13.37906,38.10962],[13.37931,38.10981],[13.37971,38.11009],[13.38022,38.11042],[13.38061,38.11058],[13.38126,38.11071],[13.38176,38.11048],[13.38221,38.11028],[13.38263,38.11002],[13.38294,38.10976],[13.38317,38.10943],[13.38362,38.10904],[13.38426,38.10866],[13.38482,38.10841],[13.38503,38.10832],[13.38577,38.108],[13.38651,38.10766],[13.38751,38.10726],[13.38909,38.10665],[13.38921,38.1066],[13.39064,38.10597],[13.39105,38.10578],[13.3913,38.10559],[13.39215,38.10527],[13.39264,38.10518],[13.39257,38.10495],[13.39302,38.10469],[13.39399,38.1043],[13.39477,38.1041],[13.39531,38.10403],[13.39572,38.10393],[13.39624,38.10391],[13.39679,38.10395],[13.39742,38.10389],[13.39806,38.10373],[13.39877,38.10355],[13.39896,38.10341],[13.4005,38.103],[13.40083,38.10284],[13.4012,38.10255],[13.40141,38.10238],[13.40169,38.10216],[13.40197,38.1019],[13.40217,38.10174],[13.40242,38.10159],[13.40275,38.10138],[13.40316,38.10113],[13.40339,38.1009],[13.4036,38.10062],[13.4038,38.10038],[13.4043,38.1002],[13.40472,38.10011],[13.40533,38.09993],[13.40581,38.09987],[13.40593,38.09985],[13.40623,38.09979],[13.40712,38.09959],[13.40795,38.09935],[13.40859,38.09915],[13.40947,38.09912],[13.40985,38.09902],[13.41024,38.09893],[13.4105,38.09894],[13.41083,38.099],[13.41099,38.09896],[13.41122,38.09879],[13.41172,38.09862],[13.41229,38.09859],[13.41279,38.09857],[13.41314,38.0985],[13.41375,38.09846],[13.414,38.09845],[13.41426,38.09833],[13.41472,38.0983],[13.41556,38.09823],[13.41583,38.09824],[13.41619,38.09835],[13.41645,38.09901],[13.41693,38.09893],[13.41685,38.09874],[13.41658,38.09879],[13.41642,38.09837],[13.41673,38.09827],[13.4171,38.09819],[13.41745,38.0983],[13.41721,38.09895],[13.41747,38.09899],[13.41759,38.0988],[13.41916,38.09864],[13.42037,38.09844],[13.42188,38.09824],[13.42284,38.09824],[13.42365,38.0983],[13.42449,38.09847],[13.42516,38.09875],[13.42562,38.09881],[13.42599,38.099],[13.42664,38.09905],[13.42782,38.09927],[13.42825,38.09929],[13.42895,38.09911],[13.42948,38.09883],[13.43031,38.09816],[13.4308,38.09776],[13.43111,38.09746],[13.43165,38.09702],[13.43221,38.09664],[13.43278,38.09636],[13.43333,38.09619],[13.43349,38.09603],[13.43452,38.09552],[13.43517,38.09545],[13.43699,38.09536],[13.43776,38.09532],[13.43849,38.0953],[13.43904,38.09526],[13.43924,38.09524],[13.43924,38.09513],[13.43933,38.09508],[13.43952,38.095],[13.43965,38.09506],[13.43991,38.09502],[13.44042,38.09492],[13.44101,38.09494],[13.44122,38.09501],[13.44142,38.09483],[13.44272,38.09481],[13.44377,38.09492],[13.44469,38.09501],[13.44515,38.09503],[13.44568,38.09511],[13.4464,38.09505],[13.44671,38.09506],[13.44707,38.09507],[13.44756,38.09514],[13.44823,38.09516],[13.44905,38.09525],[13.4499,38.09539],[13.4506,38.09545],[13.45091,38.09533],[13.45005,38.09416],[13.4511,38.09358]]]],"type":"MultiPolygon"}},{"type":"Feature","properties":{"Quartiere":"Cuba - Calatafimi","circoscrizione":"IV","n_sezioni":70,"totale_pop":19507,"totale_civici":3885,"area_km2":1.772,"dens_pop":11008.6,"dens_civici":2192.5,"bivar_lbl_modale":"3-3","col_modale":"#3b4994"},"geometry":{"coordinates":[[[[13.33456,38.10484],[13.33439,38.10477],[13.33425,38.10471],[13.33376,38.10452],[13.33371,38.10487],[13.33371,38.10492],[13.33364,38.10548],[13.3336,38.10579],[13.33359,38.10587],[13.33355,38.10636],[13.33343,38.10732],[13.33278,38.10711],[13.33202,38.10696],[13.33172,38.10682],[13.33102,38.10667],[13.33023,38.10653],[13.33021,38.10671],[13.33016,38.1072],[13.33016,38.10728],[13.33009,38.10797],[13.33005,38.10833],[13.33002,38.10862],[13.32998,38.10904],[13.32997,38.10911],[13.32996,38.10922],[13.32989,38.10992],[13.32983,38.11048],[13.32982,38.11062],[13.32978,38.11103],[13.32976,38.11119],[13.3297,38.11174],[13.32966,38.11219],[13.32946,38.1136],[13.32976,38.11358],[13.3301,38.11351],[13.33031,38.11343],[13.33073,38.11329],[13.33092,38.11323],[13.33125,38.1132],[13.33135,38.11321],[13.33145,38.11316],[13.33163,38.11297],[13.33173,38.11286],[13.33179,38.11278],[13.33191,38.11273],[13.33199,38.11268],[13.33215,38.1126],[13.33219,38.11256],[13.33259,38.11311],[13.33302,38.11287],[13.33332,38.11273],[13.33362,38.11258],[13.33379,38.11247],[13.3341,38.11233],[13.33462,38.11236],[13.33507,38.11238],[13.33536,38.1124],[13.33611,38.11242],[13.33638,38.11244],[13.33666,38.11232],[13.33696,38.11229],[13.33754,38.1122],[13.33777,38.11217],[13.33785,38.11257],[13.33869,38.11277],[13.33896,38.11283],[13.33921,38.11292],[13.33945,38.11299],[13.33979,38.1131],[13.34014,38.11212],[13.34068,38.11225],[13.34062,38.11217],[13.3405,38.11203],[13.34038,38.11196],[13.34024,38.11175],[13.34004,38.11164],[13.34025,38.11165],[13.3405,38.11169],[13.34062,38.11169],[13.34106,38.11171],[13.34123,38.11176],[13.34147,38.11181],[13.34182,38.11189],[13.34291,38.11214],[13.343,38.11217],[13.34323,38.11225],[13.34341,38.11232],[13.34343,38.11243],[13.3437,38.11254],[13.34396,38.11265],[13.34422,38.11269],[13.3445,38.11265],[13.34458,38.11263],[13.34478,38.11258],[13.34485,38.11256],[13.34494,38.11252],[13.34511,38.11247],[13.34532,38.11215],[13.3454,38.11197],[13.34542,38.11183],[13.34543,38.11174],[13.34578,38.1118],[13.34613,38.11178],[13.34643,38.11185],[13.34666,38.1119],[13.3471,38.1119],[13.34735,38.1119],[13.34735,38.11245],[13.34738,38.11275],[13.34707,38.11329],[13.34744,38.11344],[13.34771,38.1135],[13.34792,38.11361],[13.34813,38.11344],[13.3483,38.11331],[13.34841,38.11346],[13.34877,38.11382],[13.34943,38.11396],[13.34996,38.11417],[13.35022,38.11423],[13.35071,38.11434],[13.35142,38.11454],[13.3519,38.11465],[13.35198,38.11466],[13.35216,38.11437],[13.35222,38.11426],[13.35226,38.11417],[13.35231,38.11395],[13.35234,38.11359],[13.35221,38.11306],[13.35217,38.11291],[13.35214,38.11283],[13.35223,38.11269],[13.35227,38.11258],[13.35257,38.11211],[13.35225,38.11196],[13.35212,38.1119],[13.35189,38.11181],[13.35174,38.11176],[13.35162,38.11171],[13.35119,38.11157],[13.35105,38.11146],[13.35085,38.11144],[13.35018,38.1112],[13.35006,38.11109],[13.34983,38.11101],[13.35063,38.10984],[13.35069,38.10975],[13.35081,38.10989],[13.35177,38.10996],[13.35257,38.11002],[13.35286,38.11002],[13.35298,38.11001],[13.35304,38.10995],[13.35319,38.1098],[13.35335,38.10961],[13.35362,38.10934],[13.35422,38.10872],[13.35394,38.10812],[13.35364,38.10821],[13.35315,38.10859],[13.35278,38.10831],[13.35263,38.1083],[13.35233,38.10832],[13.352,38.10837],[13.35162,38.10837],[13.35134,38.10828],[13.35104,38.10817],[13.35079,38.10801],[13.35064,38.10786],[13.35058,38.10773],[13.35054,38.10763],[13.35052,38.10741],[13.3504,38.10728],[13.35021,38.10712],[13.35003,38.107],[13.34951,38.10675],[13.34917,38.10662],[13.34901,38.10659],[13.34888,38.10652],[13.34859,38.10638],[13.34818,38.10636],[13.34753,38.10635],[13.34711,38.10619],[13.34677,38.10595],[13.34626,38.10562],[13.34578,38.1053],[13.34486,38.10456],[13.34475,38.10388],[13.34411,38.10374],[13.34395,38.1037],[13.34362,38.10357],[13.34356,38.10327],[13.34302,38.10274],[13.34145,38.10144],[13.34055,38.10207],[13.34029,38.10227],[13.33976,38.10156],[13.33964,38.10125],[13.33948,38.10072],[13.33959,38.10068],[13.33943,38.10034],[13.33871,38.10051],[13.33876,38.10062],[13.33849,38.10078],[13.3381,38.101],[13.33801,38.10114],[13.33786,38.10135],[13.33779,38.1015],[13.33763,38.10164],[13.33741,38.10179],[13.33709,38.10209],[13.33687,38.10233],[13.33666,38.10254],[13.3364,38.10278],[13.33608,38.10321],[13.33586,38.10349],[13.33567,38.10372],[13.33555,38.10385],[13.33528,38.10419],[13.33519,38.1043],[13.33503,38.1045],[13.33471,38.1049],[13.33456,38.10484]]]],"type":"MultiPolygon"}},{"type":"Feature","properties":{"Quartiere":"Villagrazia - Falsomiele","circoscrizione":"III","n_sezioni":85,"totale_pop":39719,"totale_civici":8753,"area_km2":17.9564,"dens_pop":2212.0,"dens_civici":487.5,"bivar_lbl_modale":"1-1","col_modale":"#e8e8e8"},"geometry":{"coordinates":[[[[13.38483,38.08795],[13.38573,38.08716],[13.38573,38.08712],[13.38587,38.08691],[13.38615,38.08651],[13.3864,38.08629],[13.38659,38.08615],[13.38672,38.08612],[13.38724,38.08595],[13.38756,38.08585],[13.38776,38.08564],[13.38788,38.08538],[13.38789,38.08513],[13.38787,38.08498],[13.38794,38.08474],[13.38787,38.08456],[13.38797,38.08436],[13.38801,38.08427],[13.38809,38.08398],[13.38795,38.08367],[13.38806,38.08351],[13.38811,38.08326],[13.38808,38.08316],[13.3879,38.08288],[13.38788,38.0827],[13.38778,38.08253],[13.38766,38.0822],[13.38778,38.0821],[13.38781,38.08201],[13.38747,38.08178],[13.38733,38.08161],[13.38729,38.08142],[13.38721,38.0812],[13.3872,38.08108],[13.38721,38.08093],[13.38726,38.08055],[13.38735,38.08024],[13.38748,38.08022],[13.38777,38.08029],[13.38795,38.08021],[13.388,38.08004],[13.38813,38.07999],[13.38832,38.07973],[13.38845,38.07936],[13.38849,38.07928],[13.38831,38.07917],[13.38813,38.07908],[13.38775,38.07876],[13.38759,38.07867],[13.38748,38.0786],[13.38733,38.0785],[13.38719,38.07834],[13.38714,38.07817],[13.38715,38.07804],[13.3872,38.07789],[13.38726,38.07776],[13.38726,38.07765],[13.38722,38.07723],[13.38719,38.07705],[13.38702,38.07697],[13.38689,38.07693],[13.38675,38.07668],[13.38678,38.07644],[13.38673,38.0763],[13.38654,38.07611],[13.38641,38.07596],[13.38641,38.07584],[13.3864,38.07575],[13.38635,38.07556],[13.38649,38.07537],[13.38659,38.07531],[13.38664,38.07512],[13.38665,38.075],[13.38677,38.07478],[13.38631,38.07412],[13.38536,38.07283],[13.38514,38.07256],[13.38531,38.06979],[13.38505,38.06967],[13.38486,38.06966],[13.38476,38.0696],[13.38448,38.06954],[13.3843,38.06927],[13.38436,38.06916],[13.38457,38.069],[13.38457,38.06888],[13.38463,38.06856],[13.38403,38.06877],[13.38316,38.06838],[13.38203,38.06821],[13.38094,38.0683],[13.37964,38.06831],[13.37882,38.06816],[13.37809,38.0679],[13.37725,38.0677],[13.37663,38.06772],[13.37556,38.06806],[13.37471,38.06856],[13.37406,38.06897],[13.37336,38.06964],[13.37262,38.07031],[13.37191,38.07084],[13.37134,38.07127],[13.37065,38.07165],[13.36985,38.0719],[13.36927,38.07203],[13.36857,38.07205],[13.36793,38.07197],[13.36782,38.07123],[13.36792,38.07054],[13.36809,38.06987],[13.36843,38.06957],[13.36841,38.06879],[13.36847,38.06812],[13.36875,38.06745],[13.36878,38.06691],[13.36861,38.06617],[13.36852,38.06549],[13.36839,38.06466],[13.36817,38.06422],[13.36755,38.06376],[13.36688,38.06323],[13.36632,38.06298],[13.36541,38.06307],[13.36445,38.06343],[13.36357,38.06308],[13.36321,38.06293],[13.36245,38.06306],[13.36161,38.06383],[13.36127,38.06427],[13.36032,38.06415],[13.3599,38.06422],[13.35937,38.06432],[13.35866,38.06459],[13.35814,38.06416],[13.35765,38.06374],[13.35693,38.06372],[13.35666,38.06371],[13.35594,38.06286],[13.35514,38.06218],[13.35457,38.06161],[13.35379,38.06133],[13.35307,38.06115],[13.35293,38.06111],[13.35203,38.0612],[13.35119,38.06137],[13.3495,38.06199],[13.34902,38.06195],[13.3485,38.06189],[13.34758,38.06186],[13.34697,38.06168],[13.34638,38.06125],[13.34626,38.06117],[13.34554,38.06076],[13.34471,38.06042],[13.34392,38.06005],[13.34311,38.05963],[13.34305,38.0591],[13.34312,38.05839],[13.34315,38.05786],[13.34278,38.05698],[13.34253,38.05685],[13.34228,38.05672],[13.34169,38.05651],[13.34107,38.05654],[13.34031,38.05687],[13.3394,38.05716],[13.33862,38.0569],[13.33755,38.05651],[13.33675,38.05637],[13.33614,38.05653],[13.33552,38.05687],[13.33491,38.05733],[13.33429,38.0578],[13.33379,38.05817],[13.33352,38.05851],[13.33301,38.05755],[13.3324,38.05784],[13.3318,38.05697],[13.3314,38.05654],[13.33061,38.05615],[13.32991,38.05609],[13.32957,38.05546],[13.32909,38.05483],[13.32875,38.05446],[13.32859,38.05396],[13.32845,38.05354],[13.32775,38.05338],[13.32733,38.05311],[13.32702,38.05297],[13.32641,38.05287],[13.32593,38.05262],[13.32555,38.05196],[13.32507,38.05126],[13.32463,38.05055],[13.32431,38.05034],[13.32334,38.05022],[13.32278,38.05046],[13.32212,38.05081],[13.32105,38.05099],[13.31972,38.05084],[13.3184,38.05072],[13.31766,38.0512],[13.31703,38.05173],[13.3164,38.05237],[13.31576,38.05275],[13.31499,38.05307],[13.31444,38.05383],[13.31462,38.05443],[13.31524,38.05509],[13.31626,38.05603],[13.31695,38.05657],[13.31771,38.05676],[13.31778,38.05678],[13.31794,38.05682],[13.31858,38.05728],[13.319,38.05759],[13.31996,38.05827],[13.32045,38.05884],[13.32078,38.05937],[13.3209,38.05956],[13.32096,38.05965],[13.32111,38.05989],[13.32117,38.05999],[13.3213,38.0602],[13.32169,38.06053],[13.32202,38.0608],[13.32273,38.06142],[13.32276,38.06148],[13.32281,38.06157],[13.3229,38.06175],[13.32302,38.06202],[13.32302,38.06267],[13.32332,38.06324],[13.3239,38.06375],[13.32467,38.06465],[13.32529,38.06568],[13.325,38.06618],[13.32479,38.0664],[13.32473,38.06646],[13.32462,38.06657],[13.32432,38.06687],[13.32404,38.06716],[13.32387,38.06737],[13.32356,38.06775],[13.32329,38.06807],[13.32279,38.0687],[13.32211,38.06934],[13.32156,38.06963],[13.32081,38.06982],[13.32064,38.06986],[13.32051,38.06989],[13.31976,38.07015],[13.31963,38.07061],[13.31921,38.07096],[13.31865,38.07099],[13.31822,38.07101],[13.31825,38.0711],[13.3183,38.07143],[13.31831,38.0719],[13.31852,38.07228],[13.31882,38.07255],[13.31933,38.07285],[13.31977,38.07312],[13.3197,38.07348],[13.31943,38.07375],[13.31878,38.07424],[13.31842,38.07454],[13.31819,38.07496],[13.31812,38.07539],[13.31841,38.07581],[13.31865,38.07592],[13.31874,38.076],[13.31899,38.07617],[13.31922,38.07633],[13.31951,38.07664],[13.31959,38.07713],[13.3197,38.07755],[13.31973,38.07801],[13.3197,38.07836],[13.31982,38.0785],[13.31999,38.07856],[13.32014,38.07862],[13.32025,38.07863],[13.32038,38.07866],[13.32061,38.07854],[13.3206,38.0789],[13.32085,38.07897],[13.32102,38.07865],[13.32141,38.07858],[13.32137,38.07899],[13.32222,38.07903],[13.32257,38.079],[13.32308,38.07896],[13.32321,38.07853],[13.32342,38.0786],[13.32349,38.07848],[13.32368,38.07853],[13.32421,38.07904],[13.32474,38.07985],[13.32507,38.0802],[13.32531,38.0804],[13.32564,38.08042],[13.32619,38.08032],[13.32639,38.08049],[13.32655,38.08068],[13.32681,38.08087],[13.327,38.08105],[13.32733,38.08126],[13.3278,38.08135],[13.32844,38.08146],[13.32883,38.08166],[13.32897,38.08181],[13.32947,38.08199],[13.32991,38.08216],[13.33017,38.08237],[13.33049,38.08254],[13.33064,38.08271],[13.33119,38.08299],[13.33156,38.08313],[13.33181,38.08344],[13.3323,38.08389],[13.33307,38.08435],[13.33378,38.08478],[13.33421,38.08501],[13.33465,38.08512],[13.33488,38.08513],[13.33515,38.08515],[13.33545,38.08524],[13.33603,38.08531],[13.3365,38.08546],[13.33687,38.08558],[13.33709,38.0856],[13.33741,38.08609],[13.33777,38.08651],[13.33824,38.08673],[13.33853,38.0866],[13.33889,38.08694],[13.33898,38.08712],[13.33902,38.08728],[13.33899,38.08737],[13.33932,38.08775],[13.34008,38.08771],[13.34087,38.08783],[13.34149,38.08775],[13.34228,38.08766],[13.34272,38.08774],[13.34331,38.08785],[13.3435,38.08792],[13.34357,38.08796],[13.34376,38.08823],[13.34386,38.08859],[13.34391,38.08872],[13.34395,38.08872],[13.34459,38.0892],[13.34488,38.08954],[13.34503,38.08971],[13.34541,38.09006],[13.34634,38.09072],[13.34718,38.09107],[13.3479,38.09062],[13.34854,38.08971],[13.34912,38.08924],[13.35043,38.0894],[13.35168,38.09017],[13.35245,38.09097],[13.35233,38.09145],[13.35194,38.09204],[13.35154,38.09251],[13.35113,38.09312],[13.3511,38.09374],[13.35133,38.09402],[13.35149,38.09411],[13.35163,38.09378],[13.3515,38.09334],[13.35196,38.09272],[13.35255,38.09227],[13.3534,38.09238],[13.35451,38.0926],[13.35511,38.09315],[13.35522,38.09362],[13.35512,38.09407],[13.35471,38.09446],[13.35434,38.09471],[13.35401,38.09518],[13.35446,38.09558],[13.35468,38.09592],[13.35498,38.09613],[13.35531,38.09631],[13.35564,38.09639],[13.35581,38.09635],[13.35581,38.09608],[13.35551,38.09588],[13.35569,38.0954],[13.35604,38.09492],[13.35643,38.0948],[13.35662,38.09478],[13.35683,38.09472],[13.35739,38.0947],[13.35791,38.09487],[13.3583,38.09502],[13.35851,38.09528],[13.35863,38.09561],[13.35901,38.09569],[13.35962,38.09565],[13.35992,38.09583],[13.36031,38.09606],[13.36045,38.09623],[13.36054,38.09628],[13.36064,38.09633],[13.3612,38.09672],[13.36141,38.09696],[13.36148,38.0971],[13.36164,38.09721],[13.36183,38.09739],[13.36229,38.09762],[13.36311,38.09628],[13.36364,38.09543],[13.36403,38.09559],[13.36431,38.09572],[13.36442,38.09577],[13.3647,38.09539],[13.3651,38.09475],[13.3652,38.09481],[13.36546,38.09444],[13.36583,38.09394],[13.36637,38.09394],[13.36655,38.09404],[13.36704,38.09428],[13.36711,38.09432],[13.36715,38.09435],[13.36729,38.09443],[13.36878,38.09536],[13.36964,38.0959],[13.37057,38.09646],[13.37061,38.09636],[13.37077,38.09585],[13.37123,38.09462],[13.37201,38.09333],[13.37244,38.0929],[13.37282,38.09251],[13.37312,38.09213],[13.37344,38.09172],[13.37371,38.09124],[13.37403,38.09067],[13.37423,38.09035],[13.37455,38.09053],[13.37482,38.09069],[13.37533,38.09094],[13.37566,38.09116],[13.37646,38.09179],[13.37681,38.09207],[13.37699,38.09204],[13.37782,38.09183],[13.37841,38.09171],[13.3788,38.09164],[13.37992,38.09142],[13.38102,38.09115],[13.38139,38.09106],[13.38237,38.0908],[13.38295,38.09057],[13.38424,38.09006],[13.38447,38.09],[13.38417,38.08964],[13.38454,38.08912],[13.38487,38.08891],[13.38462,38.08863],[13.38483,38.08795]]]],"type":"MultiPolygon"}},{"type":"Feature","properties":{"Quartiere":"Brancaccio - Ciaculli","circoscrizione":"II","n_sezioni":31,"totale_pop":16346,"totale_civici":4816,"area_km2":12.471,"dens_pop":1310.7,"dens_civici":386.2,"bivar_lbl_modale":"1-1","col_modale":"#e8e8e8"},"geometry":{"coordinates":[[[[13.42515,38.06196],[13.42513,38.06201],[13.42507,38.06219],[13.42497,38.06246],[13.42495,38.0625],[13.42474,38.06272],[13.42467,38.06279],[13.42442,38.06209],[13.42391,38.06155],[13.42334,38.06157],[13.42261,38.06173],[13.42201,38.06158],[13.42167,38.06117],[13.42175,38.06071],[13.42202,38.06028],[13.42209,38.05992],[13.42194,38.0595],[13.42143,38.0591],[13.42061,38.05927],[13.41987,38.05968],[13.41945,38.06025],[13.41836,38.05999],[13.41725,38.05967],[13.4163,38.05993],[13.41561,38.06006],[13.41528,38.05982],[13.41513,38.05945],[13.41442,38.05906],[13.41357,38.05903],[13.41267,38.05907],[13.41177,38.05881],[13.41043,38.05887],[13.40995,38.05887],[13.4092,38.0589],[13.40876,38.05936],[13.40814,38.05963],[13.40755,38.0597],[13.40658,38.05969],[13.40584,38.0595],[13.40496,38.05941],[13.40412,38.05962],[13.40312,38.0599],[13.40247,38.06015],[13.40234,38.06052],[13.40243,38.0609],[13.40202,38.06124],[13.40153,38.06137],[13.4013,38.06169],[13.40141,38.06229],[13.40163,38.06269],[13.40146,38.06312],[13.40063,38.0631],[13.39969,38.06316],[13.39925,38.0633],[13.3991,38.06342],[13.39865,38.06377],[13.39832,38.06434],[13.39768,38.06491],[13.397,38.06529],[13.39635,38.06574],[13.39602,38.06631],[13.39539,38.06647],[13.39457,38.06659],[13.39371,38.06663],[13.39261,38.06624],[13.39162,38.06615],[13.39088,38.06633],[13.39004,38.06692],[13.38949,38.06722],[13.3884,38.06725],[13.38803,38.06732],[13.38715,38.06746],[13.38637,38.06786],[13.38552,38.06826],[13.38463,38.06856],[13.38457,38.06888],[13.38457,38.069],[13.38436,38.06916],[13.3843,38.06927],[13.38448,38.06954],[13.38476,38.0696],[13.38486,38.06966],[13.38505,38.06967],[13.38531,38.06979],[13.38514,38.07256],[13.38536,38.07283],[13.38631,38.07412],[13.38677,38.07478],[13.38665,38.075],[13.38664,38.07512],[13.38659,38.07531],[13.38649,38.07537],[13.38635,38.07556],[13.3864,38.07575],[13.38641,38.07584],[13.38641,38.07596],[13.38654,38.07611],[13.38673,38.0763],[13.38678,38.07644],[13.38675,38.07668],[13.38689,38.07693],[13.38702,38.07697],[13.38719,38.07705],[13.38722,38.07723],[13.38726,38.07765],[13.38726,38.07776],[13.3872,38.07789],[13.38715,38.07804],[13.38714,38.07817],[13.38719,38.07834],[13.38733,38.0785],[13.38748,38.0786],[13.38759,38.07867],[13.38775,38.07876],[13.38813,38.07908],[13.38831,38.07917],[13.38849,38.07928],[13.38845,38.07936],[13.38832,38.07973],[13.38813,38.07999],[13.388,38.08004],[13.38795,38.08021],[13.38777,38.08029],[13.38748,38.08022],[13.38735,38.08024],[13.38726,38.08055],[13.38721,38.08093],[13.3872,38.08108],[13.38721,38.0812],[13.38729,38.08142],[13.38733,38.08161],[13.38747,38.08178],[13.38781,38.08201],[13.38778,38.0821],[13.38766,38.0822],[13.38778,38.08253],[13.38788,38.0827],[13.3879,38.08288],[13.38808,38.08316],[13.38811,38.08326],[13.38806,38.08351],[13.38795,38.08367],[13.38809,38.08398],[13.38801,38.08427],[13.38797,38.08436],[13.38787,38.08456],[13.38794,38.08474],[13.38787,38.08498],[13.38789,38.08513],[13.38788,38.08538],[13.38776,38.08564],[13.38756,38.08585],[13.38724,38.08595],[13.38672,38.08612],[13.38659,38.08615],[13.3864,38.08629],[13.38615,38.08651],[13.38587,38.08691],[13.38573,38.08712],[13.38573,38.08716],[13.38483,38.08795],[13.38462,38.08863],[13.38487,38.08891],[13.38454,38.08912],[13.38417,38.08964],[13.38447,38.09],[13.38424,38.09006],[13.38295,38.09057],[13.38237,38.0908],[13.38139,38.09106],[13.38102,38.09115],[13.37992,38.09142],[13.3788,38.09164],[13.37841,38.09171],[13.3775,38.09384],[13.37764,38.09385],[13.37788,38.09407],[13.37815,38.09446],[13.37835,38.09487],[13.37779,38.09513],[13.37675,38.09556],[13.3762,38.0958],[13.37606,38.09585],[13.37539,38.09666],[13.37476,38.09742],[13.37466,38.09756],[13.37458,38.09769],[13.37431,38.09809],[13.37428,38.09815],[13.37293,38.0982],[13.37275,38.09822],[13.3725,38.0986],[13.373,38.09885],[13.37309,38.09892],[13.3738,38.09946],[13.37433,38.10027],[13.37489,38.10116],[13.37519,38.1019],[13.37525,38.10242],[13.3751,38.10299],[13.37488,38.10343],[13.37451,38.10389],[13.37446,38.10393],[13.37436,38.10403],[13.37446,38.10419],[13.37456,38.10437],[13.37455,38.10445],[13.37455,38.10454],[13.37452,38.10461],[13.37487,38.10459],[13.37503,38.10458],[13.37538,38.10456],[13.37544,38.10456],[13.37566,38.10452],[13.37575,38.1045],[13.37588,38.10447],[13.37595,38.10447],[13.37617,38.1044],[13.37632,38.10435],[13.37635,38.10434],[13.37639,38.10433],[13.37672,38.10418],[13.37685,38.1041],[13.37712,38.10397],[13.37731,38.10387],[13.37742,38.10378],[13.37768,38.10336],[13.37783,38.10315],[13.37803,38.10285],[13.37809,38.10277],[13.37826,38.10255],[13.37831,38.10249],[13.37904,38.10168],[13.37911,38.10143],[13.37964,38.10113],[13.37991,38.10097],[13.38025,38.10077],[13.38035,38.1007],[13.3804,38.10067],[13.38067,38.10053],[13.3811,38.10024],[13.38169,38.09989],[13.38194,38.09973],[13.38309,38.09896],[13.38324,38.09887],[13.385,38.09784],[13.38541,38.09759],[13.38547,38.09755],[13.38565,38.09744],[13.38609,38.09719],[13.38667,38.09683],[13.38698,38.09665],[13.38854,38.09571],[13.38883,38.09553],[13.38892,38.09548],[13.39068,38.09436],[13.39214,38.09345],[13.39231,38.09334],[13.39255,38.09354],[13.39304,38.09321],[13.39309,38.09318],[13.39291,38.09297],[13.3937,38.09249],[13.39464,38.09192],[13.39661,38.09082],[13.39775,38.09034],[13.39808,38.09023],[13.39817,38.0902],[13.39877,38.09002],[13.39885,38.08999],[13.39906,38.08993],[13.40011,38.08961],[13.4002,38.08959],[13.40051,38.0895],[13.40152,38.08921],[13.40133,38.08905],[13.39897,38.08969],[13.39851,38.08928],[13.39853,38.08913],[13.4,38.0883],[13.39949,38.08792],[13.39899,38.08821],[13.39819,38.08782],[13.39796,38.08755],[13.39709,38.08744],[13.40108,38.08704],[13.40497,38.08669],[13.40859,38.08637],[13.41209,38.0861],[13.41182,38.08633],[13.41334,38.08628],[13.41395,38.08628],[13.41399,38.0863],[13.41404,38.08629],[13.41485,38.08633],[13.41605,38.08635],[13.41973,38.08638],[13.42028,38.08638],[13.42302,38.08642],[13.42341,38.08614],[13.4235,38.08608],[13.42386,38.08582],[13.42437,38.08543],[13.42495,38.08469],[13.42548,38.08424],[13.42577,38.08396],[13.42651,38.08375],[13.42699,38.0835],[13.42806,38.0834],[13.42835,38.0834],[13.42885,38.0834],[13.42998,38.08302],[13.43053,38.08285],[13.43154,38.08253],[13.43238,38.08232],[13.43334,38.08218],[13.43387,38.08211],[13.43365,38.08174],[13.43261,38.08124],[13.43167,38.08104],[13.43159,38.081],[13.431,38.08069],[13.4309,38.08025],[13.43056,38.07969],[13.43049,38.07959],[13.43043,38.07949],[13.43005,38.07893],[13.42996,38.0783],[13.42998,38.07805],[13.43061,38.07777],[13.43067,38.07775],[13.4314,38.07761],[13.43167,38.07755],[13.43241,38.07728],[13.43257,38.07722],[13.43271,38.0772],[13.43356,38.07703],[13.43414,38.07648],[13.43422,38.07577],[13.43404,38.07511],[13.43393,38.07471],[13.43413,38.07413],[13.43413,38.07358],[13.43379,38.07303],[13.4336,38.07264],[13.43361,38.07228],[13.43403,38.07187],[13.43447,38.07137],[13.43451,38.07086],[13.43452,38.07051],[13.43454,38.07007],[13.43454,38.06922],[13.43474,38.06851],[13.43472,38.06822],[13.43452,38.06784],[13.43446,38.06772],[13.4343,38.06723],[13.43361,38.06742],[13.43336,38.06706],[13.43333,38.06668],[13.43333,38.06636],[13.43315,38.06611],[13.4324,38.06632],[13.43225,38.06607],[13.43171,38.06615],[13.43137,38.06593],[13.43101,38.0658],[13.43069,38.06591],[13.43003,38.06535],[13.42946,38.06487],[13.42903,38.06447],[13.42901,38.06388],[13.42878,38.06343],[13.42801,38.06317],[13.42713,38.06321],[13.42647,38.06305],[13.42604,38.0624],[13.42546,38.06175],[13.42517,38.06191],[13.42515,38.06196]]]],"type":"MultiPolygon"}},{"type":"Feature","properties":{"Quartiere":"Boccadifalco","circoscrizione":"IV","n_sezioni":19,"totale_pop":7799,"totale_civici":3289,"area_km2":11.6813,"dens_pop":667.6,"dens_civici":281.6,"bivar_lbl_modale":"1-1","col_modale":"#e8e8e8"},"geometry":{"coordinates":[[[[13.31489,38.10793],[13.3156,38.10763],[13.31618,38.10749],[13.31627,38.10747],[13.31658,38.10744],[13.31575,38.10649],[13.31684,38.10587],[13.31674,38.10572],[13.31562,38.10535],[13.31547,38.1053],[13.31651,38.10477],[13.31705,38.10429],[13.3176,38.10374],[13.3179,38.10344],[13.31704,38.10338],[13.31611,38.10319],[13.31556,38.10309],[13.31561,38.10295],[13.31501,38.10295],[13.31261,38.103],[13.31099,38.10306],[13.31092,38.1032],[13.31086,38.10334],[13.31086,38.10345],[13.31088,38.10358],[13.31095,38.10379],[13.31081,38.10375],[13.31034,38.10357],[13.31038,38.10314],[13.31077,38.10261],[13.31105,38.10214],[13.31054,38.10213],[13.31047,38.10198],[13.31037,38.10157],[13.30993,38.09973],[13.30991,38.09925],[13.30989,38.09895],[13.30984,38.09769],[13.30983,38.09761],[13.30913,38.09768],[13.30867,38.09772],[13.30841,38.09637],[13.30756,38.09574],[13.30774,38.09554],[13.30765,38.09517],[13.30787,38.095],[13.30795,38.09464],[13.30767,38.09453],[13.30745,38.09425],[13.30716,38.09417],[13.307,38.09437],[13.30674,38.09426],[13.30628,38.0941],[13.30606,38.09419],[13.30558,38.09378],[13.3044,38.09282],[13.30425,38.09253],[13.30396,38.09291],[13.30339,38.09296],[13.30361,38.09318],[13.30353,38.09353],[13.30328,38.09376],[13.30352,38.09412],[13.30375,38.09453],[13.30367,38.09511],[13.30355,38.09536],[13.30383,38.09553],[13.30443,38.09578],[13.30498,38.09593],[13.30524,38.09613],[13.30553,38.09664],[13.30551,38.09711],[13.30519,38.09762],[13.3048,38.09774],[13.30476,38.09829],[13.30446,38.09832],[13.30434,38.09853],[13.30419,38.099],[13.30376,38.0992],[13.30375,38.09925],[13.30366,38.0998],[13.30361,38.09984],[13.30333,38.10004],[13.30302,38.1],[13.30268,38.0997],[13.30245,38.09957],[13.30172,38.09955],[13.30111,38.09925],[13.30032,38.09902],[13.29986,38.09929],[13.29931,38.09966],[13.29837,38.10006],[13.29876,38.10062],[13.29629,38.10106],[13.29575,38.10076],[13.29497,38.10067],[13.29464,38.10079],[13.29426,38.10094],[13.29409,38.10116],[13.29381,38.10151],[13.29344,38.10256],[13.29258,38.10332],[13.29164,38.10397],[13.29004,38.1048],[13.29138,38.10683],[13.29145,38.1071],[13.29154,38.10742],[13.29157,38.10752],[13.2916,38.10762],[13.29163,38.10774],[13.29167,38.10804],[13.29167,38.10827],[13.29165,38.10851],[13.29165,38.10864],[13.29108,38.10872],[13.29052,38.10876],[13.29,38.10858],[13.28945,38.10835],[13.28909,38.10825],[13.28844,38.10812],[13.28805,38.10806],[13.28732,38.10827],[13.28709,38.10833],[13.28678,38.10841],[13.28653,38.10848],[13.28632,38.10849],[13.28616,38.10849],[13.28591,38.10843],[13.28557,38.1083],[13.28529,38.10817],[13.28509,38.10807],[13.28488,38.10802],[13.28458,38.10796],[13.28429,38.1079],[13.2841,38.10784],[13.28393,38.1077],[13.28384,38.10759],[13.28362,38.10724],[13.28326,38.10694],[13.2828,38.1067],[13.28246,38.10651],[13.28238,38.10632],[13.28184,38.10626],[13.2814,38.10588],[13.28026,38.10561],[13.28008,38.1056],[13.27914,38.10552],[13.27801,38.10549],[13.27687,38.10541],[13.27673,38.10541],[13.27659,38.10541],[13.27619,38.10542],[13.27475,38.10526],[13.27383,38.10516],[13.27265,38.10501],[13.27198,38.10478],[13.27115,38.10447],[13.27021,38.10435],[13.26955,38.10446],[13.2687,38.10436],[13.26721,38.10431],[13.26592,38.10429],[13.26587,38.10429],[13.26575,38.10429],[13.26562,38.10429],[13.26466,38.10428],[13.26355,38.10427],[13.26285,38.10455],[13.26233,38.10501],[13.26197,38.10512],[13.26173,38.10461],[13.26143,38.10472],[13.26096,38.10478],[13.25966,38.10468],[13.25906,38.10459],[13.258,38.10442],[13.25692,38.10419],[13.25587,38.10393],[13.25475,38.1035],[13.25389,38.10337],[13.2532,38.10328],[13.25246,38.10312],[13.25172,38.10268],[13.25104,38.10272],[13.25029,38.10245],[13.24959,38.10216],[13.24839,38.10202],[13.24783,38.10177],[13.247,38.10155],[13.24575,38.10146],[13.2449,38.10124],[13.24315,38.10054],[13.24286,38.10053],[13.24238,38.10051],[13.24279,38.1015],[13.24308,38.10251],[13.24403,38.10389],[13.24505,38.10514],[13.24577,38.10583],[13.24645,38.10607],[13.24719,38.10626],[13.2467,38.1065],[13.24647,38.10685],[13.24643,38.10743],[13.24655,38.10796],[13.24704,38.10873],[13.24761,38.10951],[13.24755,38.11046],[13.24738,38.11149],[13.24727,38.11244],[13.24719,38.11316],[13.2472,38.11415],[13.24753,38.11498],[13.24876,38.11575],[13.2496,38.11643],[13.25016,38.11752],[13.25061,38.11839],[13.25124,38.11951],[13.25195,38.12061],[13.25228,38.12133],[13.25264,38.12225],[13.25605,38.12063],[13.26292,38.11904],[13.26386,38.11885],[13.26507,38.11847],[13.26653,38.11815],[13.26875,38.11791],[13.2692,38.11868],[13.26962,38.11926],[13.26977,38.11997],[13.26989,38.12048],[13.27055,38.12113],[13.27131,38.12161],[13.27207,38.12213],[13.27291,38.12261],[13.27397,38.12307],[13.2746,38.12314],[13.2752,38.12332],[13.27634,38.12351],[13.27668,38.12375],[13.2771,38.12396],[13.27818,38.12357],[13.27947,38.12322],[13.2802,38.12313],[13.28178,38.12288],[13.28604,38.12142],[13.28628,38.12125],[13.28643,38.12113],[13.28655,38.12106],[13.28667,38.12102],[13.28706,38.12101],[13.28737,38.12098],[13.28774,38.12092],[13.28815,38.12078],[13.28823,38.12076],[13.28847,38.12061],[13.28892,38.12031],[13.28908,38.1201],[13.28916,38.11983],[13.28924,38.11952],[13.28934,38.11913],[13.28952,38.11871],[13.28961,38.11853],[13.28979,38.11834],[13.29008,38.11814],[13.29034,38.11797],[13.2894,38.11815],[13.28922,38.11821],[13.28822,38.11823],[13.28867,38.11801],[13.2892,38.1178],[13.28968,38.11758],[13.2902,38.11742],[13.29074,38.1174],[13.29097,38.11739],[13.29142,38.11745],[13.29178,38.11743],[13.29217,38.11736],[13.29242,38.11732],[13.29278,38.1173],[13.29301,38.11732],[13.29259,38.11694],[13.29554,38.1167],[13.29713,38.11716],[13.29718,38.11702],[13.29762,38.11718],[13.29835,38.11752],[13.29942,38.11834],[13.29993,38.11866],[13.30113,38.11895],[13.30136,38.119],[13.30353,38.11946],[13.30488,38.11974],[13.30558,38.12001],[13.30571,38.1201],[13.30789,38.12057],[13.3093,38.12095],[13.31084,38.12131],[13.31187,38.12174],[13.31209,38.12189],[13.31242,38.12174],[13.31273,38.12177],[13.31312,38.12158],[13.31533,38.12126],[13.31547,38.12019],[13.31721,38.11895],[13.31763,38.11786],[13.31811,38.1169],[13.31863,38.11535],[13.3189,38.11474],[13.32026,38.11077],[13.32045,38.11022],[13.32011,38.11022],[13.31945,38.11015],[13.31932,38.11018],[13.31907,38.11011],[13.3186,38.11007],[13.31853,38.11007],[13.31834,38.11007],[13.31739,38.11001],[13.31697,38.10996],[13.31612,38.10988],[13.31555,38.10982],[13.3154,38.1098],[13.31546,38.10954],[13.31466,38.10949],[13.31473,38.10854],[13.31438,38.10813],[13.31489,38.10793]]]],"type":"MultiPolygon"}},{"type":"Feature","properties":{"Quartiere":"Mezzomonreale - Villa Tasca","circoscrizione":"IV","n_sezioni":74,"totale_pop":35665,"totale_civici":7763,"area_km2":8.2772,"dens_pop":4308.8,"dens_civici":937.9,"bivar_lbl_modale":"1-1","col_modale":"#e8e8e8"},"geometry":{"coordinates":[[[[13.31865,38.07592],[13.31841,38.07581],[13.31812,38.07539],[13.31819,38.07496],[13.31842,38.07454],[13.31878,38.07424],[13.31943,38.07375],[13.3197,38.07348],[13.31977,38.07312],[13.31933,38.07285],[13.31882,38.07255],[13.31852,38.07228],[13.31831,38.0719],[13.3183,38.07143],[13.31825,38.0711],[13.31822,38.07101],[13.31814,38.07102],[13.31808,38.07095],[13.31767,38.07045],[13.31762,38.07042],[13.31704,38.07004],[13.31617,38.07006],[13.31499,38.0702],[13.3153,38.07047],[13.31552,38.07055],[13.31571,38.07062],[13.31607,38.07074],[13.3162,38.07095],[13.31598,38.0711],[13.31589,38.07115],[13.3158,38.07123],[13.3154,38.0716],[13.31522,38.07218],[13.31506,38.07275],[13.315,38.07298],[13.31496,38.07312],[13.3148,38.0735],[13.3146,38.07396],[13.31437,38.07414],[13.31432,38.07413],[13.31398,38.07439],[13.31388,38.07464],[13.31436,38.07508],[13.31468,38.07594],[13.3147,38.07603],[13.31487,38.077],[13.3149,38.07719],[13.31486,38.07725],[13.31465,38.0775],[13.31438,38.07784],[13.31416,38.07793],[13.31334,38.07831],[13.31302,38.07816],[13.31259,38.07771],[13.31221,38.07717],[13.31198,38.07694],[13.31177,38.07675],[13.31163,38.07661],[13.3109,38.07618],[13.3104,38.07574],[13.31001,38.07495],[13.30928,38.07464],[13.30871,38.07453],[13.3085,38.07449],[13.30845,38.07473],[13.30823,38.07455],[13.30815,38.07453],[13.30772,38.07451],[13.30713,38.07459],[13.30653,38.07471],[13.30634,38.07475],[13.30629,38.07473],[13.30627,38.07459],[13.30629,38.07443],[13.30595,38.0745],[13.30525,38.07461],[13.30497,38.07466],[13.30416,38.07464],[13.30352,38.07457],[13.303,38.0747],[13.30308,38.07485],[13.30314,38.07497],[13.30316,38.075],[13.30324,38.07516],[13.30342,38.07547],[13.30284,38.07627],[13.30234,38.07692],[13.30207,38.07756],[13.3024,38.07785],[13.30267,38.07802],[13.30307,38.07827],[13.30354,38.07863],[13.30374,38.07882],[13.30388,38.07896],[13.30443,38.07905],[13.30497,38.07929],[13.30473,38.07977],[13.3047,38.07982],[13.3041,38.081],[13.30389,38.08171],[13.30357,38.08163],[13.30342,38.08179],[13.30331,38.08191],[13.3035,38.08235],[13.30349,38.08251],[13.30348,38.08288],[13.30303,38.08357],[13.3027,38.08396],[13.30227,38.0843],[13.30219,38.08435],[13.30213,38.0844],[13.30187,38.0846],[13.3016,38.08492],[13.30138,38.08517],[13.30181,38.08522],[13.30208,38.08536],[13.30212,38.08543],[13.30215,38.08548],[13.30222,38.08563],[13.30248,38.08586],[13.30287,38.08589],[13.30286,38.08595],[13.30282,38.08642],[13.30281,38.08685],[13.30285,38.08732],[13.30291,38.08777],[13.30262,38.0881],[13.30255,38.08818],[13.30251,38.08824],[13.30232,38.08847],[13.30222,38.08859],[13.30209,38.08874],[13.30208,38.0888],[13.30203,38.08901],[13.30205,38.08909],[13.30207,38.08915],[13.30216,38.08947],[13.30244,38.08972],[13.30273,38.08994],[13.30285,38.09003],[13.30326,38.09057],[13.30276,38.09109],[13.30296,38.09133],[13.30324,38.0917],[13.30377,38.09213],[13.30428,38.09249],[13.30425,38.09253],[13.3044,38.09282],[13.30558,38.09378],[13.30606,38.09419],[13.30628,38.0941],[13.30674,38.09426],[13.307,38.09437],[13.30716,38.09417],[13.30745,38.09425],[13.30767,38.09453],[13.30795,38.09464],[13.30787,38.095],[13.30765,38.09517],[13.30774,38.09554],[13.30756,38.09574],[13.30841,38.09637],[13.30867,38.09772],[13.30913,38.09768],[13.30983,38.09761],[13.30984,38.09769],[13.30989,38.09895],[13.30991,38.09925],[13.30993,38.09973],[13.31037,38.10157],[13.31047,38.10198],[13.31054,38.10213],[13.31105,38.10214],[13.31077,38.10261],[13.31038,38.10314],[13.31034,38.10357],[13.31081,38.10375],[13.31095,38.10379],[13.31088,38.10358],[13.31086,38.10345],[13.31086,38.10334],[13.31092,38.1032],[13.31099,38.10306],[13.31261,38.103],[13.31501,38.10295],[13.31561,38.10295],[13.31556,38.10309],[13.31611,38.10319],[13.31704,38.10338],[13.3179,38.10344],[13.31888,38.10356],[13.31945,38.10363],[13.31951,38.10364],[13.31975,38.10367],[13.3204,38.10378],[13.32084,38.10383],[13.32096,38.10384],[13.32115,38.10386],[13.32126,38.10387],[13.32141,38.10386],[13.3218,38.10394],[13.32235,38.10402],[13.3225,38.10404],[13.32257,38.10406],[13.32307,38.10413],[13.32347,38.10419],[13.32362,38.10422],[13.3242,38.10432],[13.32439,38.10434],[13.3247,38.10437],[13.32525,38.10447],[13.32579,38.10461],[13.3262,38.10473],[13.32675,38.10493],[13.32724,38.10521],[13.32734,38.10528],[13.3276,38.10543],[13.32785,38.10555],[13.32805,38.10562],[13.32805,38.10573],[13.32795,38.1059],[13.32818,38.10599],[13.32825,38.10606],[13.32881,38.10621],[13.32908,38.10628],[13.32947,38.10637],[13.33006,38.1065],[13.33023,38.10653],[13.33102,38.10667],[13.33172,38.10682],[13.33202,38.10696],[13.33278,38.10711],[13.33343,38.10732],[13.33355,38.10636],[13.33359,38.10587],[13.3336,38.10579],[13.33364,38.10548],[13.33371,38.10492],[13.33371,38.10487],[13.33376,38.10452],[13.33425,38.10471],[13.33439,38.10477],[13.33456,38.10484],[13.33471,38.1049],[13.33503,38.1045],[13.33519,38.1043],[13.33528,38.10419],[13.33555,38.10385],[13.33567,38.10372],[13.33586,38.10349],[13.33608,38.10321],[13.3364,38.10278],[13.33666,38.10254],[13.33687,38.10233],[13.33709,38.10209],[13.33741,38.10179],[13.33763,38.10164],[13.33779,38.1015],[13.33786,38.10135],[13.33801,38.10114],[13.3381,38.101],[13.33849,38.10078],[13.33876,38.10062],[13.33871,38.10051],[13.33943,38.10034],[13.3393,38.10008],[13.33927,38.10003],[13.33869,38.09964],[13.33817,38.09896],[13.33783,38.09852],[13.33745,38.0987],[13.33721,38.09845],[13.33707,38.0983],[13.33678,38.09792],[13.3367,38.09784],[13.33642,38.09754],[13.33633,38.09731],[13.3362,38.09702],[13.33618,38.09652],[13.33618,38.09643],[13.33618,38.09602],[13.33652,38.09579],[13.33725,38.09527],[13.33768,38.09498],[13.33813,38.09465],[13.33855,38.09434],[13.33861,38.0943],[13.33874,38.09421],[13.339,38.09403],[13.33924,38.09385],[13.33942,38.09371],[13.34021,38.0931],[13.34026,38.09306],[13.3404,38.09297],[13.34114,38.09242],[13.34225,38.09158],[13.34336,38.0907],[13.34353,38.09066],[13.34386,38.09042],[13.34442,38.08988],[13.34403,38.08956],[13.34361,38.08901],[13.34318,38.0883],[13.34273,38.08806],[13.34197,38.08804],[13.34173,38.08809],[13.34113,38.08823],[13.34045,38.08841],[13.3399,38.08841],[13.33938,38.08833],[13.33885,38.08796],[13.33849,38.08754],[13.33811,38.08729],[13.33781,38.08719],[13.33749,38.08717],[13.33714,38.08717],[13.33695,38.08715],[13.33692,38.08696],[13.33695,38.08661],[13.33703,38.08621],[13.33663,38.08582],[13.33601,38.08576],[13.33535,38.08568],[13.33471,38.08554],[13.33453,38.0855],[13.33399,38.08522],[13.3334,38.08474],[13.3329,38.08444],[13.33241,38.08416],[13.3323,38.08409],[13.33187,38.08373],[13.33123,38.08325],[13.33073,38.08308],[13.33018,38.08282],[13.32973,38.08244],[13.32905,38.08216],[13.32841,38.08179],[13.32808,38.08169],[13.32734,38.08152],[13.32713,38.08147],[13.32682,38.0814],[13.3266,38.08121],[13.32638,38.08099],[13.32624,38.08071],[13.32604,38.08061],[13.32537,38.08066],[13.32512,38.08066],[13.32491,38.08052],[13.32468,38.08023],[13.32441,38.07975],[13.32397,38.07903],[13.32385,38.07892],[13.32378,38.07886],[13.32346,38.07891],[13.32334,38.07897],[13.32308,38.07906],[13.32247,38.07921],[13.32182,38.07922],[13.32169,38.07919],[13.32137,38.07917],[13.32101,38.0793],[13.3206,38.07923],[13.31984,38.07899],[13.3197,38.07894],[13.3191,38.07834],[13.31929,38.07822],[13.31926,38.07799],[13.3192,38.07789],[13.3192,38.07771],[13.31922,38.07762],[13.31914,38.07732],[13.31911,38.07705],[13.31904,38.07684],[13.31901,38.07673],[13.31951,38.07664],[13.31922,38.07633],[13.31899,38.07617],[13.31874,38.076],[13.31865,38.07592]]]],"type":"MultiPolygon"}},{"type":"Feature","properties":{"Quartiere":"Malaspina - Palagonia","circoscrizione":"VIII","n_sezioni":93,"totale_pop":18846,"totale_civici":3769,"area_km2":1.3693,"dens_pop":13763.0,"dens_civici":2752.5,"bivar_lbl_modale":"2-2","col_modale":"#a5add3"},"geometry":{"coordinates":[[[[13.3402,38.12776],[13.33944,38.12758],[13.3384,38.12736],[13.33785,38.12724],[13.33781,38.12736],[13.33752,38.12731],[13.33685,38.12722],[13.33653,38.12716],[13.33621,38.12704],[13.33551,38.12686],[13.33527,38.1268],[13.33423,38.12651],[13.33321,38.12625],[13.33273,38.12613],[13.33265,38.1261],[13.33188,38.12581],[13.33149,38.12557],[13.33112,38.12533],[13.33043,38.12489],[13.33002,38.12533],[13.3297,38.12568],[13.3295,38.12588],[13.32953,38.12614],[13.32955,38.12639],[13.32959,38.12663],[13.32964,38.12712],[13.32969,38.12763],[13.32976,38.12815],[13.32983,38.1287],[13.32992,38.12969],[13.32997,38.13007],[13.33011,38.13105],[13.33019,38.13174],[13.33032,38.13286],[13.33033,38.133],[13.33052,38.13422],[13.33067,38.13565],[13.3307,38.13586],[13.33075,38.13612],[13.33076,38.13632],[13.3309,38.13736],[13.331,38.13807],[13.33109,38.1388],[13.33115,38.13924],[13.3312,38.13965],[13.33122,38.13983],[13.33134,38.14072],[13.33151,38.142],[13.33263,38.14235],[13.33232,38.14268],[13.33209,38.14294],[13.33187,38.14317],[13.33224,38.14421],[13.33263,38.14383],[13.33275,38.14371],[13.33288,38.14358],[13.33332,38.14311],[13.33359,38.14283],[13.33417,38.14223],[13.33513,38.14124],[13.33582,38.14051],[13.33645,38.13988],[13.33688,38.13944],[13.33704,38.13927],[13.33711,38.1392],[13.3373,38.139],[13.33741,38.13889],[13.33768,38.13862],[13.33776,38.13853],[13.33783,38.13837],[13.33788,38.13825],[13.33803,38.13819],[13.3381,38.13813],[13.33839,38.13779],[13.33859,38.13758],[13.33892,38.13718],[13.33923,38.13668],[13.33938,38.13639],[13.33957,38.13599],[13.33985,38.13549],[13.34001,38.13517],[13.34021,38.13481],[13.34029,38.13447],[13.34029,38.13428],[13.34028,38.13411],[13.34025,38.13393],[13.34021,38.13373],[13.34019,38.13348],[13.34013,38.13331],[13.34,38.13292],[13.34012,38.13261],[13.34029,38.13205],[13.34052,38.13139],[13.34102,38.1315],[13.34142,38.13162],[13.34185,38.13058],[13.342,38.13022],[13.34244,38.12973],[13.3426,38.12946],[13.34273,38.12931],[13.34279,38.12911],[13.34291,38.12877],[13.3428,38.12874],[13.34162,38.12843],[13.34173,38.12812],[13.34181,38.1279],[13.34162,38.12789],[13.3414,38.12801],[13.34113,38.12795],[13.3403,38.12778],[13.3402,38.12776]]]],"type":"MultiPolygon"}},{"type":"Feature","properties":{"Quartiere":"Uditore - Passo di Rigano","circoscrizione":"V","n_sezioni":66,"totale_pop":30245,"totale_civici":6058,"area_km2":3.9905,"dens_pop":7579.3,"dens_civici":1518.1,"bivar_lbl_modale":"1-1","col_modale":"#e8e8e8"},"geometry":{"coordinates":[[[[13.31209,38.12189],[13.31187,38.12174],[13.31084,38.12131],[13.3093,38.12095],[13.30789,38.12057],[13.30571,38.1201],[13.30616,38.12042],[13.30303,38.12401],[13.30262,38.12448],[13.30234,38.12507],[13.30241,38.12577],[13.30247,38.12669],[13.30301,38.12927],[13.30316,38.12999],[13.3032,38.13019],[13.30324,38.13042],[13.30349,38.13062],[13.30389,38.13076],[13.30519,38.13132],[13.30644,38.13186],[13.30735,38.13231],[13.30783,38.13251],[13.30788,38.13253],[13.30798,38.13257],[13.30907,38.13298],[13.30945,38.13314],[13.31016,38.13345],[13.3102,38.13347],[13.31093,38.13378],[13.31101,38.13382],[13.31135,38.13396],[13.31208,38.13427],[13.31297,38.13467],[13.31377,38.13505],[13.31484,38.13551],[13.31535,38.13573],[13.31581,38.13592],[13.31705,38.13642],[13.31737,38.13655],[13.31769,38.13668],[13.31816,38.13682],[13.31837,38.13688],[13.31893,38.137],[13.31912,38.13704],[13.31947,38.1371],[13.32097,38.13746],[13.32152,38.13759],[13.32268,38.13788],[13.32353,38.13808],[13.32561,38.13859],[13.32618,38.13868],[13.32859,38.1393],[13.33019,38.1396],[13.33058,38.13969],[13.33122,38.13983],[13.3312,38.13965],[13.33115,38.13924],[13.33109,38.1388],[13.331,38.13807],[13.3309,38.13736],[13.33076,38.13632],[13.33075,38.13612],[13.3307,38.13586],[13.33067,38.13565],[13.33052,38.13422],[13.33033,38.133],[13.33032,38.13286],[13.33019,38.13174],[13.33011,38.13105],[13.32997,38.13007],[13.32992,38.12969],[13.32983,38.1287],[13.32976,38.12815],[13.32969,38.12763],[13.32964,38.12712],[13.32959,38.12663],[13.32955,38.12639],[13.32953,38.12614],[13.3295,38.12588],[13.32943,38.12539],[13.32938,38.12496],[13.32931,38.12447],[13.32928,38.12431],[13.32923,38.12387],[13.32916,38.12345],[13.32916,38.12337],[13.32914,38.1232],[13.32911,38.12294],[13.32908,38.12263],[13.32906,38.12244],[13.329,38.12186],[13.3289,38.12116],[13.32889,38.12111],[13.32884,38.12055],[13.32877,38.11987],[13.32876,38.11966],[13.32874,38.11941],[13.32832,38.11942],[13.32792,38.11947],[13.32738,38.11954],[13.32642,38.11963],[13.32581,38.11971],[13.3251,38.11977],[13.32495,38.11979],[13.32488,38.11979],[13.32474,38.11983],[13.32442,38.11987],[13.32428,38.1199],[13.32382,38.11996],[13.32272,38.12003],[13.32239,38.12003],[13.32234,38.12003],[13.3222,38.12003],[13.32206,38.12003],[13.32134,38.12002],[13.32097,38.12002],[13.32012,38.11997],[13.31969,38.11994],[13.31955,38.11992],[13.3193,38.1199],[13.31893,38.11976],[13.31876,38.11966],[13.31864,38.11958],[13.31849,38.11947],[13.31843,38.11943],[13.31829,38.11934],[13.3181,38.11925],[13.31794,38.11918],[13.31773,38.11911],[13.31721,38.11895],[13.31547,38.12019],[13.31533,38.12126],[13.31312,38.12158],[13.31273,38.12177],[13.31242,38.12174],[13.31209,38.12189]]]],"type":"MultiPolygon"}},{"type":"Feature","properties":{"Quartiere":"Altarello","circoscrizione":"IV","n_sezioni":24,"totale_pop":14931,"totale_civici":3417,"area_km2":1.7682,"dens_pop":8444.0,"dens_civici":1932.4,"bivar_lbl_modale":"3-3","col_modale":"#3b4994"},"geometry":{"coordinates":[[[[13.32989,38.10992],[13.32996,38.10922],[13.32997,38.10911],[13.32998,38.10904],[13.33002,38.10862],[13.33005,38.10833],[13.33009,38.10797],[13.33016,38.10728],[13.33016,38.1072],[13.33021,38.10671],[13.33023,38.10653],[13.33006,38.1065],[13.32947,38.10637],[13.32908,38.10628],[13.32881,38.10621],[13.32825,38.10606],[13.32818,38.10599],[13.32795,38.1059],[13.32805,38.10573],[13.32805,38.10562],[13.32785,38.10555],[13.3276,38.10543],[13.32734,38.10528],[13.32724,38.10521],[13.32675,38.10493],[13.3262,38.10473],[13.32579,38.10461],[13.32525,38.10447],[13.3247,38.10437],[13.32439,38.10434],[13.3242,38.10432],[13.32362,38.10422],[13.32347,38.10419],[13.32307,38.10413],[13.32257,38.10406],[13.3225,38.10404],[13.32235,38.10402],[13.3218,38.10394],[13.32141,38.10386],[13.32126,38.10387],[13.32115,38.10386],[13.32096,38.10384],[13.32084,38.10383],[13.3204,38.10378],[13.31975,38.10367],[13.31951,38.10364],[13.31945,38.10363],[13.31888,38.10356],[13.3179,38.10344],[13.3176,38.10374],[13.31705,38.10429],[13.31651,38.10477],[13.31547,38.1053],[13.31562,38.10535],[13.31674,38.10572],[13.31684,38.10587],[13.31575,38.10649],[13.31658,38.10744],[13.31627,38.10747],[13.31618,38.10749],[13.3156,38.10763],[13.31489,38.10793],[13.31438,38.10813],[13.31473,38.10854],[13.31466,38.10949],[13.31546,38.10954],[13.3154,38.1098],[13.31555,38.10982],[13.31612,38.10988],[13.31697,38.10996],[13.31739,38.11001],[13.31834,38.11007],[13.31853,38.11007],[13.3186,38.11007],[13.31907,38.11011],[13.31932,38.11018],[13.31945,38.11015],[13.32011,38.11022],[13.32045,38.11022],[13.32026,38.11077],[13.3189,38.11474],[13.31863,38.11535],[13.31811,38.1169],[13.31763,38.11786],[13.31721,38.11895],[13.31773,38.11911],[13.31794,38.11918],[13.3181,38.11925],[13.31829,38.11934],[13.31843,38.11943],[13.31849,38.11947],[13.31864,38.11958],[13.31876,38.11966],[13.31893,38.11976],[13.3193,38.1199],[13.31955,38.11992],[13.31969,38.11994],[13.32012,38.11997],[13.32097,38.12002],[13.32134,38.12002],[13.32206,38.12003],[13.3222,38.12003],[13.32234,38.12003],[13.32239,38.12003],[13.32272,38.12003],[13.32382,38.11996],[13.32428,38.1199],[13.32442,38.11987],[13.32474,38.11983],[13.32488,38.11979],[13.32495,38.11979],[13.3251,38.11977],[13.32581,38.11971],[13.32642,38.11963],[13.32738,38.11954],[13.32792,38.11947],[13.32832,38.11942],[13.32874,38.11941],[13.32879,38.11897],[13.3288,38.11887],[13.32887,38.1182],[13.32894,38.11764],[13.32898,38.11741],[13.32905,38.11683],[13.32911,38.11634],[13.32917,38.11598],[13.32918,38.11584],[13.32921,38.11565],[13.32926,38.1153],[13.32927,38.11525],[13.32927,38.1151],[13.32934,38.11459],[13.32941,38.11405],[13.32946,38.1136],[13.32966,38.11219],[13.3297,38.11174],[13.32976,38.11119],[13.32978,38.11103],[13.32982,38.11062],[13.32983,38.11048],[13.32989,38.10992]]]],"type":"MultiPolygon"}},{"type":"Feature","properties":{"Quartiere":"Borgo Nuovo","circoscrizione":"V","n_sezioni":42,"totale_pop":19423,"totale_civici":2705,"area_km2":10.8213,"dens_pop":1794.9,"dens_civici":250.0,"bivar_lbl_modale":"1-1","col_modale":"#e8e8e8"},"geometry":{"coordinates":[[[[13.29713,38.11716],[13.29554,38.1167],[13.29259,38.11694],[13.29301,38.11732],[13.29278,38.1173],[13.29242,38.11732],[13.29217,38.11736],[13.29178,38.11743],[13.29142,38.11745],[13.29097,38.11739],[13.29074,38.1174],[13.2902,38.11742],[13.28968,38.11758],[13.2892,38.1178],[13.28867,38.11801],[13.28822,38.11823],[13.28922,38.11821],[13.2894,38.11815],[13.29034,38.11797],[13.29008,38.11814],[13.28979,38.11834],[13.28961,38.11853],[13.28952,38.11871],[13.28934,38.11913],[13.28924,38.11952],[13.28916,38.11983],[13.28908,38.1201],[13.28892,38.12031],[13.28847,38.12061],[13.28823,38.12076],[13.28815,38.12078],[13.28774,38.12092],[13.28737,38.12098],[13.28706,38.12101],[13.28667,38.12102],[13.28655,38.12106],[13.28643,38.12113],[13.28628,38.12125],[13.28604,38.12142],[13.28178,38.12288],[13.2802,38.12313],[13.27947,38.12322],[13.27818,38.12357],[13.2771,38.12396],[13.27668,38.12375],[13.27634,38.12351],[13.2752,38.12332],[13.2746,38.12314],[13.27397,38.12307],[13.27291,38.12261],[13.27207,38.12213],[13.27131,38.12161],[13.27055,38.12113],[13.26989,38.12048],[13.26977,38.11997],[13.26962,38.11926],[13.2692,38.11868],[13.26875,38.11791],[13.26653,38.11815],[13.26507,38.11847],[13.26386,38.11885],[13.26292,38.11904],[13.25605,38.12063],[13.25264,38.12225],[13.25265,38.12229],[13.25198,38.1239],[13.25148,38.12508],[13.25094,38.12585],[13.25032,38.12685],[13.25004,38.12771],[13.24977,38.1286],[13.24914,38.12935],[13.24904,38.12947],[13.24893,38.12959],[13.24832,38.1304],[13.24823,38.13137],[13.24833,38.13247],[13.24838,38.13349],[13.24836,38.135],[13.24879,38.13584],[13.2499,38.13605],[13.25078,38.1362],[13.25145,38.13662],[13.25188,38.13723],[13.2523,38.1379],[13.25235,38.13797],[13.25293,38.13853],[13.25375,38.13897],[13.25433,38.13926],[13.25474,38.13946],[13.26266,38.14184],[13.27303,38.14507],[13.28563,38.14111],[13.28899,38.14113],[13.29408,38.14118],[13.29486,38.14114],[13.29492,38.14114],[13.29537,38.14115],[13.29578,38.14122],[13.29596,38.13997],[13.29598,38.13984],[13.2961,38.13934],[13.2962,38.13925],[13.29629,38.13919],[13.29655,38.13911],[13.29703,38.13892],[13.29725,38.13865],[13.29738,38.13849],[13.29749,38.13834],[13.29755,38.13827],[13.29788,38.13789],[13.29796,38.13779],[13.29809,38.13764],[13.29926,38.13623],[13.30235,38.13267],[13.30255,38.13226],[13.30287,38.13208],[13.30302,38.13206],[13.30315,38.132],[13.30328,38.13203],[13.30346,38.13207],[13.30371,38.13213],[13.30405,38.13228],[13.30471,38.13212],[13.30519,38.13206],[13.30527,38.13204],[13.30644,38.13186],[13.30519,38.13132],[13.30389,38.13076],[13.30349,38.13062],[13.30324,38.13042],[13.3032,38.13019],[13.30316,38.12999],[13.30301,38.12927],[13.30247,38.12669],[13.30241,38.12577],[13.30234,38.12507],[13.30262,38.12448],[13.30303,38.12401],[13.30616,38.12042],[13.30571,38.1201],[13.30558,38.12001],[13.30488,38.11974],[13.30353,38.11946],[13.30136,38.119],[13.30113,38.11895],[13.29993,38.11866],[13.29942,38.11834],[13.29835,38.11752],[13.29762,38.11718],[13.29718,38.11702],[13.29713,38.11716]]]],"type":"MultiPolygon"}},{"type":"Feature","properties":{"Quartiere":"Arenella - Vergine Maria","circoscrizione":"VII","n_sezioni":14,"totale_pop":8392,"totale_civici":2383,"area_km2":2.3066,"dens_pop":3638.2,"dens_civici":1033.1,"bivar_lbl_modale":"1-1","col_modale":"#e8e8e8"},"geometry":{"coordinates":[[[[13.37323,38.15022],[13.37291,38.15019],[13.37277,38.15009],[13.37276,38.1499],[13.37279,38.14968],[13.3726,38.14929],[13.37243,38.14907],[13.37234,38.14891],[13.37228,38.14876],[13.37217,38.14855],[13.37208,38.14839],[13.37196,38.1483],[13.37183,38.14821],[13.37188,38.14812],[13.37185,38.1479],[13.37178,38.14773],[13.3718,38.14758],[13.37173,38.14745],[13.37175,38.1471],[13.37173,38.1468],[13.37161,38.14658],[13.37154,38.14638],[13.37156,38.14613],[13.3701,38.14646],[13.37002,38.14624],[13.36987,38.14625],[13.36959,38.14655],[13.36876,38.14754],[13.36833,38.14826],[13.36808,38.14865],[13.36749,38.14925],[13.36706,38.14968],[13.36684,38.1499],[13.36682,38.14997],[13.3667,38.15034],[13.36647,38.15058],[13.36609,38.15073],[13.36603,38.15069],[13.36534,38.15119],[13.36475,38.15157],[13.36458,38.1517],[13.3646,38.15183],[13.36448,38.15209],[13.36437,38.15247],[13.36421,38.15294],[13.36413,38.15333],[13.36411,38.15346],[13.36407,38.15357],[13.36396,38.154],[13.36396,38.15413],[13.36401,38.15436],[13.36408,38.15452],[13.36402,38.15474],[13.36399,38.15489],[13.36397,38.15511],[13.36396,38.15545],[13.36406,38.15589],[13.36411,38.15612],[13.3642,38.15626],[13.36429,38.15631],[13.36487,38.15664],[13.36498,38.15684],[13.36523,38.15699],[13.36522,38.15708],[13.36552,38.15711],[13.36584,38.15733],[13.36594,38.15745],[13.36602,38.15771],[13.36602,38.15776],[13.3659,38.15794],[13.36564,38.15811],[13.36509,38.1582],[13.3647,38.15833],[13.36446,38.15843],[13.36391,38.15867],[13.36361,38.15882],[13.36355,38.15887],[13.36339,38.15904],[13.36332,38.15909],[13.36313,38.15917],[13.36282,38.15942],[13.36286,38.15955],[13.36288,38.15969],[13.36289,38.15981],[13.36289,38.15997],[13.36292,38.16009],[13.3629,38.16031],[13.36284,38.16047],[13.36269,38.16061],[13.36255,38.16103],[13.36245,38.16134],[13.36219,38.16183],[13.36206,38.16222],[13.3619,38.16254],[13.3617,38.16284],[13.3616,38.16291],[13.36151,38.16292],[13.36137,38.16311],[13.36118,38.16325],[13.36109,38.16326],[13.36087,38.16353],[13.36074,38.1636],[13.36065,38.16381],[13.36052,38.16389],[13.36046,38.16396],[13.36035,38.16424],[13.36018,38.16446],[13.36004,38.1646],[13.35995,38.16472],[13.35984,38.16488],[13.35982,38.16496],[13.35985,38.16508],[13.35992,38.16516],[13.36003,38.16526],[13.36016,38.16547],[13.36025,38.16563],[13.36027,38.16575],[13.36019,38.16601],[13.36017,38.16609],[13.36033,38.16636],[13.36045,38.16655],[13.36056,38.16681],[13.36053,38.16701],[13.36051,38.16714],[13.36054,38.16745],[13.36055,38.16766],[13.36052,38.16777],[13.36057,38.16788],[13.36056,38.16815],[13.36057,38.16834],[13.36058,38.16853],[13.36061,38.16872],[13.36064,38.16877],[13.36073,38.16884],[13.36091,38.16889],[13.361,38.16897],[13.36108,38.16904],[13.36112,38.16918],[13.36115,38.16932],[13.36102,38.16946],[13.36089,38.1696],[13.36063,38.16987],[13.36042,38.16996],[13.36041,38.17004],[13.3605,38.17017],[13.36071,38.17032],[13.3607,38.17042],[13.36078,38.17061],[13.36089,38.17086],[13.36088,38.17106],[13.36093,38.17118],[13.36114,38.17147],[13.36122,38.17154],[13.3614,38.17181],[13.36129,38.17189],[13.36123,38.17189],[13.36112,38.17204],[13.36098,38.17206],[13.36088,38.17211],[13.36084,38.17215],[13.3609,38.17229],[13.36097,38.17237],[13.36108,38.17249],[13.36116,38.17269],[13.36123,38.17275],[13.36134,38.17278],[13.36153,38.17282],[13.36175,38.1729],[13.36186,38.17297],[13.36208,38.17301],[13.36225,38.17303],[13.36235,38.17305],[13.36243,38.17308],[13.36251,38.17317],[13.36261,38.17323],[13.36273,38.17326],[13.36282,38.17325],[13.363,38.17322],[13.36308,38.17319],[13.36318,38.17322],[13.36324,38.17324],[13.36328,38.17328],[13.36327,38.17342],[13.36323,38.17361],[13.36326,38.17374],[13.36327,38.17394],[13.36321,38.17409],[13.36315,38.17417],[13.36305,38.17428],[13.363,38.17445],[13.36296,38.1747],[13.36291,38.17478],[13.36281,38.17495],[13.36283,38.17522],[13.36281,38.17532],[13.36276,38.17552],[13.36273,38.17566],[13.36257,38.17605],[13.36243,38.17625],[13.36237,38.1764],[13.3623,38.17655],[13.36222,38.17671],[13.36215,38.17697],[13.36545,38.1774],[13.36651,38.17753],[13.3665,38.17653],[13.36685,38.17629],[13.36739,38.17588],[13.36774,38.17536],[13.36786,38.1747],[13.36774,38.17431],[13.3675,38.1737],[13.36713,38.17326],[13.36684,38.1728],[13.36672,38.17249],[13.36679,38.17217],[13.36704,38.17177],[13.36728,38.17124],[13.36733,38.17091],[13.36719,38.17076],[13.36725,38.17056],[13.36714,38.17016],[13.36702,38.16955],[13.36705,38.16914],[13.36698,38.16857],[13.36718,38.16815],[13.36776,38.16758],[13.36809,38.16732],[13.36849,38.167],[13.36893,38.16666],[13.36922,38.16651],[13.36973,38.16657],[13.36984,38.16636],[13.3698,38.1663],[13.36915,38.16619],[13.36917,38.16605],[13.36941,38.16589],[13.36941,38.16569],[13.36959,38.16544],[13.36995,38.16525],[13.37017,38.16505],[13.37028,38.1647],[13.37048,38.1644],[13.3706,38.16408],[13.3708,38.16395],[13.37092,38.16379],[13.37109,38.16358],[13.37124,38.16341],[13.37151,38.16323],[13.37152,38.16298],[13.37172,38.16281],[13.37176,38.16255],[13.37182,38.1621],[13.37185,38.16171],[13.37191,38.16147],[13.37211,38.16128],[13.37229,38.1611],[13.37228,38.16092],[13.37234,38.16071],[13.3724,38.16041],[13.37252,38.16015],[13.37266,38.15978],[13.37275,38.15956],[13.37288,38.15919],[13.37296,38.15892],[13.37304,38.15872],[13.37315,38.15862],[13.37321,38.1584],[13.3732,38.15828],[13.37311,38.15806],[13.37323,38.15761],[13.3734,38.15721],[13.3737,38.1567],[13.374,38.15602],[13.37419,38.15568],[13.37433,38.15542],[13.37446,38.15526],[13.37435,38.15513],[13.37432,38.15504],[13.37443,38.15494],[13.37442,38.15481],[13.37456,38.15471],[13.37457,38.15461],[13.37456,38.15448],[13.37483,38.15411],[13.37494,38.15395],[13.37516,38.15366],[13.3755,38.15332],[13.37581,38.15301],[13.37609,38.15272],[13.37646,38.15237],[13.37664,38.15222],[13.37643,38.1495],[13.37591,38.14872],[13.37571,38.14884],[13.37619,38.14958],[13.3763,38.15112],[13.37618,38.15114],[13.37622,38.15218],[13.37549,38.15245],[13.37529,38.15201],[13.37515,38.15207],[13.37532,38.15167],[13.37461,38.15047],[13.37455,38.14978],[13.37424,38.14953],[13.37409,38.14971],[13.37439,38.14987],[13.37442,38.15078],[13.37428,38.15079],[13.37431,38.15094],[13.37383,38.15093],[13.37379,38.1506],[13.37393,38.15031],[13.37343,38.15013],[13.37343,38.14981],[13.37324,38.14981],[13.37323,38.15022]]]],"type":"MultiPolygon"}}]}