{"type":"FeatureCollection","features":[{"type":"Feature","properties":{"UPL":"Partanna Mondello","Quartiere":"Partanna Mondello","circoscrizione":"VII","n_sezioni":127,"totale_pop":19402,"totale_civici":11241,"area_km2":16.703,"dens_pop":1161.6,"dens_civici":673.0,"bivar_lbl_modale":"1-1","col_modale":"#e8e8e8"},"geometry":{"type":"MultiPolygon","coordinates":[[[[13.357951,38.191971],[13.358131,38.191921],[13.358556,38.191927],[13.358851,38.191737],[13.359039,38.191315],[13.35909,38.191051],[13.35927,38.191018],[13.359229,38.190841],[13.359369,38.190595],[13.359507,38.190403],[13.359424,38.190119],[13.359608,38.189909],[13.359796,38.189523],[13.360074,38.189085],[13.360123,38.188909],[13.360237,38.188823],[13.36031,38.188559],[13.360517,38.188279],[13.360773,38.187876],[13.360775,38.18764],[13.360844,38.187449],[13.360947,38.18739],[13.361036,38.187431],[13.361179,38.187302],[13.361263,38.18702],[13.36129,38.18695],[13.361214,38.186888],[13.361304,38.186869],[13.361432,38.186871],[13.361448,38.18674],[13.361578,38.186641],[13.361887,38.186564],[13.361954,38.186404],[13.362022,38.186253],[13.362101,38.186153],[13.362202,38.186215],[13.362253,38.186186],[13.362244,38.186014],[13.362181,38.186013],[13.362183,38.185882],[13.362251,38.185711],[13.362379,38.185703],[13.362485,38.185553],[13.362562,38.185554],[13.362664,38.185565],[13.362751,38.185667],[13.362791,38.185617],[13.362754,38.185546],[13.362886,38.185376],[13.363079,38.185288],[13.363261,38.185159],[13.363496,38.18494],[13.36359,38.18476],[13.363657,38.18464],[13.363864,38.184531],[13.364072,38.184373],[13.364191,38.184203],[13.364271,38.184042],[13.364387,38.184024],[13.364427,38.183933],[13.364559,38.183743],[13.364797,38.183433],[13.365019,38.183194],[13.365231,38.182884],[13.365428,38.182644],[13.365571,38.182525],[13.365661,38.182516],[13.365687,38.182486],[13.365638,38.182395],[13.365718,38.182285],[13.365796,38.182096],[13.36591,38.181691],[13.366003,38.181551],[13.365979,38.18145],[13.365902,38.181459],[13.365934,38.181187],[13.365965,38.180925],[13.366008,38.180733],[13.365958,38.180682],[13.366024,38.180572],[13.366078,38.180461],[13.366168,38.180432],[13.366146,38.18027],[13.366176,38.180099],[13.366217,38.179948],[13.366337,38.179758],[13.366367,38.179546],[13.366484,38.179447],[13.366552,38.179306],[13.366558,38.179024],[13.366637,38.178914],[13.366677,38.178823],[13.366654,38.178722],[13.366605,38.17861],[13.366598,38.178368],[13.366703,38.178248],[13.366758,38.178097],[13.36671,38.177945],[13.366586,38.177772],[13.366562,38.17768],[13.366511,38.177534],[13.365453,38.177397],[13.362153,38.176966],[13.362072,38.1771],[13.362076,38.177213],[13.361996,38.177307],[13.361943,38.177442],[13.361859,38.17771],[13.361846,38.177941],[13.361785,38.178112],[13.361753,38.17828],[13.361758,38.178364],[13.36174,38.178555],[13.361733,38.178859],[13.361756,38.179129],[13.36187,38.179429],[13.361945,38.179562],[13.362001,38.179636],[13.362076,38.179789],[13.362102,38.179896],[13.362129,38.179947],[13.362184,38.180021],[13.362138,38.180173],[13.362074,38.180177],[13.362022,38.180261],[13.361977,38.180356],[13.36199,38.180424],[13.362002,38.180536],[13.361957,38.180643],[13.36189,38.180743],[13.361775,38.180826],[13.361639,38.180852],[13.361517,38.18089],[13.361474,38.180889],[13.361458,38.180982],[13.361441,38.181105],[13.361453,38.181207],[13.361379,38.181307],[13.361246,38.181524],[13.361221,38.181682],[13.361203,38.181861],[13.361073,38.181927],[13.360998,38.182117],[13.360916,38.182285],[13.360677,38.182425],[13.360576,38.182508],[13.360483,38.182529],[13.359972,38.182747],[13.359892,38.182836],[13.35956,38.183],[13.359531,38.183045],[13.359437,38.183111],[13.359286,38.183176],[13.358281,38.182892],[13.358258,38.182937],[13.358171,38.182992],[13.358035,38.183035],[13.357963,38.183099],[13.35782,38.183085],[13.357763,38.183118],[13.35766,38.183263],[13.357594,38.18331],[13.357504,38.183523],[13.357411,38.183859],[13.357521,38.18404],[13.357312,38.184476],[13.357073,38.184957],[13.356809,38.18529],[13.356644,38.185682],[13.356272,38.185744],[13.355713,38.185893],[13.355469,38.185958],[13.35511,38.186077],[13.35475,38.186263],[13.354459,38.186546],[13.354275,38.186487],[13.354021,38.18636],[13.353923,38.186291],[13.353694,38.186355],[13.353434,38.186498],[13.353291,38.186501],[13.353149,38.186505],[13.352921,38.18649],[13.352555,38.186305],[13.35226,38.18611],[13.352081,38.185849],[13.352087,38.185567],[13.352022,38.185285],[13.351925,38.18516],[13.351717,38.184898],[13.351607,38.184728],[13.351595,38.184649],[13.351157,38.184463],[13.351019,38.184281],[13.350752,38.18412],[13.350298,38.18404],[13.350043,38.183992],[13.349916,38.183911],[13.349746,38.183853],[13.349322,38.183712],[13.349067,38.18364],[13.348997,38.183617],[13.348897,38.183627],[13.348853,38.183694],[13.348837,38.183772],[13.348906,38.183841],[13.348989,38.183977],[13.349001,38.184056],[13.349023,38.184349],[13.349032,38.184574],[13.348972,38.184719],[13.348843,38.18474],[13.348674,38.184681],[13.348463,38.184532],[13.34831,38.184361],[13.348182,38.184348],[13.348054,38.184335],[13.347969,38.184334],[13.347701,38.184206],[13.347617,38.184171],[13.347532,38.184136],[13.347277,38.184065],[13.347107,38.184007],[13.346965,38.184005],[13.346751,38.184013],[13.346609,38.184011],[13.346451,38.184054],[13.346278,38.18413],[13.345962,38.184238],[13.345748,38.184258],[13.345663,38.184245],[13.345522,38.184187],[13.345439,38.184084],[13.345399,38.183938],[13.345258,38.183879],[13.345045,38.183859],[13.344847,38.183778],[13.344713,38.183737],[13.344578,38.183695],[13.344367,38.183591],[13.344297,38.183534],[13.344219,38.183527],[13.344141,38.18352],[13.343955,38.183563],[13.343622,38.183783],[13.343431,38.184028],[13.343303,38.184043],[13.343174,38.184058],[13.343018,38.184033],[13.342904,38.184009],[13.342793,38.183906],[13.342653,38.183792],[13.342596,38.183769],[13.34227,38.18373],[13.342033,38.183502],[13.341835,38.183409],[13.341595,38.183327],[13.341439,38.183302],[13.341182,38.183299],[13.340532,38.1808],[13.33913,38.181281],[13.338495,38.180544],[13.337827,38.179848],[13.337325,38.179379],[13.337217,38.179296],[13.337185,38.179271],[13.337136,38.179259],[13.335277,38.178592],[13.33489,38.179693],[13.334309,38.181324],[13.3342,38.181632],[13.334156,38.181754],[13.334142,38.182385],[13.334318,38.182507],[13.334366,38.182856],[13.334346,38.183331],[13.334004,38.183221],[13.334002,38.183391],[13.333847,38.183382],[13.333482,38.183377],[13.333141,38.183391],[13.332954,38.183395],[13.332802,38.18329],[13.332651,38.183134],[13.33259,38.182972],[13.332505,38.182959],[13.331994,38.182884],[13.331498,38.182812],[13.331332,38.182782],[13.331041,38.182734],[13.330552,38.182653],[13.330186,38.182595],[13.330036,38.182572],[13.330367,38.181813],[13.32961,38.181631],[13.329744,38.18119],[13.329779,38.180799],[13.329681,38.180125],[13.328377,38.179714],[13.328852,38.178411],[13.32655,38.177545],[13.325975,38.177455],[13.325737,38.177389],[13.325716,38.177532],[13.325565,38.178033],[13.325497,38.178283],[13.325289,38.178984],[13.325241,38.179242],[13.325208,38.179424],[13.325236,38.179621],[13.32525,38.179814],[13.325281,38.179957],[13.325317,38.180109],[13.325348,38.180265],[13.32536,38.180364],[13.325303,38.180605],[13.325221,38.180954],[13.325108,38.181422],[13.325031,38.181736],[13.324974,38.181972],[13.324935,38.182122],[13.324939,38.182248],[13.324905,38.182421],[13.324875,38.182566],[13.324984,38.182701],[13.325109,38.182854],[13.325111,38.182962],[13.321646,38.181675],[13.320803,38.180937],[13.320055,38.18019],[13.319926,38.180294],[13.319288,38.181111],[13.319256,38.181152],[13.318827,38.181775],[13.318159,38.182746],[13.318087,38.182851],[13.317037,38.184399],[13.316889,38.18434],[13.316686,38.184259],[13.316376,38.1842],[13.316165,38.184161],[13.315896,38.184603],[13.315354,38.18549],[13.315006,38.18557],[13.31451,38.185478],[13.313986,38.185339],[13.313146,38.185213],[13.313018,38.185405],[13.312839,38.185642],[13.312556,38.185706],[13.312144,38.185752],[13.311752,38.185814],[13.31136,38.185928],[13.310904,38.185973],[13.310648,38.185833],[13.310373,38.185538],[13.31005,38.185448],[13.309748,38.185409],[13.309414,38.185234],[13.309254,38.18546],[13.309067,38.18567],[13.308909,38.18586],[13.308711,38.186061],[13.30845,38.186377],[13.308386,38.186447],[13.308258,38.186578],[13.3081,38.186696],[13.308005,38.186711],[13.30779,38.186744],[13.307652,38.186672],[13.307508,38.186587],[13.307445,38.186513],[13.30732,38.18636],[13.307229,38.186296],[13.307094,38.186238],[13.306969,38.186211],[13.306759,38.186232],[13.306533,38.186321],[13.306331,38.186396],[13.305855,38.18658],[13.30566,38.18666],[13.305535,38.186718],[13.305242,38.186851],[13.305074,38.187019],[13.304857,38.18718],[13.304636,38.187373],[13.304398,38.187589],[13.304181,38.187781],[13.303895,38.188039],[13.30371,38.188208],[13.303551,38.188349],[13.303458,38.188429],[13.303279,38.188625],[13.30313,38.188775],[13.302945,38.18898],[13.302791,38.189143],[13.302682,38.189255],[13.302512,38.189441],[13.302343,38.189621],[13.302175,38.1898],[13.301942,38.190048],[13.301756,38.190244],[13.3016,38.190402],[13.301484,38.190527],[13.301281,38.190743],[13.301029,38.190847],[13.300589,38.19102],[13.300367,38.190709],[13.300154,38.1905],[13.300018,38.190361],[13.299843,38.190188],[13.299514,38.190029],[13.299243,38.189899],[13.29906,38.189816],[13.29888,38.18975],[13.298656,38.189686],[13.298399,38.189601],[13.298079,38.189496],[13.297949,38.189469],[13.29771,38.189428],[13.29736,38.18936],[13.297076,38.189312],[13.296726,38.189244],[13.296521,38.189202],[13.29638,38.189175],[13.296157,38.189125],[13.296378,38.189428],[13.296554,38.189664],[13.296658,38.189809],[13.296737,38.18991],[13.29681,38.190011],[13.2969,38.190102],[13.297076,38.190276],[13.297268,38.190467],[13.297386,38.190593],[13.297557,38.190776],[13.297646,38.190876],[13.297714,38.190968],[13.297847,38.191216],[13.297923,38.191343],[13.298016,38.191516],[13.298074,38.191622],[13.297945,38.191793],[13.297811,38.192193],[13.297581,38.191959],[13.297548,38.19178],[13.297047,38.191031],[13.296672,38.191003],[13.29643,38.191259],[13.29596,38.191631],[13.295482,38.191966],[13.294838,38.192135],[13.294576,38.192079],[13.294301,38.191756],[13.293701,38.192037],[13.293042,38.192443],[13.291922,38.19285],[13.290417,38.193214],[13.289277,38.192032],[13.288126,38.192549],[13.288588,38.193328],[13.289378,38.194394],[13.289407,38.194407],[13.289507,38.194697],[13.288551,38.195123],[13.288703,38.195418],[13.28829,38.195605],[13.287994,38.195127],[13.288238,38.194882],[13.288298,38.194726],[13.287877,38.194773],[13.287151,38.1948],[13.286646,38.194666],[13.286301,38.194513],[13.285622,38.194161],[13.285429,38.193988],[13.285219,38.194089],[13.285108,38.194042],[13.284369,38.194611],[13.283811,38.194751],[13.283056,38.194807],[13.282065,38.194933],[13.281294,38.194888],[13.281228,38.194884],[13.282063,38.195438],[13.282032,38.195545],[13.283365,38.196675],[13.283959,38.196468],[13.28415,38.196731],[13.284472,38.197471],[13.284871,38.197722],[13.285237,38.197735],[13.285423,38.197864],[13.285595,38.198935],[13.285849,38.198946],[13.285834,38.199199],[13.285974,38.199639],[13.287042,38.199439],[13.287844,38.199384],[13.287819,38.199761],[13.287786,38.200244],[13.287316,38.20023],[13.287321,38.200007],[13.286576,38.200056],[13.286631,38.200259],[13.286775,38.200794],[13.286744,38.201313],[13.286096,38.201274],[13.286039,38.201402],[13.286315,38.201494],[13.286219,38.2017],[13.285941,38.20162],[13.285927,38.20165],[13.285413,38.202304],[13.285354,38.2028],[13.285216,38.203043],[13.284643,38.20302],[13.284387,38.203885],[13.283976,38.204562],[13.283955,38.205431],[13.284283,38.205517],[13.284624,38.205827],[13.284941,38.206745],[13.285119,38.206777],[13.285752,38.207105],[13.285776,38.207291],[13.285387,38.207813],[13.284801,38.207916],[13.28474,38.208479],[13.284968,38.208794],[13.285726,38.208998],[13.286991,38.209648],[13.287992,38.20993],[13.288008,38.210042],[13.287967,38.21062],[13.28788,38.210715],[13.287441,38.210744],[13.28846,38.211297],[13.289172,38.211543],[13.289882,38.211837],[13.289973,38.211937],[13.290231,38.212219],[13.290878,38.212653],[13.291286,38.213083],[13.291636,38.213466],[13.291687,38.213844],[13.292107,38.213756],[13.292402,38.213901],[13.292815,38.214143],[13.293104,38.214572],[13.293274,38.214952],[13.293615,38.215688],[13.294015,38.216495],[13.294485,38.216832],[13.295023,38.216793],[13.295191,38.217267],[13.295367,38.217411],[13.296262,38.217471],[13.297148,38.217908],[13.297862,38.21806],[13.298328,38.21836],[13.298743,38.218488],[13.298987,38.218638],[13.29909,38.218822],[13.299148,38.218994],[13.299379,38.219071],[13.299484,38.219194],[13.299732,38.219186],[13.299795,38.219126],[13.299887,38.219164],[13.299947,38.219238],[13.300133,38.219216],[13.300137,38.219045],[13.300243,38.219132],[13.300437,38.219428],[13.300614,38.219797],[13.300902,38.220057],[13.301116,38.220146],[13.301205,38.220318],[13.301543,38.220433],[13.301696,38.220496],[13.301835,38.220498],[13.301941,38.220597],[13.302266,38.220577],[13.302606,38.220582],[13.303085,38.220638],[13.303143,38.220797],[13.303373,38.220874],[13.303604,38.220926],[13.303745,38.220831],[13.303976,38.220858],[13.30447,38.220902],[13.304595,38.220867],[13.304733,38.22093],[13.304838,38.221054],[13.305208,38.221096],[13.305315,38.221158],[13.305532,38.221125],[13.305719,38.221067],[13.305918,38.221167],[13.306118,38.221194],[13.306364,38.221271],[13.306561,38.221445],[13.306809,38.221412],[13.306884,38.221523],[13.307022,38.221561],[13.307118,38.221441],[13.307351,38.221371],[13.307569,38.221337],[13.307757,38.221242],[13.30799,38.221197],[13.308144,38.221224],[13.308362,38.221141],[13.308532,38.221132],[13.308686,38.221195],[13.30884,38.221185],[13.308931,38.221296],[13.309069,38.221347],[13.309238,38.221386],[13.30936,38.221449],[13.309934,38.22139],[13.310241,38.221492],[13.31047,38.221617],[13.311069,38.221785],[13.311775,38.222002],[13.311976,38.222042],[13.312153,38.222029],[13.312364,38.222098],[13.312516,38.222142],[13.312619,38.22221],[13.312682,38.222289],[13.312717,38.222364],[13.31283,38.2225],[13.312857,38.222562],[13.312934,38.222698],[13.312957,38.222851],[13.313052,38.222982],[13.313139,38.223119],[13.313234,38.223237],[13.313368,38.223444],[13.31349,38.223574],[13.313736,38.223799],[13.313964,38.22403],[13.314177,38.224206],[13.314407,38.224351],[13.314591,38.224461],[13.314735,38.224528],[13.314839,38.224556],[13.315032,38.224558],[13.315159,38.224571],[13.315229,38.224564],[13.315379,38.224536],[13.315577,38.224565],[13.315717,38.224559],[13.315836,38.22455],[13.315952,38.224528],[13.316077,38.224537],[13.316188,38.224565],[13.316308,38.224596],[13.316467,38.224684],[13.316688,38.224492],[13.316938,38.224398],[13.317342,38.224331],[13.317619,38.224408],[13.317994,38.224267],[13.318215,38.224074],[13.318439,38.223735],[13.318601,38.223445],[13.318818,38.223399],[13.318759,38.2233],[13.318948,38.223132],[13.319197,38.223111],[13.319204,38.222769],[13.319243,38.222452],[13.319469,38.22204],[13.319755,38.221726],[13.320101,38.221462],[13.320601,38.221274],[13.320943,38.221206],[13.320761,38.221032],[13.320796,38.220886],[13.320985,38.220718],[13.320927,38.22057],[13.320965,38.220229],[13.321065,38.219937],[13.321255,38.219744],[13.321644,38.219407],[13.321787,38.219347],[13.321855,38.219402],[13.321915,38.219444],[13.321966,38.219486],[13.32209,38.219385],[13.322204,38.219318],[13.322275,38.219251],[13.322235,38.219093],[13.322205,38.218901],[13.322244,38.218703],[13.322222,38.218559],[13.322183,38.218333],[13.322242,38.218046],[13.322272,38.217869],[13.322284,38.217726],[13.322346,38.217658],[13.322333,38.217459],[13.322327,38.21735],[13.322349,38.217152],[13.322386,38.217043],[13.322536,38.216922],[13.322711,38.21689],[13.323118,38.216882],[13.323335,38.216865],[13.323483,38.216833],[13.323832,38.216728],[13.323895,38.216668],[13.323844,38.216612],[13.323914,38.216579],[13.324322,38.216181],[13.324421,38.215998],[13.324459,38.215885],[13.32446,38.215434],[13.324313,38.215425],[13.32426,38.215842],[13.324239,38.216005],[13.323875,38.21639],[13.323706,38.216566],[13.323655,38.216531],[13.322985,38.216651],[13.322902,38.216472],[13.322887,38.216376],[13.322888,38.216328],[13.323183,38.216319],[13.323531,38.216276],[13.323468,38.215604],[13.323381,38.21561],[13.323454,38.216241],[13.322881,38.216267],[13.322814,38.216142],[13.322791,38.216046],[13.322864,38.215876],[13.322903,38.215692],[13.32295,38.215522],[13.323082,38.215428],[13.323153,38.215367],[13.323121,38.215257],[13.322957,38.215228],[13.322863,38.215151],[13.322823,38.215014],[13.322808,38.214925],[13.32281,38.214822],[13.322692,38.214663],[13.322584,38.21447],[13.322632,38.214265],[13.322784,38.214049],[13.32292,38.213828],[13.323148,38.213688],[13.32327,38.213669],[13.323447,38.213487],[13.323569,38.213468],[13.323683,38.213401],[13.323905,38.213192],[13.324063,38.213085],[13.324247,38.213019],[13.324315,38.213068],[13.324444,38.213111],[13.324586,38.21299],[13.324823,38.212829],[13.32507,38.212655],[13.325166,38.212608],[13.325287,38.212644],[13.325471,38.212551],[13.325631,38.212396],[13.325824,38.212282],[13.326008,38.212203],[13.326156,38.212143],[13.326364,38.212153],[13.326549,38.212023],[13.326714,38.212004],[13.326837,38.211965],[13.326873,38.211911],[13.327046,38.211913],[13.32736,38.211801],[13.327466,38.211728],[13.327658,38.211662],[13.327962,38.211625],[13.328221,38.211677],[13.328419,38.211741],[13.328673,38.212019],[13.328817,38.212178],[13.3289,38.212323],[13.329055,38.21238],[13.329218,38.212457],[13.329459,38.212522],[13.329624,38.212518],[13.329762,38.21254],[13.329866,38.212549],[13.329973,38.212407],[13.330346,38.212367],[13.33054,38.212233],[13.330543,38.21211],[13.330666,38.212016],[13.330704,38.211873],[13.330628,38.211783],[13.330597,38.211632],[13.330591,38.211523],[13.330515,38.211419],[13.33038,38.211266],[13.330245,38.211134],[13.330126,38.211003],[13.330094,38.210886],[13.329965,38.210829],[13.329994,38.210741],[13.329875,38.210609],[13.329843,38.210499],[13.329708,38.210326],[13.329617,38.210137],[13.329498,38.210067],[13.329579,38.209931],[13.329504,38.209807],[13.329434,38.209799],[13.329411,38.209703],[13.329282,38.209619],[13.329191,38.209467],[13.329117,38.209295],[13.32906,38.209116],[13.329088,38.209021],[13.329004,38.20891],[13.328886,38.208745],[13.328923,38.208649],[13.328867,38.208477],[13.328749,38.208308],[13.328632,38.208135],[13.328515,38.207949],[13.328346,38.207762],[13.328418,38.207606],[13.32843,38.207496],[13.328319,38.207392],[13.328126,38.20715],[13.328298,38.20681],[13.328073,38.206814],[13.327935,38.207134],[13.327809,38.207358],[13.327719,38.2075],[13.327503,38.207463],[13.327167,38.207369],[13.326952,38.207291],[13.327179,38.206842],[13.327093,38.206807],[13.32685,38.207234],[13.326533,38.207045],[13.326389,38.20692],[13.326225,38.206866],[13.326262,38.206771],[13.326099,38.206687],[13.326028,38.206761],[13.325884,38.206629],[13.325786,38.206354],[13.325649,38.205914],[13.325605,38.205592],[13.32574,38.204964],[13.326027,38.203696],[13.326069,38.203612],[13.326258,38.203271],[13.326479,38.202917],[13.326733,38.202553],[13.3269,38.202612],[13.326712,38.202925],[13.326674,38.202899],[13.326613,38.203005],[13.326972,38.203133],[13.327165,38.20287],[13.327249,38.202882],[13.327321,38.202852],[13.327488,38.202625],[13.327348,38.202526],[13.327567,38.202244],[13.327344,38.202103],[13.327177,38.20209],[13.327103,38.202206],[13.327141,38.202227],[13.327002,38.202389],[13.326829,38.20232],[13.327171,38.201776],[13.327357,38.201534],[13.327723,38.201101],[13.328021,38.200758],[13.328485,38.200277],[13.328638,38.200091],[13.328876,38.199849],[13.329113,38.199669],[13.329614,38.199232],[13.329923,38.198997],[13.330488,38.198592],[13.331446,38.197922],[13.331742,38.19773],[13.331932,38.197607],[13.332449,38.197319],[13.332637,38.197296],[13.332734,38.197262],[13.332866,38.197136],[13.33301,38.197061],[13.333336,38.196928],[13.333841,38.196766],[13.334349,38.196689],[13.334681,38.196663],[13.335129,38.196669],[13.335469,38.196705],[13.33573,38.196801],[13.335824,38.196925],[13.335745,38.197001],[13.335916,38.197165],[13.335894,38.197272],[13.335852,38.197394],[13.335802,38.197471],[13.335565,38.197621],[13.335517,38.19759],[13.335458,38.197627],[13.335524,38.197705],[13.33582,38.19754],[13.336189,38.197561],[13.336182,38.197453],[13.336542,38.197481],[13.336618,38.197567],[13.336703,38.197683],[13.336772,38.197638],[13.33665,38.197452],[13.336709,38.197407],[13.336837,38.19737],[13.336973,38.197357],[13.337085,38.197589],[13.337144,38.197567],[13.33707,38.197373],[13.337159,38.197328],[13.337314,38.197338],[13.337355,38.197277],[13.337432,38.197286],[13.337482,38.197233],[13.33755,38.197272],[13.337639,38.197205],[13.337747,38.197168],[13.337807,38.197069],[13.337935,38.19704],[13.338064,38.196918],[13.338329,38.196815],[13.338526,38.196748],[13.338652,38.196742],[13.338732,38.196651],[13.338792,38.196575],[13.338957,38.1966],[13.338989,38.196493],[13.339108,38.19641],[13.339257,38.196282],[13.339376,38.196199],[13.339378,38.196107],[13.33934,38.196052],[13.339459,38.195977],[13.339607,38.195856],[13.339914,38.195661],[13.340163,38.195387],[13.34049,38.195138],[13.340611,38.194979],[13.340761,38.194788],[13.340763,38.194715],[13.340776,38.194562],[13.340808,38.194424],[13.340967,38.194296],[13.341165,38.19416],[13.341281,38.194185],[13.341449,38.194095],[13.341545,38.194127],[13.341596,38.194051],[13.341617,38.193982],[13.341771,38.194038],[13.341905,38.19414],[13.342026,38.193988],[13.342067,38.193888],[13.342232,38.193891],[13.342341,38.193846],[13.342485,38.193909],[13.34264,38.193973],[13.34266,38.19392],[13.342536,38.19381],[13.342549,38.193687],[13.34264,38.193535],[13.342729,38.193444],[13.342837,38.193438],[13.343045,38.193249],[13.343194,38.193143],[13.343361,38.193068],[13.343519,38.192978],[13.343675,38.192981],[13.343717,38.192851],[13.343844,38.192806],[13.343952,38.192769],[13.344039,38.192801],[13.344089,38.192756],[13.344051,38.192717],[13.344149,38.192664],[13.344225,38.192758],[13.344265,38.19272],[13.344209,38.192627],[13.344249,38.19257],[13.344337,38.192548],[13.344357,38.192502],[13.34433,38.19244],[13.344399,38.19238],[13.344526,38.192374],[13.34473,38.192384],[13.3448,38.192324],[13.344919,38.192226],[13.344871,38.192163],[13.34494,38.192126],[13.345135,38.192129],[13.34534,38.192124],[13.34542,38.192017],[13.345539,38.191927],[13.345647,38.191867],[13.345718,38.191768],[13.34575,38.191645],[13.3458,38.191577],[13.345889,38.191524],[13.345864,38.191778],[13.345913,38.191755],[13.345975,38.191587],[13.346046,38.191465],[13.346097,38.191358],[13.346176,38.191321],[13.346144,38.191459],[13.346201,38.191506],[13.346252,38.191399],[13.346369,38.191377],[13.346448,38.191332],[13.346406,38.19147],[13.346455,38.191471],[13.346527,38.19131],[13.346568,38.191211],[13.3466,38.191081],[13.346833,38.191099],[13.346932,38.191062],[13.347047,38.191118],[13.347339,38.191114],[13.347816,38.191113],[13.348332,38.191124],[13.348362,38.191086],[13.349151,38.19109],[13.350178,38.192173],[13.350138,38.192241],[13.350232,38.192381],[13.350584,38.192724],[13.351219,38.192656],[13.351706,38.192652],[13.351911,38.192639],[13.351938,38.192701],[13.352114,38.192696],[13.352251,38.192675],[13.352369,38.192615],[13.352487,38.192547],[13.352528,38.192479],[13.352461,38.192393],[13.352374,38.192377],[13.35175,38.192422],[13.351751,38.192375],[13.351654,38.192374],[13.351596,38.191897],[13.351538,38.191911],[13.351566,38.192373],[13.350688,38.192437],[13.350337,38.192033],[13.350258,38.192078],[13.349811,38.19161],[13.349813,38.191518],[13.350066,38.191514],[13.349962,38.191382],[13.35005,38.19136],[13.350194,38.191485],[13.350809,38.191394],[13.350782,38.191293],[13.350755,38.191185],[13.350778,38.191063],[13.350887,38.190979],[13.351083,38.190923],[13.351286,38.190887],[13.351558,38.190913],[13.351789,38.191102],[13.351918,38.191178],[13.352051,38.19115],[13.352229,38.191138],[13.35237,38.191147],[13.352692,38.191033],[13.352785,38.191079],[13.352903,38.191273],[13.353034,38.191282],[13.353064,38.191216],[13.353196,38.191188],[13.353292,38.191108],[13.353384,38.191169],[13.353401,38.19125],[13.353749,38.191248],[13.354117,38.191149],[13.354527,38.191288],[13.354613,38.191223],[13.354688,38.191231],[13.354809,38.191307],[13.354867,38.191241],[13.35487,38.191086],[13.354964,38.191079],[13.355067,38.191118],[13.355526,38.191169],[13.355555,38.191125],[13.35564,38.191104],[13.355684,38.19123],[13.3559,38.191256],[13.355944,38.191375],[13.356036,38.191451],[13.356315,38.191566],[13.356397,38.191715],[13.356556,38.191747],[13.356725,38.191742],[13.356929,38.191834],[13.357117,38.191851],[13.357225,38.192046],[13.357347,38.19207],[13.357367,38.191996],[13.35777,38.192046],[13.357951,38.191971]]]]}},{"type":"Feature","properties":{"UPL":"S.Rosalia","Quartiere":"Montegrappa - S. Rosalia","circoscrizione":"IV","n_sezioni":49,"totale_pop":9373,"totale_civici":1216,"area_km2":1.898,"dens_pop":4938.9,"dens_civici":640.7,"bivar_lbl_modale":"1-2","col_modale":"#ace4e4"},"geometry":{"type":"MultiPolygon","coordinates":[[[[13.35702,38.097521],[13.357148,38.09753],[13.357489,38.097014],[13.357897,38.097111],[13.35768,38.097621],[13.358673,38.097583],[13.35891,38.09732],[13.359232,38.097497],[13.359346,38.097434],[13.359523,38.097634],[13.359662,38.097719],[13.360267,38.09809],[13.36088,38.097553],[13.360554,38.0969],[13.360102,38.096561],[13.359543,38.096474],[13.359243,38.09647],[13.359043,38.096483],[13.358822,38.096496],[13.358543,38.096486],[13.358323,38.096473],[13.358085,38.096375],[13.358051,38.09609],[13.358016,38.095883],[13.357824,38.095501],[13.35745,38.095243],[13.357113,38.095111],[13.356874,38.095061],[13.356633,38.095115],[13.35621,38.09521],[13.356147,38.095351],[13.356,38.09565],[13.355995,38.095903],[13.355945,38.096345],[13.355897,38.096708],[13.35585,38.096976],[13.355806,38.097181],[13.355544,38.097257],[13.355366,38.097175],[13.35527,38.096984],[13.355175,38.096761],[13.354961,38.096489],[13.354483,38.096404],[13.35373,38.096045],[13.353501,38.095551],[13.35351,38.095172],[13.353632,38.095063],[13.354243,38.094597],[13.354573,38.094158],[13.354682,38.093764],[13.354235,38.093173],[13.354,38.092932],[13.353263,38.092795],[13.352743,38.092772],[13.352401,38.092894],[13.352118,38.092985],[13.351828,38.09344],[13.351763,38.093676],[13.351875,38.09401],[13.351906,38.094437],[13.351722,38.094593],[13.351481,38.094621],[13.350889,38.094265],[13.350717,38.093922],[13.350604,38.093589],[13.350656,38.093083],[13.350953,38.092312],[13.351567,38.091704],[13.351976,38.091314],[13.351411,38.090642],[13.35094,38.090239],[13.350168,38.089865],[13.349532,38.089666],[13.349168,38.089843],[13.348598,38.090278],[13.348247,38.090747],[13.348101,38.091046],[13.34767,38.091499],[13.347304,38.091778],[13.346825,38.09174],[13.346291,38.091463],[13.345603,38.090916],[13.34442,38.089882],[13.343862,38.09042],[13.343533,38.090658],[13.343356,38.090701],[13.342248,38.091575],[13.341137,38.092418],[13.340404,38.092967],[13.340261,38.093063],[13.340206,38.093105],[13.339424,38.093706],[13.339243,38.093848],[13.339,38.094028],[13.338737,38.094213],[13.338613,38.094299],[13.338554,38.094343],[13.338129,38.094655],[13.337681,38.094982],[13.337248,38.095273],[13.336518,38.095786],[13.336183,38.096024],[13.336182,38.096429],[13.336177,38.096519],[13.336205,38.097022],[13.336332,38.097306],[13.336421,38.097541],[13.336704,38.097842],[13.336784,38.097924],[13.337073,38.098296],[13.337206,38.098453],[13.337454,38.098703],[13.33783,38.098518],[13.338166,38.098958],[13.338689,38.099644],[13.339269,38.100026],[13.339298,38.10008],[13.339427,38.100339],[13.339587,38.100679],[13.339484,38.10072],[13.339638,38.101249],[13.339759,38.101564],[13.340294,38.102271],[13.340555,38.102072],[13.34145,38.101436],[13.343022,38.102745],[13.343561,38.103269],[13.343618,38.103573],[13.343948,38.103699],[13.34411,38.103736],[13.344751,38.103883],[13.344864,38.104563],[13.345782,38.105297],[13.346261,38.105617],[13.346766,38.105948],[13.347107,38.106186],[13.347526,38.106354],[13.348179,38.106363],[13.348589,38.106376],[13.348881,38.10652],[13.349007,38.106589],[13.349171,38.106615],[13.34951,38.106748],[13.350027,38.106996],[13.350208,38.10712],[13.350404,38.107281],[13.350516,38.10741],[13.350542,38.107635],[13.350578,38.107726],[13.350645,38.107861],[13.350787,38.108015],[13.351045,38.10817],[13.351342,38.108284],[13.351624,38.108366],[13.352,38.108366],[13.352331,38.108322],[13.352632,38.108296],[13.352785,38.108307],[13.353155,38.108591],[13.353636,38.108211],[13.353939,38.108123],[13.353845,38.107744],[13.353754,38.107468],[13.353706,38.107317],[13.353656,38.107175],[13.353156,38.10681],[13.352305,38.106188],[13.351849,38.105724],[13.351596,38.105477],[13.351219,38.105167],[13.350905,38.104872],[13.350567,38.104569],[13.35034,38.104371],[13.350227,38.104262],[13.349957,38.103957],[13.34962,38.103587],[13.349126,38.103011],[13.348658,38.102452],[13.348573,38.102351],[13.348139,38.101849],[13.348049,38.10174],[13.348542,38.101398],[13.348988,38.101088],[13.349613,38.100655],[13.351241,38.100338],[13.351434,38.100331],[13.352371,38.10026],[13.352495,38.100274],[13.352907,38.100268],[13.353058,38.099875],[13.353208,38.099275],[13.353336,38.099076],[13.353446,38.098805],[13.353598,38.098394],[13.353798,38.098124],[13.353953,38.097999],[13.354073,38.097881],[13.354252,38.097817],[13.35443,38.097779],[13.354692,38.09775],[13.35486,38.097739],[13.355082,38.097707],[13.355532,38.097622],[13.356019,38.097629],[13.356506,38.097596],[13.356749,38.097619],[13.35702,38.097521]]]]}},{"type":"Feature","properties":{"UPL":"Resuttana","Quartiere":"Resuttana - San Lorenzo","circoscrizione":"VI","n_sezioni":67,"totale_pop":25190,"totale_civici":4720,"area_km2":4.049,"dens_pop":6220.7,"dens_civici":1165.6,"bivar_lbl_modale":"2-3","col_modale":"#5698b9"},"geometry":{"type":"MultiPolygon","coordinates":[[[[13.337736,38.1463],[13.337099,38.146061],[13.336026,38.145651],[13.335255,38.14535],[13.335623,38.144751],[13.335311,38.144601],[13.335275,38.144598],[13.335066,38.144484],[13.334449,38.144205],[13.333928,38.144008],[13.332876,38.143578],[13.332749,38.143709],[13.332634,38.143826],[13.332237,38.144207],[13.33187,38.143174],[13.332091,38.142936],[13.332322,38.142685],[13.332631,38.142349],[13.331506,38.141997],[13.33142,38.142871],[13.331275,38.143246],[13.330954,38.143821],[13.33044,38.144397],[13.329809,38.144507],[13.32927,38.145121],[13.328796,38.145575],[13.327833,38.145151],[13.327503,38.145663],[13.327347,38.14586],[13.327191,38.14611],[13.327082,38.14644],[13.327123,38.146678],[13.326717,38.147174],[13.326571,38.147351],[13.326151,38.147853],[13.325984,38.148048],[13.325418,38.148703],[13.325802,38.148774],[13.326046,38.148819],[13.326295,38.148865],[13.326064,38.148981],[13.325617,38.149205],[13.324523,38.15011],[13.324335,38.150266],[13.323212,38.151217],[13.322742,38.151608],[13.322032,38.152193],[13.321142,38.152928],[13.320308,38.153607],[13.320203,38.153693],[13.321035,38.154064],[13.321728,38.154373],[13.322345,38.15466],[13.322559,38.154623],[13.323704,38.155126],[13.324393,38.155433],[13.325165,38.155788],[13.32538,38.155883],[13.325522,38.155946],[13.325588,38.155975],[13.325621,38.155992],[13.326784,38.156503],[13.327807,38.156982],[13.330669,38.158346],[13.33073,38.158235],[13.335024,38.160166],[13.334462,38.160898],[13.334365,38.161026],[13.334019,38.161511],[13.333884,38.163875],[13.334991,38.164231],[13.334813,38.164652],[13.335292,38.164831],[13.335603,38.164953],[13.339379,38.166445],[13.339577,38.166524],[13.339944,38.166697],[13.340033,38.16677],[13.340228,38.166981],[13.340595,38.167186],[13.340602,38.167294],[13.340709,38.167353],[13.340823,38.167512],[13.341032,38.167515],[13.341278,38.167461],[13.341559,38.167458],[13.341704,38.167445],[13.342156,38.167488],[13.342401,38.16747],[13.342507,38.167558],[13.342557,38.167592],[13.342716,38.167804],[13.34282,38.167928],[13.34304,38.167965],[13.343245,38.168046],[13.345234,38.168906],[13.346831,38.169707],[13.348461,38.170695],[13.348658,38.1705],[13.348695,38.170289],[13.34865,38.170075],[13.348414,38.169653],[13.348151,38.16931],[13.347794,38.169],[13.345545,38.167633],[13.345117,38.167341],[13.344777,38.166993],[13.344571,38.166685],[13.344472,38.166363],[13.344469,38.1661],[13.344562,38.165834],[13.344832,38.16541],[13.345215,38.165141],[13.345627,38.164872],[13.345911,38.164678],[13.346069,38.164516],[13.346093,38.164333],[13.346068,38.163711],[13.346037,38.16339],[13.345903,38.162885],[13.34586,38.16267],[13.345848,38.162323],[13.345883,38.162057],[13.345948,38.161775],[13.346276,38.161375],[13.346471,38.161275],[13.346628,38.161148],[13.346681,38.160965],[13.34667,38.160599],[13.346607,38.160373],[13.346564,38.160136],[13.346635,38.160007],[13.34684,38.159895],[13.347412,38.15982],[13.347943,38.159819],[13.3486,38.159791],[13.349048,38.159652],[13.349186,38.159516],[13.349279,38.159235],[13.349254,38.159083],[13.349066,38.158922],[13.349068,38.158843],[13.348969,38.158798],[13.348834,38.158775],[13.348738,38.158623],[13.34874,38.158509],[13.348761,38.158409],[13.348711,38.158179],[13.34866,38.158057],[13.348483,38.157846],[13.348503,38.157768],[13.348704,38.157699],[13.348709,38.157492],[13.34865,38.157294],[13.348599,38.157136],[13.348686,38.156915],[13.348871,38.156724],[13.34901,38.156605],[13.349197,38.156342],[13.349355,38.15618],[13.349629,38.156055],[13.349685,38.15602],[13.350083,38.156047],[13.351097,38.156061],[13.351399,38.155951],[13.351729,38.155805],[13.351849,38.155681],[13.351871,38.155496],[13.351902,38.155331],[13.352005,38.155218],[13.352274,38.154943],[13.35233,38.154872],[13.352351,38.154736],[13.352498,38.154624],[13.352582,38.154539],[13.352574,38.154467],[13.352658,38.154375],[13.352868,38.154299],[13.353181,38.154075],[13.353354,38.154063],[13.353425,38.154121],[13.353496,38.154165],[13.353573,38.154374],[13.353606,38.154525],[13.353602,38.154718],[13.353698,38.154884],[13.353922,38.154973],[13.354131,38.154947],[13.354257,38.154999],[13.354507,38.155167],[13.354571,38.155147],[13.354673,38.155048],[13.354727,38.155049],[13.354826,38.1551],[13.354898,38.15513],[13.354989,38.155088],[13.355045,38.155039],[13.355046,38.15496],[13.355029,38.15491],[13.354832,38.154828],[13.354389,38.154392],[13.354265,38.154247],[13.35389,38.153977],[13.352767,38.15317],[13.35113,38.151801],[13.350488,38.15132],[13.349828,38.150881],[13.349539,38.150696],[13.348751,38.150165],[13.348667,38.15011],[13.347528,38.149353],[13.347027,38.149005],[13.346865,38.148964],[13.345965,38.148376],[13.345738,38.148215],[13.344079,38.147035],[13.343931,38.146914],[13.343836,38.146869],[13.343669,38.146909],[13.342581,38.147166],[13.340599,38.147841],[13.340833,38.147472],[13.33849,38.146586],[13.338095,38.146434],[13.337736,38.1463]]]]}},{"type":"Feature","properties":{"UPL":"Zisa - Ingastone","Quartiere":"Zisa","circoscrizione":"V","n_sezioni":57,"totale_pop":14217,"totale_civici":3255,"area_km2":0.591,"dens_pop":24074.1,"dens_civici":5511.8,"bivar_lbl_modale":"3-3","col_modale":"#3b4994"},"geometry":{"type":"MultiPolygon","coordinates":[[[[13.341819,38.111892],[13.341469,38.11181],[13.341233,38.111755],[13.341056,38.111714],[13.340625,38.111687],[13.340501,38.111685],[13.340246,38.111654],[13.340044,38.111644],[13.340244,38.111751],[13.340383,38.111963],[13.340502,38.112034],[13.340623,38.11217],[13.340685,38.112253],[13.340806,38.112411],[13.34092,38.112548],[13.340995,38.112638],[13.341099,38.11272],[13.341322,38.112887],[13.340806,38.113825],[13.340488,38.114395],[13.340273,38.11479],[13.340117,38.114787],[13.339826,38.115388],[13.339624,38.115747],[13.33927,38.116111],[13.339198,38.116181],[13.338597,38.116739],[13.338486,38.116937],[13.338382,38.117125],[13.338048,38.117336],[13.337926,38.117426],[13.33782,38.117502],[13.337684,38.117579],[13.337589,38.117673],[13.337465,38.117829],[13.337396,38.117959],[13.33734,38.118074],[13.337101,38.118582],[13.336881,38.119059],[13.336852,38.119119],[13.336748,38.119334],[13.337076,38.119376],[13.337217,38.119398],[13.337769,38.119467],[13.338464,38.119559],[13.338662,38.119587],[13.33933,38.119728],[13.339336,38.119833],[13.339353,38.11989],[13.339465,38.120017],[13.339774,38.119875],[13.339932,38.119824],[13.340189,38.119756],[13.340412,38.119685],[13.340593,38.119615],[13.340726,38.119565],[13.340745,38.119537],[13.341082,38.119372],[13.341246,38.119271],[13.341929,38.118877],[13.342312,38.11866],[13.342362,38.118626],[13.342504,38.118508],[13.342946,38.118136],[13.343202,38.117969],[13.343476,38.117747],[13.343681,38.117578],[13.344068,38.117275],[13.344528,38.116911],[13.344664,38.116789],[13.34505,38.116415],[13.345331,38.116467],[13.34571,38.116534],[13.34667,38.11671],[13.347698,38.116875],[13.348847,38.117112],[13.349451,38.117215],[13.349632,38.117245],[13.350225,38.117317],[13.350721,38.117335],[13.350835,38.117335],[13.350807,38.117219],[13.350725,38.116963],[13.350647,38.116721],[13.350937,38.116264],[13.351019,38.116157],[13.351313,38.115751],[13.351433,38.115552],[13.351558,38.115345],[13.35174,38.115041],[13.351861,38.114834],[13.351979,38.114658],[13.351898,38.114648],[13.351421,38.114539],[13.350715,38.11434],[13.350223,38.114228],[13.349961,38.11417],[13.349428,38.113965],[13.348765,38.113815],[13.348407,38.113459],[13.348298,38.113313],[13.348132,38.113444],[13.34792,38.113611],[13.347711,38.113497],[13.347443,38.113443],[13.347066,38.11329],[13.347381,38.112749],[13.34735,38.112449],[13.347347,38.111898],[13.347098,38.111898],[13.346662,38.111897],[13.346425,38.111847],[13.346126,38.111782],[13.345776,38.111804],[13.345432,38.111736],[13.345419,38.111834],[13.345401,38.111966],[13.34532,38.112147],[13.345108,38.112468],[13.344944,38.112525],[13.344852,38.112556],[13.344777,38.112582],[13.34458,38.112634],[13.344503,38.112646],[13.344215,38.112692],[13.34396,38.112651],[13.343697,38.112544],[13.343434,38.112434],[13.343413,38.112319],[13.343233,38.112251],[13.342997,38.112166],[13.342912,38.112139],[13.341819,38.111892]]]]}},{"type":"Feature","properties":{"UPL":"Oreto Perez","Quartiere":"Oreto - Stazione","circoscrizione":"III","n_sezioni":118,"totale_pop":21390,"totale_civici":5174,"area_km2":1.129,"dens_pop":18945.8,"dens_civici":4582.8,"bivar_lbl_modale":"3-3","col_modale":"#3b4994"},"geometry":{"type":"MultiPolygon","coordinates":[[[[13.36693,38.099579],[13.366916,38.099549],[13.366869,38.099512],[13.366773,38.099459],[13.366616,38.099371],[13.366483,38.099268],[13.36623,38.099106],[13.365924,38.09891],[13.365435,38.098633],[13.365296,38.098553],[13.365045,38.09844],[13.364901,38.098419],[13.364657,38.098359],[13.364545,38.098362],[13.36396,38.098271],[13.363642,38.098242],[13.363492,38.098228],[13.363023,38.098251],[13.362706,38.098239],[13.362493,38.098278],[13.362379,38.09828],[13.362088,38.098318],[13.361967,38.09829],[13.361873,38.098242],[13.361595,38.098041],[13.361442,38.09771],[13.361071,38.097302],[13.36088,38.097553],[13.360267,38.09809],[13.359662,38.097719],[13.359523,38.097634],[13.359346,38.097434],[13.359232,38.097497],[13.35891,38.09732],[13.358673,38.097583],[13.358105,38.098256],[13.358326,38.098705],[13.358035,38.099075],[13.359083,38.09998],[13.359337,38.100168],[13.360462,38.101005],[13.360727,38.101197],[13.361215,38.101558],[13.361507,38.101875],[13.361626,38.101943],[13.361737,38.102169],[13.361921,38.1025],[13.361329,38.10288],[13.360535,38.103456],[13.358543,38.105131],[13.358149,38.105462],[13.35745,38.10605],[13.357182,38.106307],[13.355993,38.107354],[13.355564,38.107621],[13.35515,38.107808],[13.355436,38.107926],[13.356348,38.108095],[13.356598,38.108187],[13.357378,38.108414],[13.358021,38.108585],[13.358556,38.108641],[13.359074,38.108739],[13.359288,38.108807],[13.359792,38.108915],[13.360557,38.109042],[13.360768,38.109076],[13.361362,38.10915],[13.36159,38.109149],[13.361757,38.109179],[13.36191,38.109223],[13.361955,38.109235],[13.362328,38.10937],[13.362702,38.1095],[13.363105,38.109629],[13.363351,38.109705],[13.363497,38.109745],[13.363894,38.109802],[13.364018,38.109816],[13.364567,38.109921],[13.365143,38.11003],[13.365515,38.110183],[13.365878,38.110372],[13.366064,38.110465],[13.366429,38.109942],[13.36655,38.109691],[13.36663,38.109555],[13.366699,38.109447],[13.366783,38.109314],[13.367254,38.108855],[13.366674,38.108609],[13.366172,38.108358],[13.367602,38.107548],[13.368278,38.107171],[13.368865,38.106798],[13.369262,38.106576],[13.36934,38.10651],[13.369518,38.106423],[13.369744,38.106351],[13.370568,38.105889],[13.371702,38.105252],[13.371617,38.105101],[13.372484,38.105014],[13.372894,38.104979],[13.373003,38.104966],[13.373302,38.104787],[13.372996,38.104577],[13.372829,38.104439],[13.371564,38.103343],[13.371128,38.102967],[13.370712,38.102654],[13.370275,38.102351],[13.370151,38.102256],[13.369907,38.10206],[13.368494,38.100863],[13.368418,38.100842],[13.36818,38.100645],[13.367014,38.099766],[13.366855,38.099621],[13.36693,38.099579]]]]}},{"type":"Feature","properties":{"UPL":"Cruillas","Quartiere":"Cruillas - S.Giovanni Apostolo","circoscrizione":"VI","n_sezioni":34,"totale_pop":17647,"totale_civici":3903,"area_km2":5.309,"dens_pop":3324.0,"dens_civici":735.2,"bivar_lbl_modale":"1-1","col_modale":"#e8e8e8"},"geometry":{"type":"MultiPolygon","coordinates":[[[[13.30318,38.152772],[13.302733,38.152642],[13.302448,38.151591],[13.301894,38.150073],[13.301596,38.149592],[13.300693,38.149183],[13.300056,38.149314],[13.298536,38.149489],[13.29737,38.148984],[13.296117,38.148373],[13.295684,38.148669],[13.295864,38.14916],[13.296561,38.149554],[13.296149,38.150187],[13.296585,38.150426],[13.296827,38.150562],[13.29683,38.150616],[13.296829,38.150845],[13.296848,38.151176],[13.296866,38.151453],[13.296407,38.151365],[13.296102,38.151253],[13.295914,38.151151],[13.295807,38.151093],[13.295575,38.150919],[13.295547,38.150897],[13.295462,38.150883],[13.295385,38.150895],[13.295246,38.15096],[13.295117,38.151019],[13.294861,38.150995],[13.294547,38.15093],[13.294353,38.150846],[13.294191,38.150817],[13.29403,38.150788],[13.293665,38.150695],[13.2933,38.150581],[13.292971,38.150401],[13.292684,38.150269],[13.292565,38.150233],[13.292394,38.150238],[13.292379,38.150286],[13.292348,38.150379],[13.292372,38.150845],[13.292395,38.15129],[13.292376,38.151373],[13.292357,38.151455],[13.292236,38.151397],[13.291851,38.151225],[13.291546,38.151099],[13.291165,38.150965],[13.290877,38.15088],[13.290665,38.150806],[13.290218,38.150729],[13.289806,38.150694],[13.289351,38.150664],[13.288875,38.150665],[13.288576,38.150614],[13.28816,38.150532],[13.287609,38.150455],[13.287324,38.150406],[13.287039,38.150358],[13.28669,38.150338],[13.286237,38.150239],[13.28586,38.15018],[13.285433,38.150174],[13.285017,38.150122],[13.284676,38.150176],[13.284121,38.150262],[13.283705,38.150218],[13.283444,38.150185],[13.283067,38.150135],[13.282398,38.15008],[13.281914,38.150065],[13.281378,38.150149],[13.281116,38.150172],[13.280853,38.150195],[13.280407,38.150182],[13.280233,38.150178],[13.279931,38.150333],[13.279711,38.150508],[13.279765,38.150662],[13.279886,38.150894],[13.279902,38.151028],[13.279867,38.15128],[13.279849,38.151442],[13.27983,38.151617],[13.279735,38.15193],[13.279656,38.152021],[13.279401,38.152132],[13.279336,38.152193],[13.279272,38.152253],[13.279056,38.152365],[13.278785,38.15233],[13.278476,38.152249],[13.278206,38.152184],[13.277966,38.152096],[13.277562,38.151952],[13.277349,38.15193],[13.277144,38.15198],[13.276842,38.152029],[13.276754,38.152051],[13.27658,38.152049],[13.276491,38.152086],[13.275999,38.152002],[13.275695,38.152112],[13.275628,38.152065],[13.275436,38.152009],[13.275333,38.151839],[13.275328,38.151647],[13.27534,38.151532],[13.27512,38.151395],[13.2749,38.151257],[13.274797,38.151133],[13.274458,38.151075],[13.274269,38.151286],[13.274267,38.151378],[13.274157,38.151515],[13.274049,38.151582],[13.273962,38.15155],[13.27374,38.15152],[13.273558,38.151387],[13.27333,38.151185],[13.273102,38.151005],[13.272462,38.150995],[13.272394,38.150971],[13.272196,38.150746],[13.271858,38.15068],[13.271353,38.150676],[13.270849,38.150673],[13.270756,38.150518],[13.270525,38.150415],[13.270236,38.150353],[13.269743,38.150262],[13.269631,38.150498],[13.269599,38.150597],[13.269597,38.150689],[13.269556,38.150788],[13.269255,38.150783],[13.269111,38.150743],[13.268669,38.150545],[13.268142,38.150253],[13.267913,38.150104],[13.26771,38.150086],[13.267222,38.150217],[13.266774,38.150272],[13.266405,38.150266],[13.265573,38.15017],[13.265001,38.150153],[13.264704,38.1502],[13.264778,38.150346],[13.264491,38.15091],[13.264642,38.15131],[13.264894,38.151683],[13.265111,38.152163],[13.264989,38.152522],[13.26449,38.152396],[13.263914,38.152097],[13.263683,38.152727],[13.263565,38.153108],[13.263448,38.153488],[13.263636,38.154719],[13.263475,38.155257],[13.263189,38.156244],[13.262854,38.157373],[13.262529,38.158533],[13.262654,38.159515],[13.262615,38.159634],[13.262594,38.159694],[13.271103,38.155856],[13.278203,38.157701],[13.285463,38.153988],[13.299856,38.154157],[13.299634,38.154817],[13.300321,38.154796],[13.30061,38.154786],[13.30086,38.154032],[13.301178,38.153666],[13.301616,38.15316],[13.301915,38.15299],[13.302357,38.152916],[13.302743,38.152851],[13.303087,38.15291],[13.303403,38.152965],[13.303406,38.152837],[13.30318,38.152772]]],[[[13.295398,38.141755],[13.295363,38.141698],[13.295725,38.141563],[13.296007,38.141327],[13.295852,38.141323],[13.295779,38.141218],[13.29537,38.141152],[13.294921,38.141138],[13.294863,38.141137],[13.294571,38.141274],[13.294329,38.141662],[13.294825,38.141927],[13.294466,38.142419],[13.29422,38.142582],[13.294086,38.142587],[13.29397,38.142402],[13.294096,38.141994],[13.293882,38.141919],[13.292836,38.143024],[13.292801,38.143452],[13.293105,38.143772],[13.293043,38.144758],[13.293792,38.145252],[13.294573,38.144749],[13.296559,38.143314],[13.296436,38.143011],[13.295777,38.143035],[13.2954,38.143001],[13.295234,38.142723],[13.295405,38.142574],[13.296094,38.1423],[13.295896,38.141988],[13.295739,38.141863],[13.295398,38.141755]]],[[[13.327833,38.145151],[13.328796,38.145575],[13.32927,38.145121],[13.329809,38.144507],[13.33044,38.144397],[13.330954,38.143821],[13.331275,38.143246],[13.33142,38.142871],[13.331506,38.141997],[13.33134,38.140725],[13.331223,38.139831],[13.33058,38.139689],[13.330189,38.139602],[13.328594,38.139302],[13.326181,38.13868],[13.325607,38.138587],[13.323534,38.138083],[13.322676,38.13788],[13.32152,38.137594],[13.320967,38.137461],[13.31947,38.137102],[13.319125,38.137038],[13.318928,38.136996],[13.31837,38.136878],[13.318157,38.136817],[13.317687,38.136681],[13.317371,38.136553],[13.317051,38.136421],[13.315815,38.135917],[13.315345,38.135727],[13.314838,38.135507],[13.313771,38.13505],[13.313645,38.135494],[13.313586,38.135816],[13.313557,38.135978],[13.313554,38.13611],[13.313525,38.136251],[13.313623,38.13684],[13.31363,38.13693],[13.313699,38.13767],[13.313744,38.137988],[13.31379,38.138293],[13.313831,38.138645],[13.314052,38.139306],[13.314215,38.139813],[13.313825,38.13989],[13.31357,38.13994],[13.312729,38.140079],[13.312525,38.140114],[13.312393,38.140141],[13.311091,38.140596],[13.310828,38.140685],[13.310608,38.140761],[13.308626,38.141467],[13.308192,38.14033],[13.306831,38.141066],[13.306304,38.141259],[13.306738,38.14203],[13.30647,38.142219],[13.306659,38.142593],[13.307044,38.142599],[13.307563,38.143517],[13.307386,38.14371],[13.306527,38.14424],[13.306628,38.144388],[13.306724,38.144528],[13.30678,38.144595],[13.306177,38.145103],[13.306348,38.145477],[13.306518,38.145829],[13.306547,38.146215],[13.306483,38.146276],[13.305845,38.146881],[13.305498,38.146831],[13.305146,38.146997],[13.304901,38.147424],[13.30501,38.147454],[13.305368,38.147912],[13.304957,38.148113],[13.305182,38.1484],[13.305104,38.148443],[13.304907,38.148526],[13.305139,38.148948],[13.305705,38.148664],[13.305898,38.148656],[13.306396,38.149094],[13.306781,38.149508],[13.307089,38.150121],[13.307168,38.150278],[13.307558,38.1509],[13.30752,38.151016],[13.307406,38.151366],[13.307242,38.151534],[13.307327,38.151951],[13.307566,38.152185],[13.308026,38.15263],[13.308322,38.152842],[13.308694,38.153055],[13.308934,38.153049],[13.309644,38.153032],[13.310077,38.153431],[13.310534,38.154236],[13.310583,38.154322],[13.310851,38.155351],[13.311014,38.15565],[13.311288,38.15558],[13.311718,38.156537],[13.310948,38.156889],[13.310923,38.157134],[13.312234,38.156982],[13.312499,38.156919],[13.312769,38.15748],[13.311736,38.158208],[13.311248,38.158126],[13.311067,38.158235],[13.311457,38.158497],[13.313342,38.15925],[13.313572,38.159061],[13.313653,38.158999],[13.313838,38.158849],[13.313941,38.158759],[13.314171,38.158575],[13.314278,38.158486],[13.314427,38.158372],[13.314548,38.158273],[13.315307,38.157664],[13.316022,38.157079],[13.317021,38.156273],[13.318115,38.155386],[13.31904,38.154645],[13.319628,38.154164],[13.320203,38.153693],[13.320308,38.153607],[13.321142,38.152928],[13.322032,38.152193],[13.322742,38.151608],[13.323212,38.151217],[13.324335,38.150266],[13.324523,38.15011],[13.325617,38.149205],[13.326064,38.148981],[13.326295,38.148865],[13.326046,38.148819],[13.325802,38.148774],[13.325418,38.148703],[13.325984,38.148048],[13.326151,38.147853],[13.326571,38.147351],[13.326717,38.147174],[13.327123,38.146678],[13.327082,38.14644],[13.327191,38.14611],[13.327347,38.14586],[13.327503,38.145663],[13.327833,38.145151]]]]}},{"type":"Feature","properties":{"UPL":"San Lorenzo","Quartiere":"Resuttana - San Lorenzo","circoscrizione":"VI","n_sezioni":45,"totale_pop":15048,"totale_civici":4013,"area_km2":9.38,"dens_pop":1604.3,"dens_civici":427.8,"bivar_lbl_modale":"1-1","col_modale":"#e8e8e8"},"geometry":{"type":"MultiPolygon","coordinates":[[[[13.30518,38.157049],[13.305148,38.157088],[13.304914,38.157018],[13.304449,38.156801],[13.304356,38.156757],[13.304055,38.156322],[13.304491,38.155786],[13.304706,38.155441],[13.303808,38.155212],[13.30389,38.154902],[13.303873,38.154778],[13.30385,38.154619],[13.304262,38.154692],[13.3046,38.154734],[13.305121,38.154169],[13.305308,38.153816],[13.305155,38.153524],[13.304906,38.153305],[13.304403,38.153082],[13.304203,38.153191],[13.304236,38.153377],[13.304758,38.1536],[13.30489,38.153988],[13.304581,38.154347],[13.304108,38.154452],[13.30361,38.154415],[13.303471,38.154331],[13.302289,38.154589],[13.302026,38.154578],[13.302031,38.154756],[13.302375,38.154954],[13.301791,38.155354],[13.30204,38.155595],[13.301822,38.155918],[13.300721,38.155164],[13.300902,38.155025],[13.300852,38.154879],[13.300679,38.154928],[13.30061,38.154786],[13.300321,38.154796],[13.299634,38.154817],[13.299856,38.154157],[13.285463,38.153988],[13.278203,38.157701],[13.271103,38.155856],[13.262594,38.159694],[13.26247,38.160053],[13.261852,38.16063],[13.261079,38.160959],[13.260234,38.161481],[13.259243,38.162332],[13.2584,38.163227],[13.257974,38.164378],[13.257665,38.165326],[13.256898,38.166407],[13.256394,38.167232],[13.256098,38.167378],[13.25584,38.167707],[13.255652,38.167912],[13.255679,38.16819],[13.255798,38.168496],[13.25593,38.168726],[13.256156,38.168983],[13.256218,38.169053],[13.256593,38.169147],[13.257243,38.169187],[13.258166,38.169243],[13.2587,38.169314],[13.260036,38.169329],[13.261073,38.169403],[13.26236,38.169523],[13.263476,38.169631],[13.263884,38.169752],[13.264317,38.170254],[13.264498,38.170796],[13.264716,38.171243],[13.26514,38.171656],[13.265926,38.172208],[13.266756,38.172831],[13.267374,38.173254],[13.267773,38.173758],[13.268407,38.173946],[13.268662,38.17432],[13.268811,38.174765],[13.269202,38.175138],[13.269701,38.175245],[13.270116,38.175577],[13.270383,38.17586],[13.270717,38.176208],[13.271189,38.176538],[13.271548,38.176831],[13.271575,38.177028],[13.277861,38.17022],[13.289091,38.168748],[13.289352,38.168291],[13.289559,38.167745],[13.289681,38.167286],[13.289627,38.167219],[13.289848,38.167266],[13.290042,38.167291],[13.290209,38.167272],[13.290682,38.167279],[13.290849,38.167259],[13.290905,38.167216],[13.291073,38.167175],[13.291352,38.167135],[13.291798,38.167075],[13.29202,38.167079],[13.292494,38.166998],[13.29258,38.166911],[13.292998,38.166851],[13.293192,38.166854],[13.293416,38.166792],[13.293668,38.166729],[13.293921,38.166579],[13.294173,38.166495],[13.294229,38.166496],[13.294536,38.166435],[13.294676,38.166393],[13.294927,38.166353],[13.295621,38.166363],[13.29573,38.166452],[13.295922,38.166607],[13.296075,38.166684],[13.296358,38.166709],[13.296461,38.166791],[13.296557,38.166855],[13.296776,38.166982],[13.297022,38.167086],[13.297185,38.167215],[13.297317,38.167399],[13.297417,38.167526],[13.297907,38.168097],[13.297748,38.168403],[13.298524,38.169004],[13.298801,38.169222],[13.29912,38.169449],[13.299208,38.169363],[13.299384,38.169192],[13.299689,38.169662],[13.299805,38.169809],[13.300039,38.169949],[13.300193,38.169964],[13.300363,38.170046],[13.300507,38.17011],[13.300733,38.170223],[13.301142,38.17042],[13.301429,38.170561],[13.301766,38.171086],[13.303071,38.171788],[13.303104,38.172233],[13.303701,38.172546],[13.304001,38.172261],[13.304135,38.17213],[13.304475,38.171811],[13.304682,38.171605],[13.30491,38.171363],[13.30513,38.171125],[13.305377,38.170868],[13.305437,38.170794],[13.3056,38.170626],[13.305828,38.170388],[13.306066,38.170127],[13.306191,38.169996],[13.307042,38.170487],[13.307972,38.171011],[13.308305,38.171206],[13.30851,38.171325],[13.30908,38.171651],[13.30929,38.171769],[13.309756,38.172049],[13.310512,38.17249],[13.310958,38.172748],[13.311689,38.173196],[13.311987,38.173163],[13.312789,38.17217],[13.313633,38.171139],[13.313956,38.170711],[13.314177,38.170418],[13.314374,38.170159],[13.314561,38.169919],[13.314617,38.169848],[13.314951,38.169408],[13.315114,38.169195],[13.315362,38.168875],[13.315746,38.168384],[13.316214,38.167777],[13.31683,38.166993],[13.316941,38.166854],[13.317185,38.166521],[13.317561,38.166041],[13.31794,38.165458],[13.318062,38.165252],[13.318337,38.164879],[13.318633,38.164576],[13.318807,38.164443],[13.318923,38.164367],[13.31897,38.164388],[13.318933,38.164222],[13.319059,38.164239],[13.319764,38.16433],[13.32063,38.164429],[13.321543,38.164515],[13.322926,38.164656],[13.323162,38.164688],[13.323921,38.164764],[13.324415,38.164804],[13.324853,38.164846],[13.325477,38.1649],[13.325896,38.164934],[13.326196,38.164729],[13.326231,38.164615],[13.326272,38.164479],[13.326462,38.163837],[13.326481,38.163773],[13.326572,38.163459],[13.326641,38.163222],[13.32676,38.162831],[13.326846,38.162535],[13.32692,38.162289],[13.327001,38.16202],[13.32784,38.162403],[13.328651,38.162747],[13.329452,38.163217],[13.329878,38.163442],[13.330046,38.163504],[13.330235,38.163588],[13.330817,38.163852],[13.331028,38.163948],[13.331244,38.164047],[13.331648,38.164232],[13.332008,38.164154],[13.332401,38.164389],[13.331852,38.165154],[13.332342,38.165309],[13.332956,38.165503],[13.333508,38.165648],[13.333975,38.164996],[13.334487,38.165196],[13.334953,38.16537],[13.335252,38.16489],[13.335292,38.164831],[13.334813,38.164652],[13.334991,38.164231],[13.333884,38.163875],[13.334019,38.161511],[13.334365,38.161026],[13.334462,38.160898],[13.335024,38.160166],[13.33073,38.158235],[13.330669,38.158346],[13.327807,38.156982],[13.326784,38.156503],[13.325621,38.155992],[13.325588,38.155975],[13.325522,38.155946],[13.32538,38.155883],[13.325165,38.155788],[13.324393,38.155433],[13.323704,38.155126],[13.322559,38.154623],[13.322345,38.15466],[13.321728,38.154373],[13.321035,38.154064],[13.320203,38.153693],[13.319628,38.154164],[13.31904,38.154645],[13.318115,38.155386],[13.317021,38.156273],[13.316022,38.157079],[13.315307,38.157664],[13.314548,38.158273],[13.314427,38.158372],[13.314278,38.158486],[13.314171,38.158575],[13.313941,38.158759],[13.313838,38.158849],[13.313653,38.158999],[13.313572,38.159061],[13.313342,38.15925],[13.311457,38.158497],[13.311067,38.158235],[13.310181,38.157896],[13.30969,38.157985],[13.309531,38.158115],[13.309306,38.158299],[13.307815,38.157691],[13.305418,38.156765],[13.30518,38.157049]]]]}},{"type":"Feature","properties":{"UPL":"Monte di Piet\u00e0\u00a0 o Seralcadi","Quartiere":"Palazzo Reale - Monte di Piet\u00e0","circoscrizione":"I","n_sezioni":139,"totale_pop":6220,"totale_civici":4582,"area_km2":0.545,"dens_pop":11402.6,"dens_civici":8399.8,"bivar_lbl_modale":"3-3","col_modale":"#3b4994"},"geometry":{"type":"MultiPolygon","coordinates":[[[[13.360667,38.115367],[13.360422,38.11528],[13.360143,38.115142],[13.359806,38.115034],[13.359547,38.114917],[13.359014,38.11473],[13.358774,38.114595],[13.358428,38.114468],[13.357898,38.114281],[13.357614,38.114134],[13.357353,38.114058],[13.357094,38.113928],[13.356787,38.113789],[13.356499,38.113673],[13.356192,38.113588],[13.355856,38.113452],[13.355702,38.113394],[13.35558,38.113336],[13.355455,38.113282],[13.355425,38.113269],[13.354968,38.11307],[13.354629,38.11293],[13.354098,38.112742],[13.353981,38.112693],[13.352571,38.112105],[13.352268,38.11258],[13.35223,38.112694],[13.35214,38.112828],[13.352167,38.112913],[13.352209,38.113065],[13.352338,38.113591],[13.352307,38.113948],[13.352263,38.114166],[13.352221,38.114262],[13.352157,38.114372],[13.351979,38.114658],[13.351861,38.114834],[13.35174,38.115041],[13.351558,38.115345],[13.351433,38.115552],[13.351313,38.115751],[13.351019,38.116157],[13.350937,38.116264],[13.350647,38.116721],[13.350725,38.116963],[13.350807,38.117219],[13.350835,38.117335],[13.350928,38.117571],[13.350926,38.11775],[13.350925,38.117895],[13.35094,38.117993],[13.350931,38.118129],[13.350933,38.118579],[13.350936,38.118867],[13.350889,38.118977],[13.350836,38.119253],[13.351459,38.119334],[13.352101,38.119418],[13.352273,38.119439],[13.352487,38.119467],[13.352604,38.119481],[13.352699,38.119464],[13.352943,38.119417],[13.353014,38.119412],[13.353303,38.119399],[13.353457,38.119391],[13.3537,38.119404],[13.353944,38.119417],[13.354152,38.119464],[13.354345,38.119519],[13.35456,38.119579],[13.355344,38.119825],[13.355748,38.119945],[13.355944,38.120014],[13.356189,38.120167],[13.356438,38.120342],[13.35665,38.120492],[13.356866,38.120637],[13.356965,38.120701],[13.357094,38.120795],[13.357335,38.120948],[13.357839,38.121137],[13.358028,38.12086],[13.358238,38.120505],[13.358518,38.120139],[13.358558,38.120056],[13.358612,38.119996],[13.358806,38.119673],[13.35891,38.119521],[13.359007,38.119378],[13.359093,38.119253],[13.359179,38.119119],[13.359262,38.118994],[13.359466,38.118681],[13.359651,38.118395],[13.35984,38.118113],[13.359942,38.117951],[13.360006,38.11785],[13.360099,38.117716],[13.360187,38.117582],[13.360275,38.117457],[13.360352,38.117333],[13.360506,38.117228],[13.360668,38.116844],[13.361424,38.115672],[13.361013,38.115496],[13.360667,38.115367]]]]}},{"type":"Feature","properties":{"UPL":"San Filippo Neri","Quartiere":"Pallavicino","circoscrizione":"VII","n_sezioni":24,"totale_pop":13930,"totale_civici":1204,"area_km2":1.248,"dens_pop":11158.0,"dens_civici":964.4,"bivar_lbl_modale":"1-3","col_modale":"#5ac8c8"},"geometry":{"type":"MultiPolygon","coordinates":[[[[13.316969,38.176836],[13.316243,38.176503],[13.315976,38.176382],[13.316129,38.176063],[13.315956,38.175921],[13.316124,38.17573],[13.315528,38.175349],[13.315608,38.175265],[13.31591,38.174912],[13.316561,38.174237],[13.315699,38.173737],[13.314401,38.173035],[13.312789,38.17217],[13.311987,38.173163],[13.31188,38.173295],[13.311706,38.173509],[13.311499,38.173759],[13.311105,38.174238],[13.311068,38.174356],[13.311006,38.174552],[13.310927,38.174794],[13.310883,38.17493],[13.310768,38.175276],[13.310741,38.175359],[13.310661,38.175655],[13.309726,38.176797],[13.309529,38.177038],[13.309063,38.177605],[13.308914,38.177795],[13.30884,38.177874],[13.308558,38.178213],[13.307992,38.178401],[13.307805,38.178534],[13.307668,38.178624],[13.307534,38.178719],[13.307444,38.178781],[13.307138,38.178986],[13.306991,38.179171],[13.306523,38.179526],[13.306147,38.17981],[13.305857,38.180019],[13.305588,38.180223],[13.305202,38.180516],[13.305081,38.180687],[13.304947,38.180836],[13.304763,38.181131],[13.304662,38.181292],[13.304564,38.181697],[13.30449,38.181956],[13.304425,38.182188],[13.304391,38.182307],[13.304304,38.18253],[13.304224,38.182727],[13.304237,38.182934],[13.304247,38.183113],[13.304253,38.183212],[13.304321,38.183286],[13.304465,38.183425],[13.30462,38.18351],[13.304837,38.18361],[13.304945,38.183628],[13.305098,38.183659],[13.30536,38.183699],[13.305431,38.183763],[13.305538,38.183863],[13.305797,38.184101],[13.305913,38.184201],[13.306054,38.184385],[13.306218,38.184504],[13.306471,38.184815],[13.306633,38.185313],[13.306858,38.185864],[13.306969,38.186211],[13.307094,38.186238],[13.307229,38.186296],[13.30732,38.18636],[13.307445,38.186513],[13.307508,38.186587],[13.307652,38.186672],[13.30779,38.186744],[13.308005,38.186711],[13.3081,38.186696],[13.308258,38.186578],[13.308386,38.186447],[13.30845,38.186377],[13.308711,38.186061],[13.308909,38.18586],[13.309067,38.18567],[13.309254,38.18546],[13.309414,38.185234],[13.309748,38.185409],[13.31005,38.185448],[13.310373,38.185538],[13.310648,38.185833],[13.310904,38.185973],[13.31136,38.185928],[13.311752,38.185814],[13.312144,38.185752],[13.312556,38.185706],[13.312839,38.185642],[13.313018,38.185405],[13.313146,38.185213],[13.313986,38.185339],[13.31451,38.185478],[13.315006,38.18557],[13.315354,38.18549],[13.315896,38.184603],[13.316165,38.184161],[13.316376,38.1842],[13.316686,38.184259],[13.316889,38.18434],[13.317037,38.184399],[13.318087,38.182851],[13.318159,38.182746],[13.318827,38.181775],[13.319256,38.181152],[13.319288,38.181111],[13.319926,38.180294],[13.320055,38.18019],[13.320399,38.179931],[13.320123,38.179787],[13.319936,38.17969],[13.31924,38.179374],[13.319597,38.179121],[13.319841,38.178842],[13.320122,38.178457],[13.320192,38.178302],[13.320137,38.178278],[13.319691,38.178074],[13.319315,38.177907],[13.319007,38.177766],[13.318684,38.17762],[13.318529,38.177544],[13.318391,38.177477],[13.317738,38.177182],[13.316969,38.176836]]]]}},{"type":"Feature","properties":{"UPL":"Tommaso Natale - Sant'Ambrogio - Cardillo","Quartiere":"Tommaso Natale - Sferracavallo","circoscrizione":"VII","n_sezioni":30,"totale_pop":16355,"totale_civici":4696,"area_km2":7.761,"dens_pop":2107.3,"dens_civici":605.1,"bivar_lbl_modale":"1-1","col_modale":"#e8e8e8"},"geometry":{"type":"MultiPolygon","coordinates":[[[[13.305588,38.180223],[13.305857,38.180019],[13.306147,38.17981],[13.306523,38.179526],[13.306991,38.179171],[13.307138,38.178986],[13.307444,38.178781],[13.307534,38.178719],[13.307668,38.178624],[13.307805,38.178534],[13.307992,38.178401],[13.308558,38.178213],[13.30884,38.177874],[13.308914,38.177795],[13.309063,38.177605],[13.309529,38.177038],[13.309726,38.176797],[13.310661,38.175655],[13.310741,38.175359],[13.310768,38.175276],[13.310883,38.17493],[13.310927,38.174794],[13.311006,38.174552],[13.311068,38.174356],[13.311105,38.174238],[13.311499,38.173759],[13.311706,38.173509],[13.31188,38.173295],[13.311987,38.173163],[13.311689,38.173196],[13.310958,38.172748],[13.310512,38.17249],[13.309756,38.172049],[13.30929,38.171769],[13.30908,38.171651],[13.30851,38.171325],[13.308305,38.171206],[13.307972,38.171011],[13.307042,38.170487],[13.306191,38.169996],[13.306066,38.170127],[13.305828,38.170388],[13.3056,38.170626],[13.305437,38.170794],[13.305377,38.170868],[13.30513,38.171125],[13.30491,38.171363],[13.304682,38.171605],[13.304475,38.171811],[13.304135,38.17213],[13.304001,38.172261],[13.303701,38.172546],[13.303104,38.172233],[13.303071,38.171788],[13.301766,38.171086],[13.301429,38.170561],[13.301142,38.17042],[13.300733,38.170223],[13.300507,38.17011],[13.300363,38.170046],[13.300193,38.169964],[13.300039,38.169949],[13.299805,38.169809],[13.299689,38.169662],[13.299384,38.169192],[13.299208,38.169363],[13.29912,38.169449],[13.298801,38.169222],[13.298524,38.169004],[13.297748,38.168403],[13.297907,38.168097],[13.297417,38.167526],[13.297317,38.167399],[13.297185,38.167215],[13.297022,38.167086],[13.296776,38.166982],[13.296557,38.166855],[13.296461,38.166791],[13.296358,38.166709],[13.296075,38.166684],[13.295922,38.166607],[13.29573,38.166452],[13.295621,38.166363],[13.294927,38.166353],[13.294676,38.166393],[13.294536,38.166435],[13.294229,38.166496],[13.294173,38.166495],[13.293921,38.166579],[13.293668,38.166729],[13.293416,38.166792],[13.293192,38.166854],[13.292998,38.166851],[13.29258,38.166911],[13.292494,38.166998],[13.29202,38.167079],[13.291798,38.167075],[13.291352,38.167135],[13.291073,38.167175],[13.290905,38.167216],[13.290849,38.167259],[13.290682,38.167279],[13.290209,38.167272],[13.290042,38.167291],[13.289848,38.167266],[13.289627,38.167219],[13.289681,38.167286],[13.289559,38.167745],[13.289352,38.168291],[13.289091,38.168748],[13.277861,38.17022],[13.271575,38.177028],[13.271596,38.177185],[13.270926,38.178011],[13.270603,38.17864],[13.270333,38.179429],[13.270204,38.18001],[13.269887,38.180926],[13.26972,38.181671],[13.269469,38.18263],[13.269488,38.183283],[13.269525,38.183669],[13.270575,38.183675],[13.271476,38.183715],[13.272126,38.183763],[13.272829,38.18399],[13.273438,38.184296],[13.273911,38.184517],[13.274666,38.18499],[13.275295,38.185404],[13.275987,38.186072],[13.27569,38.186542],[13.275247,38.186959],[13.274901,38.187111],[13.274455,38.187168],[13.274096,38.187348],[13.273809,38.187876],[13.273857,38.188104],[13.273871,38.188167],[13.274147,38.188566],[13.27391,38.189027],[13.273788,38.189264],[13.273418,38.189485],[13.27323,38.189596],[13.272885,38.189801],[13.272458,38.189983],[13.272923,38.190651],[13.273397,38.190845],[13.273746,38.191058],[13.273952,38.191519],[13.274262,38.191922],[13.274186,38.192271],[13.273816,38.192438],[13.27372,38.192644],[13.273446,38.193154],[13.27335,38.193268],[13.273104,38.193562],[13.273318,38.193699],[13.273217,38.194103],[13.272943,38.194595],[13.272612,38.19553],[13.272323,38.195981],[13.27252,38.195888],[13.272956,38.195706],[13.273249,38.195578],[13.273612,38.195511],[13.273872,38.195461],[13.274144,38.19541],[13.274411,38.195378],[13.274731,38.19533],[13.274888,38.195302],[13.27512,38.195253],[13.275379,38.195194],[13.275624,38.195136],[13.275725,38.19511],[13.27588,38.195068],[13.276262,38.194946],[13.276575,38.194849],[13.276786,38.194774],[13.276891,38.194729],[13.277123,38.194635],[13.277385,38.194531],[13.277613,38.194424],[13.277818,38.194326],[13.277998,38.194243],[13.278157,38.194161],[13.278297,38.194092],[13.278612,38.193878],[13.278827,38.193731],[13.279179,38.193484],[13.279294,38.193376],[13.279611,38.193581],[13.279853,38.193821],[13.280021,38.194052],[13.280249,38.19423],[13.280512,38.194426],[13.280843,38.194642],[13.281116,38.194902],[13.281228,38.194884],[13.281294,38.194888],[13.282065,38.194933],[13.283056,38.194807],[13.283811,38.194751],[13.284369,38.194611],[13.285108,38.194042],[13.285219,38.194089],[13.285429,38.193988],[13.285622,38.194161],[13.286301,38.194513],[13.286646,38.194666],[13.287151,38.1948],[13.287877,38.194773],[13.288298,38.194726],[13.288238,38.194882],[13.287994,38.195127],[13.28829,38.195605],[13.288703,38.195418],[13.288551,38.195123],[13.289507,38.194697],[13.289407,38.194407],[13.289378,38.194394],[13.288588,38.193328],[13.288126,38.192549],[13.289277,38.192032],[13.290417,38.193214],[13.291922,38.19285],[13.293042,38.192443],[13.293701,38.192037],[13.294301,38.191756],[13.294576,38.192079],[13.294838,38.192135],[13.295482,38.191966],[13.29596,38.191631],[13.29643,38.191259],[13.296672,38.191003],[13.297047,38.191031],[13.297548,38.19178],[13.297581,38.191959],[13.297811,38.192193],[13.297945,38.191793],[13.298074,38.191622],[13.298016,38.191516],[13.297923,38.191343],[13.297847,38.191216],[13.297714,38.190968],[13.297646,38.190876],[13.297557,38.190776],[13.297386,38.190593],[13.297268,38.190467],[13.297076,38.190276],[13.2969,38.190102],[13.29681,38.190011],[13.296737,38.18991],[13.296658,38.189809],[13.296554,38.189664],[13.296378,38.189428],[13.296157,38.189125],[13.29638,38.189175],[13.296521,38.189202],[13.296726,38.189244],[13.297076,38.189312],[13.29736,38.18936],[13.29771,38.189428],[13.297949,38.189469],[13.298079,38.189496],[13.298399,38.189601],[13.298656,38.189686],[13.29888,38.18975],[13.29906,38.189816],[13.299243,38.189899],[13.299514,38.190029],[13.299843,38.190188],[13.300018,38.190361],[13.300154,38.1905],[13.300367,38.190709],[13.300589,38.19102],[13.301029,38.190847],[13.301281,38.190743],[13.301484,38.190527],[13.3016,38.190402],[13.301756,38.190244],[13.301942,38.190048],[13.302175,38.1898],[13.302343,38.189621],[13.302512,38.189441],[13.302682,38.189255],[13.302791,38.189143],[13.302945,38.18898],[13.30313,38.188775],[13.303279,38.188625],[13.303458,38.188429],[13.303551,38.188349],[13.30371,38.188208],[13.303895,38.188039],[13.304181,38.187781],[13.304398,38.187589],[13.304636,38.187373],[13.304857,38.18718],[13.305074,38.187019],[13.305242,38.186851],[13.305535,38.186718],[13.30566,38.18666],[13.305855,38.18658],[13.306331,38.186396],[13.306533,38.186321],[13.306759,38.186232],[13.306969,38.186211],[13.306858,38.185864],[13.306633,38.185313],[13.306471,38.184815],[13.306218,38.184504],[13.306054,38.184385],[13.305913,38.184201],[13.305797,38.184101],[13.305538,38.183863],[13.305431,38.183763],[13.30536,38.183699],[13.305098,38.183659],[13.304945,38.183628],[13.304837,38.18361],[13.30462,38.18351],[13.304465,38.183425],[13.304321,38.183286],[13.304253,38.183212],[13.304247,38.183113],[13.304237,38.182934],[13.304224,38.182727],[13.304304,38.18253],[13.304391,38.182307],[13.304425,38.182188],[13.30449,38.181956],[13.304564,38.181697],[13.304662,38.181292],[13.304763,38.181131],[13.304947,38.180836],[13.305081,38.180687],[13.305202,38.180516],[13.305588,38.180223]]]]}},{"type":"Feature","properties":{"UPL":"Sferracavallo","Quartiere":"Tommaso Natale - Sferracavallo","circoscrizione":"VII","n_sezioni":27,"totale_pop":5732,"totale_civici":2614,"area_km2":1.35,"dens_pop":4246.6,"dens_civici":1936.6,"bivar_lbl_modale":"1-1","col_modale":"#e8e8e8"},"geometry":{"type":"MultiPolygon","coordinates":[[[[13.282063,38.195438],[13.281228,38.194884],[13.281116,38.194902],[13.280843,38.194642],[13.280512,38.194426],[13.280249,38.19423],[13.280021,38.194052],[13.279853,38.193821],[13.279611,38.193581],[13.279294,38.193376],[13.279179,38.193484],[13.278827,38.193731],[13.278612,38.193878],[13.278297,38.194092],[13.278157,38.194161],[13.277998,38.194243],[13.277818,38.194326],[13.277613,38.194424],[13.277385,38.194531],[13.277123,38.194635],[13.276891,38.194729],[13.276786,38.194774],[13.276575,38.194849],[13.276262,38.194946],[13.27588,38.195068],[13.275725,38.19511],[13.275624,38.195136],[13.275379,38.195194],[13.27512,38.195253],[13.274888,38.195302],[13.274731,38.19533],[13.274411,38.195378],[13.274144,38.19541],[13.273872,38.195461],[13.273612,38.195511],[13.273249,38.195578],[13.272956,38.195706],[13.27252,38.195888],[13.272323,38.195981],[13.27228,38.196047],[13.271591,38.19672],[13.270883,38.197674],[13.27003,38.19852],[13.269634,38.198882],[13.269481,38.199022],[13.268767,38.199341],[13.268676,38.199382],[13.268442,38.199488],[13.267426,38.199462],[13.266151,38.199319],[13.264965,38.199209],[13.264285,38.199045],[13.263567,38.198981],[13.262576,38.198877],[13.261026,38.199204],[13.259931,38.199631],[13.259093,38.199725],[13.258992,38.199685],[13.258711,38.199567],[13.258698,38.19963],[13.258643,38.199791],[13.258514,38.200168],[13.258497,38.20088],[13.258503,38.200996],[13.258678,38.20109],[13.258715,38.201061],[13.258854,38.201079],[13.258941,38.201026],[13.259008,38.200953],[13.259086,38.200899],[13.259092,38.200851],[13.259098,38.200771],[13.259127,38.200739],[13.259183,38.200775],[13.25926,38.200783],[13.25934,38.200704],[13.25944,38.200589],[13.259504,38.200503],[13.259546,38.200443],[13.259575,38.200395],[13.259626,38.200347],[13.259687,38.200323],[13.259769,38.200308],[13.259811,38.200276],[13.259825,38.200202],[13.259924,38.20013],[13.260011,38.200089],[13.260044,38.200064],[13.2601,38.199965],[13.260363,38.199856],[13.2605,38.199778],[13.260679,38.199761],[13.26094,38.199759],[13.261091,38.199764],[13.261234,38.199763],[13.261299,38.199764],[13.261438,38.199769],[13.26173,38.199793],[13.262079,38.199774],[13.262311,38.199714],[13.262504,38.199731],[13.26284,38.199751],[13.26286,38.199697],[13.263009,38.199699],[13.263239,38.199742],[13.263626,38.199718],[13.263882,38.199702],[13.264107,38.199691],[13.264318,38.199699],[13.264441,38.19977],[13.264502,38.199839],[13.264938,38.199856],[13.265293,38.199871],[13.265614,38.199984],[13.265873,38.200106],[13.265941,38.200146],[13.265956,38.200274],[13.266065,38.200404],[13.266194,38.200489],[13.266192,38.200578],[13.266296,38.200682],[13.266369,38.200738],[13.266403,38.2009],[13.266437,38.201043],[13.266522,38.201109],[13.266597,38.2011],[13.266646,38.20115],[13.26662,38.201204],[13.266574,38.201296],[13.266548,38.201325],[13.266562,38.201532],[13.266605,38.201577],[13.266661,38.201544],[13.266716,38.201598],[13.26672,38.201697],[13.266737,38.201781],[13.266811,38.201821],[13.266834,38.201885],[13.266827,38.20193],[13.266843,38.202038],[13.266873,38.202097],[13.266896,38.202162],[13.266925,38.202256],[13.266901,38.202462],[13.266819,38.202529],[13.266804,38.202628],[13.266744,38.202814],[13.266704,38.202897],[13.266797,38.202937],[13.266813,38.203031],[13.266798,38.203159],[13.266771,38.203242],[13.266851,38.203258],[13.266897,38.203175],[13.266974,38.203078],[13.267062,38.20304],[13.26721,38.203116],[13.267378,38.203133],[13.267457,38.203232],[13.267647,38.203343],[13.267746,38.203399],[13.267944,38.203446],[13.268135,38.203557],[13.268333,38.203609],[13.268539,38.203578],[13.268683,38.20355],[13.268878,38.20347],[13.269017,38.203383],[13.269157,38.203282],[13.269258,38.20322],[13.269391,38.203158],[13.269511,38.203076],[13.269619,38.202999],[13.269727,38.202912],[13.269835,38.202759],[13.269891,38.20267],[13.270002,38.202405],[13.270032,38.202239],[13.270053,38.201927],[13.270033,38.20187],[13.269941,38.201869],[13.269899,38.201846],[13.26975,38.201821],[13.269732,38.201687],[13.269756,38.201564],[13.269799,38.201559],[13.269834,38.201582],[13.269875,38.201655],[13.270017,38.201652],[13.269935,38.201493],[13.269746,38.201516],[13.269643,38.20139],[13.269558,38.201086],[13.269564,38.200826],[13.269727,38.20062],[13.269953,38.20055],[13.270084,38.20061],[13.270141,38.200413],[13.270653,38.199993],[13.270757,38.200036],[13.270889,38.200038],[13.270813,38.199922],[13.270946,38.199872],[13.27138,38.199368],[13.271908,38.198803],[13.272278,38.198756],[13.27248,38.198613],[13.272688,38.198731],[13.273169,38.198488],[13.273392,38.198523],[13.273462,38.198357],[13.273607,38.19837],[13.27369,38.198204],[13.274006,38.198219],[13.274333,38.198349],[13.274541,38.198488],[13.274763,38.198585],[13.274944,38.198733],[13.275148,38.199023],[13.275404,38.199202],[13.275512,38.199278],[13.275457,38.199371],[13.275573,38.199477],[13.275694,38.199406],[13.275742,38.199604],[13.275541,38.199705],[13.275668,38.199926],[13.275975,38.199785],[13.276245,38.200091],[13.276137,38.200204],[13.275925,38.200211],[13.275855,38.200377],[13.275744,38.200615],[13.275966,38.200712],[13.275938,38.200805],[13.274131,38.200768],[13.274106,38.200695],[13.273935,38.200692],[13.273943,38.20089],[13.276144,38.200996],[13.276462,38.201516],[13.276556,38.201847],[13.276584,38.201945],[13.276423,38.202057],[13.27638,38.202192],[13.276471,38.202256],[13.276695,38.202259],[13.277148,38.20263],[13.277731,38.203082],[13.278005,38.203221],[13.278332,38.203351],[13.278499,38.203541],[13.278775,38.203735],[13.279199,38.204062],[13.279538,38.204233],[13.279839,38.204368],[13.279835,38.204535],[13.280278,38.204749],[13.280489,38.204763],[13.280778,38.204819],[13.281427,38.205287],[13.281541,38.205476],[13.281826,38.20572],[13.282043,38.206005],[13.282121,38.206169],[13.28218,38.206392],[13.282195,38.20684],[13.282174,38.207184],[13.281968,38.207514],[13.281931,38.207993],[13.282018,38.208223],[13.28204,38.20839],[13.281991,38.208816],[13.281893,38.209044],[13.282263,38.209029],[13.282273,38.209144],[13.282429,38.209173],[13.282281,38.209598],[13.282059,38.209789],[13.281866,38.209872],[13.281699,38.209999],[13.281315,38.210101],[13.281258,38.210208],[13.281584,38.210234],[13.281692,38.2103],[13.281332,38.21051],[13.281056,38.210657],[13.280917,38.210784],[13.280801,38.211041],[13.281074,38.211045],[13.281263,38.211155],[13.281341,38.211307],[13.281669,38.211291],[13.281863,38.211143],[13.282004,38.210951],[13.282116,38.210823],[13.282256,38.210696],[13.28237,38.210461],[13.282671,38.210422],[13.282945,38.210383],[13.282866,38.210253],[13.28273,38.210251],[13.282512,38.210226],[13.282516,38.210075],[13.28263,38.20984],[13.282962,38.209446],[13.283221,38.209361],[13.283443,38.209328],[13.283568,38.209222],[13.283692,38.209151],[13.28383,38.209105],[13.283984,38.209059],[13.284684,38.209142],[13.28517,38.209233],[13.285439,38.209478],[13.285937,38.209726],[13.286673,38.210249],[13.287441,38.210744],[13.28788,38.210715],[13.287967,38.21062],[13.288008,38.210042],[13.287992,38.20993],[13.286991,38.209648],[13.285726,38.208998],[13.284968,38.208794],[13.28474,38.208479],[13.284801,38.207916],[13.285387,38.207813],[13.285776,38.207291],[13.285752,38.207105],[13.285119,38.206777],[13.284941,38.206745],[13.284624,38.205827],[13.284283,38.205517],[13.283955,38.205431],[13.283976,38.204562],[13.284387,38.203885],[13.284643,38.20302],[13.285216,38.203043],[13.285354,38.2028],[13.285413,38.202304],[13.285927,38.20165],[13.285941,38.20162],[13.286219,38.2017],[13.286315,38.201494],[13.286039,38.201402],[13.286096,38.201274],[13.286744,38.201313],[13.286775,38.200794],[13.286631,38.200259],[13.286576,38.200056],[13.287321,38.200007],[13.287316,38.20023],[13.287786,38.200244],[13.287819,38.199761],[13.287844,38.199384],[13.287042,38.199439],[13.285974,38.199639],[13.285834,38.199199],[13.285849,38.198946],[13.285595,38.198935],[13.285423,38.197864],[13.285237,38.197735],[13.284871,38.197722],[13.284472,38.197471],[13.28415,38.196731],[13.283959,38.196468],[13.283365,38.196675],[13.282032,38.195545],[13.282063,38.195438]]]]}},{"type":"Feature","properties":{"UPL":"Castellammare o Loggia","Quartiere":"Tribunali-Castellammare","circoscrizione":"I","n_sezioni":115,"totale_pop":4822,"totale_civici":4037,"area_km2":0.557,"dens_pop":8651.3,"dens_civici":7242.9,"bivar_lbl_modale":"3-2","col_modale":"#8c62aa"},"geometry":{"type":"MultiPolygon","coordinates":[[[[13.363344,38.116456],[13.363159,38.116373],[13.3626,38.116125],[13.362267,38.115979],[13.361865,38.11584],[13.361424,38.115672],[13.360668,38.116844],[13.360506,38.117228],[13.360352,38.117333],[13.360275,38.117457],[13.360187,38.117582],[13.360099,38.117716],[13.360006,38.11785],[13.359942,38.117951],[13.35984,38.118113],[13.359651,38.118395],[13.359466,38.118681],[13.359262,38.118994],[13.359179,38.119119],[13.359093,38.119253],[13.359007,38.119378],[13.35891,38.119521],[13.358806,38.119673],[13.358612,38.119996],[13.358558,38.120056],[13.358518,38.120139],[13.358238,38.120505],[13.358028,38.12086],[13.357839,38.121137],[13.358015,38.121184],[13.358211,38.121258],[13.358444,38.121335],[13.358638,38.1214],[13.358851,38.12146],[13.358989,38.121486],[13.359169,38.121533],[13.359254,38.121578],[13.359479,38.121612],[13.359679,38.121658],[13.359832,38.121734],[13.360044,38.121735],[13.360297,38.121811],[13.360843,38.121971],[13.36141,38.122155],[13.361767,38.122229],[13.36197,38.122285],[13.362118,38.122333],[13.362311,38.12238],[13.362549,38.122421],[13.362764,38.122449],[13.362942,38.122469],[13.363096,38.12249],[13.36336,38.122557],[13.363651,38.122587],[13.363847,38.122602],[13.36396,38.12262],[13.364108,38.122642],[13.36437,38.122682],[13.364532,38.122716],[13.365012,38.122824],[13.365092,38.122853],[13.365194,38.122845],[13.365459,38.122884],[13.365567,38.122894],[13.365793,38.122944],[13.365864,38.122958],[13.366241,38.123031],[13.366938,38.12314],[13.368262,38.123392],[13.369992,38.123715],[13.370332,38.12296],[13.368243,38.12142],[13.368234,38.121132],[13.367383,38.120508],[13.366995,38.120203],[13.366878,38.12004],[13.3669,38.119716],[13.366999,38.119358],[13.367292,38.119134],[13.367674,38.11902],[13.368173,38.119086],[13.368504,38.119235],[13.368772,38.119466],[13.369098,38.119795],[13.369302,38.120157],[13.370218,38.12059],[13.37075,38.120573],[13.370849,38.121546],[13.371336,38.121517],[13.372482,38.122516],[13.371585,38.125981],[13.371643,38.126102],[13.371824,38.126152],[13.371978,38.126046],[13.372028,38.125879],[13.372116,38.125293],[13.372268,38.124623],[13.372532,38.123644],[13.372785,38.122496],[13.372297,38.12195],[13.372115,38.121923],[13.371612,38.121353],[13.371636,38.120945],[13.371763,38.120695],[13.37171,38.120347],[13.371484,38.120235],[13.371209,38.120128],[13.37126,38.120088],[13.371378,38.119939],[13.371465,38.119759],[13.371283,38.119686],[13.371231,38.119675],[13.371121,38.119656],[13.371042,38.119637],[13.370864,38.119553],[13.370688,38.119461],[13.370467,38.119347],[13.370257,38.119265],[13.370184,38.119236],[13.370036,38.119179],[13.369472,38.118975],[13.369332,38.118908],[13.369204,38.118863],[13.368594,38.118602],[13.368257,38.118462],[13.36772,38.118238],[13.367548,38.118172],[13.367216,38.118044],[13.367075,38.117979],[13.366759,38.117846],[13.366485,38.11769],[13.366481,38.11766],[13.366194,38.117615],[13.365425,38.117297],[13.365143,38.117177],[13.365031,38.117126],[13.364518,38.11693],[13.364189,38.116794],[13.364022,38.1167],[13.363794,38.116616],[13.363592,38.116577],[13.363466,38.11651],[13.363344,38.116456]]]]}},{"type":"Feature","properties":{"UPL":"Borgo Vecchio - Principe Scordia","Quartiere":"Politeama","circoscrizione":"VIII","n_sezioni":135,"totale_pop":13078,"totale_civici":4747,"area_km2":1.043,"dens_pop":12540.7,"dens_civici":4552.0,"bivar_lbl_modale":"3-3","col_modale":"#3b4994"},"geometry":{"type":"MultiPolygon","coordinates":[[[[13.365459,38.122884],[13.365194,38.122845],[13.365092,38.122853],[13.365012,38.122824],[13.364532,38.122716],[13.36437,38.122682],[13.364108,38.122642],[13.36396,38.12262],[13.363847,38.122602],[13.363651,38.122587],[13.36336,38.122557],[13.363096,38.12249],[13.362942,38.122469],[13.362764,38.122449],[13.362549,38.122421],[13.362311,38.12238],[13.362118,38.122333],[13.36197,38.122285],[13.361767,38.122229],[13.36141,38.122155],[13.360843,38.121971],[13.360459,38.122499],[13.360142,38.122965],[13.35993,38.123266],[13.359636,38.123686],[13.359271,38.124195],[13.359012,38.12457],[13.358718,38.125026],[13.358429,38.125379],[13.357773,38.125183],[13.357636,38.125126],[13.35743,38.12504],[13.357037,38.125634],[13.35666,38.126238],[13.356497,38.126491],[13.356423,38.126607],[13.356313,38.126787],[13.355938,38.127309],[13.355674,38.127711],[13.355324,38.128251],[13.354934,38.128837],[13.354621,38.129414],[13.35433,38.129828],[13.354206,38.130026],[13.354046,38.130284],[13.353915,38.130501],[13.35381,38.130671],[13.353494,38.131169],[13.354248,38.13147],[13.355311,38.131881],[13.35612,38.132198],[13.355732,38.133653],[13.356415,38.13406],[13.357028,38.13442],[13.357434,38.134792],[13.357537,38.134887],[13.357911,38.134765],[13.358014,38.134568],[13.358102,38.134506],[13.358517,38.134189],[13.358739,38.134244],[13.358954,38.134285],[13.359816,38.13451],[13.359976,38.134558],[13.360763,38.134767],[13.361641,38.135014],[13.362132,38.13514],[13.362688,38.134016],[13.363365,38.130479],[13.365497,38.130833],[13.365679,38.130392],[13.362666,38.129838],[13.363206,38.128906],[13.366913,38.12935],[13.367362,38.128571],[13.363613,38.128109],[13.364041,38.127295],[13.367733,38.127449],[13.368092,38.126856],[13.364424,38.126617],[13.364965,38.125592],[13.369247,38.125412],[13.369992,38.123715],[13.368262,38.123392],[13.366938,38.12314],[13.366241,38.123031],[13.365864,38.122958],[13.365793,38.122944],[13.365567,38.122894],[13.365459,38.122884]]]]}},{"type":"Feature","properties":{"UPL":"S.Francesco di Paola - Terrasanta","Quartiere":"Politeama","circoscrizione":"VIII","n_sezioni":110,"totale_pop":12721,"totale_civici":3964,"area_km2":0.796,"dens_pop":15981.2,"dens_civici":4979.9,"bivar_lbl_modale":"3-3","col_modale":"#3b4994"},"geometry":{"type":"MultiPolygon","coordinates":[[[[13.35456,38.119579],[13.354345,38.119519],[13.354152,38.119464],[13.353944,38.119417],[13.3537,38.119404],[13.353457,38.119391],[13.353303,38.119399],[13.353014,38.119412],[13.352943,38.119417],[13.352699,38.119464],[13.352604,38.119481],[13.352487,38.119467],[13.352273,38.119439],[13.352101,38.119418],[13.351459,38.119334],[13.350836,38.119253],[13.350807,38.119534],[13.350773,38.119868],[13.350201,38.119804],[13.349868,38.119762],[13.349629,38.119726],[13.349502,38.120073],[13.349471,38.120155],[13.349331,38.120331],[13.34926,38.120424],[13.349131,38.120582],[13.349021,38.120708],[13.348798,38.120937],[13.348243,38.121083],[13.34821,38.121221],[13.348189,38.121308],[13.347855,38.121449],[13.347681,38.121526],[13.347544,38.121641],[13.34705,38.12179],[13.347008,38.121974],[13.346775,38.122173],[13.346594,38.122249],[13.346341,38.122465],[13.346164,38.122716],[13.345976,38.123119],[13.345883,38.123228],[13.345725,38.123414],[13.345534,38.12388],[13.345015,38.123806],[13.344884,38.123777],[13.344678,38.124391],[13.344742,38.124423],[13.344448,38.124955],[13.344216,38.125559],[13.343987,38.125506],[13.343526,38.126643],[13.343679,38.126676],[13.343768,38.126914],[13.343919,38.126864],[13.343806,38.127262],[13.343294,38.128389],[13.343261,38.128449],[13.34308,38.128771],[13.342911,38.12877],[13.342795,38.129107],[13.342727,38.129308],[13.342596,38.129455],[13.342436,38.129727],[13.342002,38.130217],[13.34185,38.130585],[13.341424,38.131616],[13.34158,38.131661],[13.341713,38.131696],[13.341929,38.131756],[13.342064,38.131787],[13.342165,38.131815],[13.342592,38.130772],[13.342751,38.130375],[13.342931,38.129926],[13.342981,38.129933],[13.343065,38.129944],[13.343598,38.130158],[13.344515,38.130467],[13.345308,38.130739],[13.346384,38.131149],[13.347584,38.131519],[13.347632,38.13145],[13.34778,38.131296],[13.348118,38.130959],[13.348402,38.130665],[13.348619,38.13031],[13.348748,38.130157],[13.348923,38.129943],[13.349223,38.129657],[13.3494,38.129488],[13.349692,38.129],[13.349848,38.128648],[13.350131,38.128196],[13.350423,38.127685],[13.350704,38.12722],[13.350879,38.126898],[13.35132,38.126103],[13.351576,38.125693],[13.351763,38.12537],[13.351951,38.125048],[13.352272,38.124464],[13.352435,38.124215],[13.352768,38.123617],[13.353024,38.123144],[13.353215,38.122867],[13.353733,38.123091],[13.354103,38.123248],[13.354549,38.123457],[13.354431,38.123311],[13.354225,38.123059],[13.354849,38.121941],[13.354971,38.121912],[13.355093,38.121721],[13.355135,38.121611],[13.3552,38.121545],[13.355296,38.121425],[13.35532,38.121384],[13.355484,38.12111],[13.355613,38.121041],[13.355779,38.121009],[13.355951,38.120923],[13.356623,38.120777],[13.356965,38.120701],[13.356866,38.120637],[13.35665,38.120492],[13.356438,38.120342],[13.356189,38.120167],[13.355944,38.120014],[13.355748,38.119945],[13.355344,38.119825],[13.35456,38.119579]]]]}},{"type":"Feature","properties":{"UPL":"Croci - Ruggero Settimo","Quartiere":"Politeama","circoscrizione":"VIII","n_sezioni":96,"totale_pop":5597,"totale_civici":3274,"area_km2":0.53,"dens_pop":10552.8,"dens_civici":6172.9,"bivar_lbl_modale":"2-2","col_modale":"#a5add3"},"geometry":{"type":"MultiPolygon","coordinates":[[[[13.357335,38.120948],[13.357094,38.120795],[13.356965,38.120701],[13.356623,38.120777],[13.355951,38.120923],[13.355779,38.121009],[13.355613,38.121041],[13.355484,38.12111],[13.35532,38.121384],[13.355296,38.121425],[13.3552,38.121545],[13.355135,38.121611],[13.355093,38.121721],[13.354971,38.121912],[13.354849,38.121941],[13.354225,38.123059],[13.354431,38.123311],[13.354549,38.123457],[13.354103,38.123248],[13.353733,38.123091],[13.353215,38.122867],[13.353024,38.123144],[13.352768,38.123617],[13.352435,38.124215],[13.352272,38.124464],[13.351951,38.125048],[13.351763,38.12537],[13.351576,38.125693],[13.35132,38.126103],[13.350879,38.126898],[13.350704,38.12722],[13.350423,38.127685],[13.350131,38.128196],[13.349848,38.128648],[13.349692,38.129],[13.3494,38.129488],[13.349223,38.129657],[13.348923,38.129943],[13.348748,38.130157],[13.348619,38.13031],[13.348402,38.130665],[13.348576,38.130755],[13.348991,38.130841],[13.349407,38.130872],[13.349723,38.130814],[13.35052,38.130979],[13.350572,38.13103],[13.35062,38.130898],[13.350644,38.130834],[13.350913,38.130585],[13.351012,38.130631],[13.351634,38.130901],[13.351845,38.130569],[13.351987,38.130347],[13.352051,38.13025],[13.352203,38.130015],[13.352916,38.130313],[13.352715,38.130617],[13.352687,38.130862],[13.352882,38.130935],[13.352992,38.130981],[13.353494,38.131169],[13.35381,38.130671],[13.353915,38.130501],[13.354046,38.130284],[13.354206,38.130026],[13.35433,38.129828],[13.354621,38.129414],[13.354934,38.128837],[13.355324,38.128251],[13.355674,38.127711],[13.355938,38.127309],[13.356313,38.126787],[13.356423,38.126607],[13.356497,38.126491],[13.35666,38.126238],[13.357037,38.125634],[13.35743,38.12504],[13.357636,38.125126],[13.357773,38.125183],[13.358429,38.125379],[13.358718,38.125026],[13.359012,38.12457],[13.359271,38.124195],[13.359636,38.123686],[13.35993,38.123266],[13.360142,38.122965],[13.360459,38.122499],[13.360843,38.121971],[13.360297,38.121811],[13.360044,38.121735],[13.359832,38.121734],[13.359679,38.121658],[13.359479,38.121612],[13.359254,38.121578],[13.359169,38.121533],[13.358989,38.121486],[13.358851,38.12146],[13.358638,38.1214],[13.358444,38.121335],[13.358211,38.121258],[13.358015,38.121184],[13.357839,38.121137],[13.357335,38.120948]]]]}},{"type":"Feature","properties":{"UPL":"Cantieri","Quartiere":"Montepellegrino","circoscrizione":"VIII","n_sezioni":30,"totale_pop":8152,"totale_civici":2267,"area_km2":0.931,"dens_pop":8754.2,"dens_civici":2434.5,"bivar_lbl_modale":"3-3","col_modale":"#3b4994"},"geometry":{"type":"MultiPolygon","coordinates":[[[[13.368059,38.144466],[13.368243,38.144635],[13.368383,38.144706],[13.368716,38.144712],[13.369084,38.144599],[13.36936,38.144494],[13.369656,38.144496],[13.370029,38.144591],[13.370153,38.1447],[13.370396,38.144516],[13.370183,38.14448],[13.370081,38.144372],[13.369964,38.144265],[13.369667,38.144213],[13.369326,38.144161],[13.369155,38.143794],[13.369381,38.143679],[13.370628,38.143273],[13.37057,38.143201],[13.369263,38.143619],[13.369092,38.143263],[13.370459,38.142811],[13.370431,38.14274],[13.369004,38.143203],[13.368806,38.142729],[13.371344,38.141916],[13.372167,38.143777],[13.371978,38.144234],[13.372171,38.14426],[13.373456,38.141427],[13.37316,38.141352],[13.373118,38.141222],[13.373195,38.141094],[13.373871,38.140879],[13.375293,38.137271],[13.376677,38.134681],[13.377813,38.132523],[13.377532,38.132425],[13.377361,38.132717],[13.377435,38.132754],[13.376191,38.135081],[13.375939,38.135006],[13.375379,38.136047],[13.375631,38.136121],[13.375009,38.137302],[13.373997,38.139909],[13.373697,38.140677],[13.372763,38.14044],[13.371986,38.141076],[13.371468,38.140953],[13.371527,38.140837],[13.371359,38.140772],[13.37257,38.137729],[13.372345,38.137672],[13.371156,38.140734],[13.370435,38.140554],[13.371624,38.13751],[13.371455,38.137454],[13.371515,38.13732],[13.371368,38.137291],[13.370216,38.140211],[13.369687,38.140078],[13.370816,38.137158],[13.370831,38.137002],[13.371352,38.13649],[13.37124,38.136408],[13.36937,38.138011],[13.369214,38.137919],[13.368486,38.138553],[13.368318,38.138471],[13.369127,38.137748],[13.369165,38.137552],[13.370367,38.136459],[13.369698,38.135993],[13.370792,38.133145],[13.37273,38.133601],[13.373097,38.133373],[13.374903,38.12853],[13.375531,38.126758],[13.37588,38.126334],[13.378049,38.12452],[13.380331,38.122699],[13.380131,38.122553],[13.375425,38.126426],[13.375019,38.126348],[13.373767,38.129714],[13.372948,38.131913],[13.372539,38.13299],[13.371593,38.13278],[13.371501,38.13285],[13.370578,38.132587],[13.37114,38.130733],[13.370306,38.130561],[13.36962,38.132896],[13.367928,38.132604],[13.367946,38.132801],[13.369616,38.133057],[13.3693,38.134055],[13.368172,38.133842],[13.368124,38.133985],[13.369274,38.134179],[13.368905,38.135499],[13.368143,38.13513],[13.36698,38.135526],[13.366914,38.135399],[13.362688,38.134016],[13.362132,38.13514],[13.361641,38.135014],[13.360763,38.134767],[13.359976,38.134558],[13.359816,38.13451],[13.358954,38.134285],[13.358739,38.134244],[13.358517,38.134189],[13.358102,38.134506],[13.358014,38.134568],[13.357911,38.134765],[13.357537,38.134887],[13.356457,38.135409],[13.355916,38.135844],[13.355625,38.136075],[13.355252,38.13642],[13.35558,38.136671],[13.355308,38.137073],[13.354956,38.13751],[13.354789,38.137867],[13.355122,38.137889],[13.357103,38.13815],[13.357203,38.138273],[13.357221,38.138592],[13.357484,38.138869],[13.358162,38.139066],[13.358965,38.139265],[13.359726,38.139449],[13.360703,38.139705],[13.361282,38.139859],[13.361485,38.139428],[13.361773,38.13881],[13.362604,38.138896],[13.362854,38.138914],[13.363344,38.138976],[13.364003,38.13906],[13.364778,38.139139],[13.364994,38.139163],[13.3651,38.138866],[13.365221,38.138524],[13.365695,38.138623],[13.366091,38.138708],[13.366259,38.138737],[13.367122,38.138894],[13.367698,38.138994],[13.367707,38.139904],[13.367555,38.140414],[13.367459,38.140647],[13.367317,38.140923],[13.366953,38.141557],[13.36683,38.141774],[13.366978,38.142426],[13.367188,38.143346],[13.367253,38.143474],[13.367329,38.143565],[13.367565,38.143885],[13.367628,38.143978],[13.367803,38.144165],[13.368059,38.144466]]]]}},{"type":"Feature","properties":{"UPL":"Montepellegrino","Quartiere":"Montepellegrino","circoscrizione":"VIII","n_sezioni":43,"totale_pop":15458,"totale_civici":2327,"area_km2":7.533,"dens_pop":2052.1,"dens_civici":308.9,"bivar_lbl_modale":"1-1","col_modale":"#e8e8e8"},"geometry":{"type":"MultiPolygon","coordinates":[[[[13.363611,38.144018],[13.364552,38.14416],[13.364693,38.143231],[13.365152,38.141377],[13.365332,38.140645],[13.36536,38.140482],[13.365377,38.140382],[13.365575,38.139222],[13.364994,38.139163],[13.364778,38.139139],[13.364003,38.13906],[13.363344,38.138976],[13.362854,38.138914],[13.362604,38.138896],[13.361773,38.13881],[13.361485,38.139428],[13.361282,38.139859],[13.360703,38.139705],[13.359726,38.139449],[13.358965,38.139265],[13.358162,38.139066],[13.357484,38.138869],[13.357221,38.138592],[13.357203,38.138273],[13.357103,38.13815],[13.355122,38.137889],[13.354789,38.137867],[13.35471,38.138298],[13.354652,38.138696],[13.354643,38.138755],[13.354476,38.139581],[13.354363,38.13987],[13.354343,38.139924],[13.353944,38.140429],[13.353804,38.14062],[13.353513,38.140463],[13.353294,38.14089],[13.352896,38.141382],[13.352637,38.141757],[13.35238,38.142131],[13.352257,38.14229],[13.352193,38.142372],[13.351845,38.142781],[13.351563,38.14312],[13.351551,38.14322],[13.351462,38.143444],[13.351359,38.143695],[13.351318,38.143792],[13.351205,38.143962],[13.351126,38.144105],[13.351026,38.144212],[13.350839,38.144399],[13.350749,38.14447],[13.350587,38.144566],[13.349102,38.143923],[13.34864,38.14462],[13.348258,38.145139],[13.3481,38.145082],[13.347974,38.145032],[13.34775,38.145392],[13.347578,38.145332],[13.347423,38.145551],[13.347099,38.145947],[13.347131,38.146001],[13.347394,38.146342],[13.347101,38.146836],[13.347221,38.146998],[13.346854,38.14733],[13.346625,38.147487],[13.346361,38.147714],[13.345738,38.148215],[13.345965,38.148376],[13.346865,38.148964],[13.347027,38.149005],[13.347528,38.149353],[13.348667,38.15011],[13.348751,38.150165],[13.349539,38.150696],[13.349828,38.150881],[13.350488,38.15132],[13.35113,38.151801],[13.352767,38.15317],[13.35389,38.153977],[13.354265,38.154247],[13.354389,38.154392],[13.354832,38.154828],[13.355029,38.15491],[13.355046,38.15496],[13.355045,38.155039],[13.354989,38.155088],[13.354898,38.15513],[13.354826,38.1551],[13.354727,38.155049],[13.354673,38.155048],[13.354571,38.155147],[13.354507,38.155167],[13.354257,38.154999],[13.354131,38.154947],[13.353922,38.154973],[13.353698,38.154884],[13.353602,38.154718],[13.353606,38.154525],[13.353573,38.154374],[13.353496,38.154165],[13.353425,38.154121],[13.353354,38.154063],[13.353181,38.154075],[13.352868,38.154299],[13.352658,38.154375],[13.352574,38.154467],[13.352582,38.154539],[13.352498,38.154624],[13.352351,38.154736],[13.35233,38.154872],[13.352274,38.154943],[13.352005,38.155218],[13.351902,38.155331],[13.351871,38.155496],[13.351849,38.155681],[13.351729,38.155805],[13.351399,38.155951],[13.351097,38.156061],[13.350083,38.156047],[13.349685,38.15602],[13.349629,38.156055],[13.349355,38.15618],[13.349197,38.156342],[13.34901,38.156605],[13.348871,38.156724],[13.348686,38.156915],[13.348599,38.157136],[13.34865,38.157294],[13.348709,38.157492],[13.348704,38.157699],[13.348503,38.157768],[13.348483,38.157846],[13.34866,38.158057],[13.348711,38.158179],[13.348761,38.158409],[13.34874,38.158509],[13.348738,38.158623],[13.348834,38.158775],[13.348969,38.158798],[13.349068,38.158843],[13.349066,38.158922],[13.349254,38.159083],[13.349279,38.159235],[13.349186,38.159516],[13.349048,38.159652],[13.3486,38.159791],[13.347943,38.159819],[13.347412,38.15982],[13.34684,38.159895],[13.346635,38.160007],[13.346564,38.160136],[13.346607,38.160373],[13.34667,38.160599],[13.346681,38.160965],[13.346628,38.161148],[13.346471,38.161275],[13.346276,38.161375],[13.345948,38.161775],[13.345883,38.162057],[13.345848,38.162323],[13.34586,38.16267],[13.345903,38.162885],[13.346037,38.16339],[13.346068,38.163711],[13.346093,38.164333],[13.346069,38.164516],[13.345911,38.164678],[13.345627,38.164872],[13.345215,38.165141],[13.344832,38.16541],[13.344562,38.165834],[13.344469,38.1661],[13.344472,38.166363],[13.344571,38.166685],[13.344777,38.166993],[13.345117,38.167341],[13.345545,38.167633],[13.347794,38.169],[13.348151,38.16931],[13.348414,38.169653],[13.34865,38.170075],[13.348695,38.170289],[13.348658,38.1705],[13.348461,38.170695],[13.348562,38.170756],[13.348514,38.170814],[13.34825,38.170929],[13.348016,38.17094],[13.34757,38.170868],[13.34719,38.170729],[13.346905,38.170534],[13.345799,38.169902],[13.345337,38.169697],[13.344505,38.169353],[13.344255,38.169254],[13.343924,38.169006],[13.343639,38.168832],[13.343389,38.168755],[13.343109,38.168729],[13.342923,38.168689],[13.342627,38.168567],[13.342249,38.168392],[13.341834,38.168082],[13.341678,38.168362],[13.341393,38.168976],[13.341396,38.169168],[13.341297,38.169453],[13.340991,38.169736],[13.340818,38.169849],[13.340709,38.169937],[13.34054,38.170165],[13.340494,38.1703],[13.340457,38.170693],[13.340537,38.170947],[13.340635,38.171022],[13.340623,38.171224],[13.340656,38.171351],[13.340654,38.171435],[13.340715,38.17156],[13.340657,38.171616],[13.340114,38.171377],[13.339975,38.171544],[13.339949,38.171712],[13.339852,38.171925],[13.339877,38.172088],[13.33998,38.172242],[13.340148,38.172396],[13.340288,38.172494],[13.340428,38.172574],[13.340584,38.172633],[13.340543,38.172866],[13.340321,38.172919],[13.340044,38.172898],[13.33982,38.173047],[13.339689,38.173152],[13.339416,38.173266],[13.339302,38.17327],[13.339101,38.173307],[13.338956,38.173451],[13.338882,38.173562],[13.338722,38.173717],[13.338646,38.173908],[13.33858,38.173991],[13.33857,38.174109],[13.338481,38.174268],[13.338456,38.174437],[13.338372,38.174694],[13.338369,38.174835],[13.338352,38.174941],[13.338306,38.175076],[13.338277,38.175435],[13.338244,38.175598],[13.33819,38.175786],[13.338044,38.175952],[13.337947,38.176159],[13.33793,38.17626],[13.337786,38.176343],[13.337705,38.176471],[13.33761,38.176565],[13.337492,38.176862],[13.337428,38.177029],[13.337363,38.177403],[13.337284,38.177756],[13.337264,38.178003],[13.337257,38.178459],[13.337259,38.178535],[13.337208,38.178601],[13.337077,38.178718],[13.337029,38.17892],[13.337061,38.1791],[13.337136,38.179259],[13.337185,38.179271],[13.337217,38.179296],[13.337325,38.179379],[13.337827,38.179848],[13.338495,38.180544],[13.33913,38.181281],[13.340532,38.1808],[13.341182,38.183299],[13.341439,38.183302],[13.341595,38.183327],[13.341835,38.183409],[13.342033,38.183502],[13.34227,38.18373],[13.342596,38.183769],[13.342653,38.183792],[13.342793,38.183906],[13.342904,38.184009],[13.343018,38.184033],[13.343174,38.184058],[13.343303,38.184043],[13.343431,38.184028],[13.343622,38.183783],[13.343955,38.183563],[13.344141,38.18352],[13.344219,38.183527],[13.344297,38.183534],[13.344367,38.183591],[13.344578,38.183695],[13.344713,38.183737],[13.344847,38.183778],[13.345045,38.183859],[13.345258,38.183879],[13.345399,38.183938],[13.345439,38.184084],[13.345522,38.184187],[13.345663,38.184245],[13.345748,38.184258],[13.345962,38.184238],[13.346278,38.18413],[13.346451,38.184054],[13.346609,38.184011],[13.346751,38.184013],[13.346965,38.184005],[13.347107,38.184007],[13.347277,38.184065],[13.347532,38.184136],[13.347617,38.184171],[13.347701,38.184206],[13.347969,38.184334],[13.348054,38.184335],[13.348182,38.184348],[13.34831,38.184361],[13.348463,38.184532],[13.348674,38.184681],[13.348843,38.18474],[13.348972,38.184719],[13.349032,38.184574],[13.349023,38.184349],[13.349001,38.184056],[13.348989,38.183977],[13.348906,38.183841],[13.348837,38.183772],[13.348853,38.183694],[13.348897,38.183627],[13.348997,38.183617],[13.349067,38.18364],[13.349322,38.183712],[13.349746,38.183853],[13.349916,38.183911],[13.350043,38.183992],[13.350298,38.18404],[13.350752,38.18412],[13.351019,38.184281],[13.351157,38.184463],[13.351595,38.184649],[13.351607,38.184728],[13.351717,38.184898],[13.351925,38.18516],[13.352022,38.185285],[13.352087,38.185567],[13.352081,38.185849],[13.35226,38.18611],[13.352555,38.186305],[13.352921,38.18649],[13.353149,38.186505],[13.353291,38.186501],[13.353434,38.186498],[13.353694,38.186355],[13.353923,38.186291],[13.354021,38.18636],[13.354275,38.186487],[13.354459,38.186546],[13.35475,38.186263],[13.35511,38.186077],[13.355469,38.185958],[13.355713,38.185893],[13.356272,38.185744],[13.356644,38.185682],[13.356809,38.18529],[13.357073,38.184957],[13.357312,38.184476],[13.357521,38.18404],[13.357411,38.183859],[13.357504,38.183523],[13.357594,38.18331],[13.35766,38.183263],[13.357763,38.183118],[13.35782,38.183085],[13.357963,38.183099],[13.358035,38.183035],[13.358171,38.182992],[13.358258,38.182937],[13.358281,38.182892],[13.359286,38.183176],[13.359437,38.183111],[13.359531,38.183045],[13.35956,38.183],[13.359892,38.182836],[13.359972,38.182747],[13.360483,38.182529],[13.360576,38.182508],[13.360677,38.182425],[13.360916,38.182285],[13.360998,38.182117],[13.361073,38.181927],[13.361203,38.181861],[13.361221,38.181682],[13.361246,38.181524],[13.361379,38.181307],[13.361453,38.181207],[13.361441,38.181105],[13.361458,38.180982],[13.361474,38.180889],[13.361517,38.18089],[13.361639,38.180852],[13.361775,38.180826],[13.36189,38.180743],[13.361957,38.180643],[13.362002,38.180536],[13.36199,38.180424],[13.361977,38.180356],[13.362022,38.180261],[13.362074,38.180177],[13.362138,38.180173],[13.362184,38.180021],[13.362129,38.179947],[13.362102,38.179896],[13.362076,38.179789],[13.362001,38.179636],[13.361945,38.179562],[13.36187,38.179429],[13.361756,38.179129],[13.361733,38.178859],[13.36174,38.178555],[13.361758,38.178364],[13.361753,38.17828],[13.361785,38.178112],[13.361846,38.177941],[13.361859,38.17771],[13.361943,38.177442],[13.361996,38.177307],[13.362076,38.177213],[13.362072,38.1771],[13.362153,38.176966],[13.362223,38.176708],[13.362301,38.176548],[13.362369,38.176401],[13.362433,38.176253],[13.362572,38.176052],[13.362731,38.175655],[13.362762,38.175523],[13.362809,38.175324],[13.362826,38.175221],[13.362811,38.17495],[13.362907,38.174777],[13.362959,38.174705],[13.363,38.174447],[13.363046,38.174284],[13.363149,38.174167],[13.363207,38.17409],[13.363268,38.173944],[13.363258,38.173744],[13.363232,38.173614],[13.363272,38.173424],[13.363283,38.173278],[13.363241,38.173243],[13.363177,38.17322],[13.363078,38.17319],[13.362999,38.173217],[13.36282,38.173254],[13.362727,38.173259],[13.362607,38.173234],[13.362509,38.173171],[13.362425,38.17308],[13.362355,38.173045],[13.362248,38.173027],[13.362085,38.173013],[13.361858,38.172971],[13.361753,38.172902],[13.361526,38.17282],[13.361342,38.172784],[13.361229,38.172748],[13.361159,38.172691],[13.361078,38.172493],[13.360974,38.172365],[13.360897,38.172285],[13.360836,38.172155],[13.36088,38.172111],[13.360981,38.172061],[13.361124,38.172035],[13.361227,38.17189],[13.361291,38.171886],[13.3614,38.171808],[13.36122,38.171542],[13.361144,38.171473],[13.360929,38.171177],[13.360875,38.171059],[13.360888,38.170858],[13.360784,38.17061],[13.360704,38.170423],[13.360706,38.170322],[13.360503,38.170173],[13.360414,38.170037],[13.360422,38.169964],[13.360631,38.169871],[13.360886,38.169605],[13.361018,38.169464],[13.361149,38.169324],[13.361124,38.169183],[13.361077,38.169042],[13.361,38.168968],[13.360909,38.168893],[13.360732,38.168843],[13.360641,38.168769],[13.360614,38.168718],[13.360583,38.168531],[13.360573,38.168343],[13.360563,38.168154],[13.360569,38.167879],[13.360521,38.167771],[13.360545,38.167659],[13.360543,38.167445],[13.360514,38.167144],[13.360531,38.167015],[13.360564,38.166807],[13.360449,38.166552],[13.360325,38.166359],[13.360175,38.166087],[13.360191,38.166009],[13.360268,38.165748],[13.360249,38.16563],[13.36016,38.165471],[13.360029,38.165261],[13.359918,38.165164],[13.359848,38.165078],[13.359822,38.16496],[13.359839,38.164876],[13.359951,38.164721],[13.360044,38.164597],[13.360183,38.164456],[13.360351,38.164244],[13.360464,38.163965],[13.360523,38.163887],[13.360653,38.16381],[13.360736,38.163597],[13.360866,38.163526],[13.361092,38.163265],[13.361178,38.163249],[13.361374,38.163108],[13.361506,38.162924],[13.361599,38.162914],[13.3617,38.162837],[13.361899,38.162542],[13.362056,38.162218],[13.362193,38.161826],[13.362446,38.161337],[13.362545,38.161035],[13.36269,38.160615],[13.362843,38.160465],[13.362896,38.160305],[13.362922,38.160086],[13.362889,38.159968],[13.362886,38.15981],[13.362881,38.159692],[13.362863,38.159551],[13.362823,38.159421],[13.363128,38.159172],[13.363315,38.159091],[13.363387,38.159038],[13.363548,38.158866],[13.363606,38.158822],[13.363908,38.158674],[13.364462,38.158434],[13.364699,38.158325],[13.365094,38.158201],[13.365644,38.158108],[13.365904,38.157942],[13.366015,38.157764],[13.366023,38.157711],[13.365937,38.157445],[13.36584,38.157326],[13.365517,38.157113],[13.365218,38.157081],[13.365228,38.156985],[13.364982,38.156835],[13.364865,38.156643],[13.364289,38.156314],[13.364197,38.156265],[13.364108,38.156123],[13.364063,38.155892],[13.363959,38.155446],[13.363966,38.155114],[13.363986,38.154889],[13.364018,38.154741],[13.364079,38.154522],[13.364012,38.154364],[13.36396,38.154127],[13.363963,38.153997],[13.364072,38.153571],[13.36411,38.153465],[13.364135,38.153327],[13.364214,38.15294],[13.364374,38.15247],[13.364483,38.152089],[13.364602,38.151829],[13.364584,38.151699],[13.364751,38.151572],[13.365343,38.151192],[13.366028,38.150691],[13.365743,38.150507],[13.365249,38.150723],[13.364389,38.151053],[13.36395,38.150239],[13.363945,38.149847],[13.363765,38.148697],[13.363692,38.147626],[13.363682,38.147461],[13.363554,38.145917],[13.363469,38.144898],[13.363424,38.144341],[13.363415,38.144016],[13.363611,38.144018]]]]}},{"type":"Feature","properties":{"UPL":"Pallavicino","Quartiere":"Pallavicino","circoscrizione":"VII","n_sezioni":21,"totale_pop":8074,"totale_civici":2160,"area_km2":2.295,"dens_pop":3518.5,"dens_civici":941.3,"bivar_lbl_modale":"1-1","col_modale":"#e8e8e8"},"geometry":{"type":"MultiPolygon","coordinates":[[[[13.32784,38.162403],[13.327001,38.16202],[13.32692,38.162289],[13.326846,38.162535],[13.32676,38.162831],[13.326641,38.163222],[13.326572,38.163459],[13.326481,38.163773],[13.326462,38.163837],[13.326272,38.164479],[13.326231,38.164615],[13.328303,38.165782],[13.328525,38.165842],[13.32861,38.165864],[13.328472,38.166026],[13.328338,38.166182],[13.32724,38.167696],[13.328562,38.168346],[13.328478,38.168694],[13.328613,38.168745],[13.328466,38.169036],[13.328309,38.169423],[13.328158,38.169795],[13.328057,38.170091],[13.327926,38.170467],[13.327845,38.170694],[13.327744,38.170963],[13.327664,38.171205],[13.327509,38.17167],[13.327459,38.171825],[13.327358,38.17213],[13.327295,38.172317],[13.327167,38.172463],[13.327038,38.172721],[13.326924,38.172823],[13.326794,38.172872],[13.326736,38.172894],[13.326265,38.173122],[13.326151,38.173194],[13.32585,38.173381],[13.325567,38.173524],[13.325262,38.173829],[13.325054,38.173973],[13.324968,38.174045],[13.324883,38.174118],[13.324736,38.174298],[13.324507,38.174446],[13.32428,38.17459],[13.324149,38.174676],[13.323942,38.17481],[13.323741,38.174943],[13.323541,38.175068],[13.323329,38.175206],[13.323135,38.17533],[13.322981,38.175426],[13.322822,38.175522],[13.32271,38.175621],[13.322524,38.17579],[13.322273,38.175954],[13.322139,38.176074],[13.321748,38.176492],[13.321187,38.177086],[13.320833,38.177448],[13.320356,38.178067],[13.320192,38.178302],[13.320122,38.178457],[13.319841,38.178842],[13.319597,38.179121],[13.31924,38.179374],[13.319936,38.17969],[13.320123,38.179787],[13.320399,38.179931],[13.320055,38.18019],[13.320803,38.180937],[13.321646,38.181675],[13.325111,38.182962],[13.325109,38.182854],[13.324984,38.182701],[13.324875,38.182566],[13.324905,38.182421],[13.324939,38.182248],[13.324935,38.182122],[13.324974,38.181972],[13.325031,38.181736],[13.325108,38.181422],[13.325221,38.180954],[13.325303,38.180605],[13.32536,38.180364],[13.325348,38.180265],[13.325317,38.180109],[13.325281,38.179957],[13.32525,38.179814],[13.325236,38.179621],[13.325208,38.179424],[13.325241,38.179242],[13.325289,38.178984],[13.325497,38.178283],[13.325565,38.178033],[13.325716,38.177532],[13.325737,38.177389],[13.325975,38.177455],[13.32655,38.177545],[13.328852,38.178411],[13.328377,38.179714],[13.329681,38.180125],[13.329779,38.180799],[13.329744,38.18119],[13.32961,38.181631],[13.330367,38.181813],[13.330036,38.182572],[13.330186,38.182595],[13.330552,38.182653],[13.331041,38.182734],[13.331332,38.182782],[13.331498,38.182812],[13.331994,38.182884],[13.332505,38.182959],[13.33259,38.182972],[13.332651,38.183134],[13.332802,38.18329],[13.332954,38.183395],[13.333141,38.183391],[13.333482,38.183377],[13.333847,38.183382],[13.334002,38.183391],[13.334004,38.183221],[13.334346,38.183331],[13.334366,38.182856],[13.334318,38.182507],[13.334142,38.182385],[13.334156,38.181754],[13.3342,38.181632],[13.334309,38.181324],[13.33489,38.179693],[13.335277,38.178592],[13.337136,38.179259],[13.337061,38.1791],[13.337029,38.17892],[13.337077,38.178718],[13.337208,38.178601],[13.337259,38.178535],[13.337257,38.178459],[13.337264,38.178003],[13.337284,38.177756],[13.337363,38.177403],[13.337428,38.177029],[13.337492,38.176862],[13.33761,38.176565],[13.337705,38.176471],[13.337786,38.176343],[13.33793,38.17626],[13.337947,38.176159],[13.338044,38.175952],[13.33819,38.175786],[13.338244,38.175598],[13.338277,38.175435],[13.338306,38.175076],[13.338352,38.174941],[13.338369,38.174835],[13.338372,38.174694],[13.338456,38.174437],[13.338481,38.174268],[13.33857,38.174109],[13.33858,38.173991],[13.338646,38.173908],[13.338722,38.173717],[13.338882,38.173562],[13.338956,38.173451],[13.339101,38.173307],[13.339302,38.17327],[13.339416,38.173266],[13.339689,38.173152],[13.33982,38.173047],[13.340044,38.172898],[13.340321,38.172919],[13.340543,38.172866],[13.340584,38.172633],[13.340428,38.172574],[13.340288,38.172494],[13.340148,38.172396],[13.33998,38.172242],[13.339877,38.172088],[13.339852,38.171925],[13.339949,38.171712],[13.339975,38.171544],[13.340114,38.171377],[13.340657,38.171616],[13.340715,38.17156],[13.340654,38.171435],[13.340656,38.171351],[13.340623,38.171224],[13.340635,38.171022],[13.340537,38.170947],[13.340457,38.170693],[13.340494,38.1703],[13.34054,38.170165],[13.340709,38.169937],[13.340818,38.169849],[13.340991,38.169736],[13.341297,38.169453],[13.341396,38.169168],[13.341393,38.168976],[13.341678,38.168362],[13.341834,38.168082],[13.342249,38.168392],[13.342627,38.168567],[13.342923,38.168689],[13.343109,38.168729],[13.343389,38.168755],[13.343639,38.168832],[13.343924,38.169006],[13.344255,38.169254],[13.344505,38.169353],[13.345337,38.169697],[13.345799,38.169902],[13.346905,38.170534],[13.34719,38.170729],[13.34757,38.170868],[13.348016,38.17094],[13.34825,38.170929],[13.348514,38.170814],[13.348562,38.170756],[13.348461,38.170695],[13.346831,38.169707],[13.345234,38.168906],[13.343245,38.168046],[13.34304,38.167965],[13.34282,38.167928],[13.342716,38.167804],[13.342557,38.167592],[13.342507,38.167558],[13.342401,38.16747],[13.342156,38.167488],[13.341704,38.167445],[13.341559,38.167458],[13.341278,38.167461],[13.341032,38.167515],[13.340823,38.167512],[13.340709,38.167353],[13.340602,38.167294],[13.340595,38.167186],[13.340228,38.166981],[13.340033,38.16677],[13.339944,38.166697],[13.339577,38.166524],[13.339379,38.166445],[13.335603,38.164953],[13.335292,38.164831],[13.335252,38.16489],[13.334953,38.16537],[13.334487,38.165196],[13.333975,38.164996],[13.333508,38.165648],[13.332956,38.165503],[13.332342,38.165309],[13.331852,38.165154],[13.332401,38.164389],[13.332008,38.164154],[13.331648,38.164232],[13.331244,38.164047],[13.331028,38.163948],[13.330817,38.163852],[13.330235,38.163588],[13.330046,38.163504],[13.329878,38.163442],[13.329452,38.163217],[13.328651,38.162747],[13.32784,38.162403]]]]}},{"type":"Feature","properties":{"UPL":"Parlatore - Serradifalco","Quartiere":"Noce","circoscrizione":"V","n_sezioni":42,"totale_pop":9609,"totale_civici":2225,"area_km2":0.44,"dens_pop":21845.2,"dens_civici":5058.3,"bivar_lbl_modale":"3-3","col_modale":"#3b4994"},"geometry":{"type":"MultiPolygon","coordinates":[[[[13.345496,38.122568],[13.344613,38.122321],[13.343873,38.12215],[13.343168,38.121978],[13.341999,38.121697],[13.340888,38.121432],[13.340485,38.121335],[13.340699,38.120786],[13.340435,38.120612],[13.339684,38.120162],[13.339465,38.120017],[13.339332,38.120036],[13.339258,38.120046],[13.339207,38.120063],[13.338895,38.120124],[13.338575,38.120187],[13.338518,38.120389],[13.338214,38.121131],[13.338091,38.121374],[13.337937,38.121713],[13.337519,38.122548],[13.337292,38.123002],[13.337184,38.123218],[13.336982,38.123612],[13.336848,38.123879],[13.336808,38.12397],[13.336637,38.124364],[13.336822,38.12442],[13.337019,38.124486],[13.337102,38.124513],[13.337631,38.124665],[13.338265,38.124853],[13.338443,38.124909],[13.338945,38.125053],[13.338779,38.125239],[13.338666,38.125365],[13.338522,38.125523],[13.338393,38.125668],[13.338289,38.125784],[13.338216,38.126007],[13.338124,38.126322],[13.338048,38.126581],[13.337974,38.126832],[13.337945,38.126932],[13.337846,38.127237],[13.338396,38.127361],[13.339439,38.127583],[13.340198,38.127758],[13.340296,38.127778],[13.341128,38.127949],[13.3414,38.128006],[13.341618,38.127886],[13.341813,38.127901],[13.341729,38.128125],[13.341618,38.128435],[13.342795,38.128738],[13.342911,38.12877],[13.34308,38.128771],[13.343261,38.128449],[13.343294,38.128389],[13.343806,38.127262],[13.343919,38.126864],[13.343768,38.126914],[13.343679,38.126676],[13.343526,38.126643],[13.343987,38.125506],[13.344216,38.125559],[13.344448,38.124955],[13.344742,38.124423],[13.344678,38.124391],[13.344884,38.123777],[13.345015,38.123806],[13.345534,38.12388],[13.345725,38.123414],[13.345883,38.123228],[13.345976,38.123119],[13.346164,38.122716],[13.345754,38.122617],[13.345496,38.122568]]]]}},{"type":"Feature","properties":{"UPL":"Vittorio Veneto","Quartiere":"Libert\u00e0","circoscrizione":"VIII","n_sezioni":53,"totale_pop":10440,"totale_civici":1744,"area_km2":0.666,"dens_pop":15678.6,"dens_civici":2619.1,"bivar_lbl_modale":"2-2","col_modale":"#a5add3"},"geometry":{"type":"MultiPolygon","coordinates":[[[[13.339137,38.139087],[13.338697,38.138909],[13.338117,38.138674],[13.337761,38.138525],[13.337679,38.138618],[13.337407,38.13889],[13.337302,38.138998],[13.337107,38.139202],[13.33704,38.139272],[13.336885,38.139436],[13.33645,38.13988],[13.33582,38.140508],[13.335134,38.141239],[13.334169,38.142234],[13.33359,38.142832],[13.333322,38.143112],[13.332876,38.143578],[13.333928,38.144008],[13.334449,38.144205],[13.335066,38.144484],[13.335275,38.144598],[13.335311,38.144601],[13.335623,38.144751],[13.335255,38.14535],[13.336026,38.145651],[13.337099,38.146061],[13.337736,38.1463],[13.338095,38.146434],[13.33849,38.146586],[13.340833,38.147472],[13.340599,38.147841],[13.342581,38.147166],[13.343669,38.146909],[13.343836,38.146869],[13.343723,38.146792],[13.343593,38.146703],[13.343241,38.146481],[13.344568,38.144497],[13.344641,38.144371],[13.345038,38.143696],[13.345304,38.143195],[13.345712,38.142549],[13.346116,38.141936],[13.344846,38.14142],[13.343912,38.141031],[13.343233,38.140759],[13.342555,38.140478],[13.341989,38.140256],[13.341064,38.139871],[13.340236,38.139501],[13.339137,38.139087]]]]}},{"type":"Feature","properties":{"UPL":"Villa Sperlinga","Quartiere":"Libert\u00e0","circoscrizione":"VIII","n_sezioni":62,"totale_pop":10060,"totale_civici":2431,"area_km2":0.649,"dens_pop":15509.2,"dens_civici":3747.8,"bivar_lbl_modale":"2-3","col_modale":"#5698b9"},"geometry":{"type":"MultiPolygon","coordinates":[[[[13.344718,38.133958],[13.343681,38.133555],[13.342776,38.133219],[13.342405,38.133076],[13.342103,38.132956],[13.342555,38.131899],[13.342398,38.13186],[13.342165,38.131815],[13.342064,38.131787],[13.341929,38.131756],[13.341713,38.131696],[13.34158,38.131661],[13.341424,38.131616],[13.341023,38.131501],[13.340524,38.131394],[13.340293,38.132046],[13.340121,38.132611],[13.340001,38.132917],[13.340131,38.133308],[13.340186,38.133478],[13.340212,38.133733],[13.340249,38.13393],[13.340278,38.134109],[13.340292,38.134275],[13.340295,38.134473],[13.340208,38.134805],[13.340013,38.135173],[13.339845,38.135494],[13.339575,38.135995],[13.339377,38.13639],[13.339233,38.136683],[13.338919,38.137181],[13.338586,38.137576],[13.338392,38.137786],[13.338096,38.138129],[13.338033,38.138186],[13.337883,38.138251],[13.337831,38.138365],[13.337761,38.138525],[13.338117,38.138674],[13.338697,38.138909],[13.339137,38.139087],[13.340236,38.139501],[13.341064,38.139871],[13.341989,38.140256],[13.342555,38.140478],[13.343233,38.140759],[13.343912,38.141031],[13.344846,38.14142],[13.346116,38.141936],[13.346554,38.141239],[13.347044,38.140505],[13.347392,38.139988],[13.34784,38.139372],[13.348546,38.138427],[13.349159,38.137518],[13.349585,38.136894],[13.350031,38.136256],[13.350351,38.135767],[13.35041,38.135643],[13.348953,38.135044],[13.348691,38.135454],[13.347676,38.135082],[13.347023,38.134836],[13.346092,38.134484],[13.345769,38.13436],[13.344718,38.133958]]]]}},{"type":"Feature","properties":{"UPL":"Corso dei Mille - S.Erasmo","Quartiere":"Oreto - Stazione","circoscrizione":"II","n_sezioni":33,"totale_pop":6107,"totale_civici":1716,"area_km2":0.839,"dens_pop":7276.6,"dens_civici":2044.6,"bivar_lbl_modale":"1-1","col_modale":"#e8e8e8"},"geometry":{"type":"MultiPolygon","coordinates":[[[[13.374415,38.105982],[13.373878,38.105373],[13.373552,38.105074],[13.373458,38.104979],[13.373402,38.10492],[13.373339,38.104869],[13.373302,38.104787],[13.373003,38.104966],[13.372894,38.104979],[13.372484,38.105014],[13.371617,38.105101],[13.371702,38.105252],[13.370568,38.105889],[13.369744,38.106351],[13.369518,38.106423],[13.36934,38.10651],[13.369262,38.106576],[13.368865,38.106798],[13.368278,38.107171],[13.367602,38.107548],[13.366172,38.108358],[13.366674,38.108609],[13.367254,38.108855],[13.366783,38.109314],[13.366699,38.109447],[13.36663,38.109555],[13.36655,38.109691],[13.366429,38.109942],[13.366064,38.110465],[13.366575,38.110618],[13.367039,38.110919],[13.367144,38.110969],[13.367287,38.111031],[13.36752,38.111144],[13.368338,38.111542],[13.369183,38.111924],[13.369748,38.112183],[13.370425,38.1125],[13.370527,38.112545],[13.371127,38.112852],[13.371616,38.113068],[13.373573,38.113994],[13.374021,38.114198],[13.374267,38.114311],[13.374564,38.114448],[13.376284,38.11524],[13.376783,38.115455],[13.377055,38.115585],[13.377261,38.11573],[13.377621,38.115878],[13.377923,38.11567],[13.378939,38.114288],[13.379255,38.114228],[13.379776,38.113596],[13.379626,38.11354],[13.37919,38.114086],[13.378984,38.114116],[13.378795,38.113983],[13.37911,38.113393],[13.378471,38.1132],[13.378312,38.113138],[13.378552,38.112628],[13.378839,38.112632],[13.379477,38.112857],[13.379548,38.11276],[13.3794,38.112628],[13.379623,38.112437],[13.379724,38.112222],[13.380017,38.111977],[13.380308,38.111819],[13.380462,38.111626],[13.380657,38.111499],[13.380742,38.111338],[13.380881,38.111242],[13.380954,38.11106],[13.381053,38.110909],[13.381262,38.110715],[13.380611,38.110584],[13.380222,38.110421],[13.379706,38.110086],[13.379315,38.109813],[13.379059,38.109624],[13.378999,38.109581],[13.378584,38.109268],[13.378291,38.109104],[13.377007,38.108336],[13.376916,38.10827],[13.376783,38.108174],[13.376615,38.108036],[13.37638,38.107842],[13.375873,38.107451],[13.375595,38.107236],[13.375483,38.107119],[13.375216,38.106845],[13.374415,38.105982]]]]}},{"type":"Feature","properties":{"UPL":"Settecannoli","Quartiere":"Settecannoli","circoscrizione":"II","n_sezioni":95,"totale_pop":18991,"totale_civici":3927,"area_km2":1.615,"dens_pop":11756.6,"dens_civici":2431.1,"bivar_lbl_modale":"2-2","col_modale":"#a5add3"},"geometry":{"type":"MultiPolygon","coordinates":[[[[13.390836,38.097732],[13.390425,38.09723],[13.389949,38.096649],[13.389282,38.095923],[13.389132,38.095779],[13.388982,38.095595],[13.38892,38.095483],[13.388832,38.095533],[13.388535,38.095712],[13.386982,38.096647],[13.38667,38.096834],[13.386091,38.09719],[13.385653,38.097444],[13.385473,38.097555],[13.385411,38.097593],[13.384997,38.097837],[13.383239,38.098873],[13.383093,38.098959],[13.381939,38.099733],[13.381692,38.099891],[13.381095,38.100238],[13.380666,38.100525],[13.380404,38.100666],[13.380347,38.100696],[13.380251,38.100773],[13.379912,38.100968],[13.379636,38.101126],[13.379108,38.101428],[13.379045,38.10168],[13.378312,38.102486],[13.378262,38.102552],[13.378091,38.102775],[13.378025,38.102854],[13.377828,38.10315],[13.377681,38.103362],[13.377423,38.103782],[13.377306,38.103874],[13.377124,38.103967],[13.376846,38.104095],[13.376716,38.104179],[13.376386,38.104334],[13.376352,38.104344],[13.376321,38.104354],[13.376165,38.104405],[13.375946,38.104467],[13.375883,38.104465],[13.375755,38.104497],[13.375655,38.104523],[13.37544,38.104558],[13.375378,38.104561],[13.375027,38.104578],[13.37487,38.104593],[13.374524,38.104615],[13.374554,38.104536],[13.374551,38.104446],[13.374556,38.104375],[13.374463,38.104187],[13.374363,38.104031],[13.374169,38.104199],[13.374101,38.104257],[13.373612,38.104595],[13.373302,38.104787],[13.373339,38.104869],[13.373402,38.10492],[13.373458,38.104979],[13.373552,38.105074],[13.373878,38.105373],[13.374415,38.105982],[13.375216,38.106845],[13.375483,38.107119],[13.375595,38.107236],[13.375873,38.107451],[13.37638,38.107842],[13.376615,38.108036],[13.376783,38.108174],[13.376916,38.10827],[13.377007,38.108336],[13.378291,38.109104],[13.378584,38.109268],[13.378999,38.109581],[13.379059,38.109624],[13.379315,38.109813],[13.379706,38.110086],[13.380222,38.110421],[13.380611,38.110584],[13.381262,38.110715],[13.381759,38.110485],[13.38221,38.110284],[13.382631,38.110022],[13.382944,38.109759],[13.383167,38.109434],[13.383621,38.109039],[13.384261,38.108659],[13.38482,38.108411],[13.385034,38.108318],[13.385767,38.107998],[13.386513,38.107656],[13.387506,38.107256],[13.389089,38.106652],[13.389213,38.106605],[13.390642,38.105967],[13.391046,38.105778],[13.391296,38.105587],[13.392149,38.105271],[13.392643,38.10518],[13.392572,38.104948],[13.393023,38.104687],[13.393985,38.104305],[13.394774,38.104097],[13.395314,38.104031],[13.395716,38.103927],[13.394941,38.102702],[13.395575,38.102488],[13.394995,38.101575],[13.394574,38.100969],[13.394489,38.100715],[13.393958,38.099817],[13.393885,38.099654],[13.393586,38.099285],[13.39336,38.099101],[13.391888,38.099039],[13.391713,38.098854],[13.391681,38.098814],[13.391236,38.098238],[13.390836,38.097732]]]]}},{"type":"Feature","properties":{"UPL":"Oreto Guadagna","Quartiere":"Oreto - Stazione","circoscrizione":"III","n_sezioni":46,"totale_pop":11544,"totale_civici":2079,"area_km2":0.901,"dens_pop":12805.7,"dens_civici":2306.2,"bivar_lbl_modale":"1-2","col_modale":"#ace4e4"},"geometry":{"type":"MultiPolygon","coordinates":[[[[13.368783,38.095357],[13.367286,38.094433],[13.367151,38.094351],[13.367106,38.094324],[13.36704,38.094284],[13.366549,38.094041],[13.366369,38.093936],[13.36583,38.093937],[13.365461,38.09444],[13.365199,38.094811],[13.365098,38.094749],[13.3647,38.095391],[13.364419,38.095767],[13.364308,38.095723],[13.364032,38.095585],[13.36364,38.095427],[13.363107,38.096276],[13.36229,38.097615],[13.362965,38.097622],[13.363794,38.097722],[13.36433,38.097884],[13.364878,38.098104],[13.365381,38.098273],[13.365752,38.098429],[13.366093,38.098481],[13.366235,38.098515],[13.36633,38.098656],[13.366071,38.09878],[13.366068,38.098871],[13.367629,38.099188],[13.36693,38.099579],[13.366855,38.099621],[13.367014,38.099766],[13.36818,38.100645],[13.368418,38.100842],[13.368494,38.100863],[13.369907,38.10206],[13.370151,38.102256],[13.370275,38.102351],[13.370712,38.102654],[13.371128,38.102967],[13.371564,38.103343],[13.372829,38.104439],[13.372996,38.104577],[13.373302,38.104787],[13.373612,38.104595],[13.374101,38.104257],[13.374169,38.104199],[13.374363,38.104031],[13.374463,38.10393],[13.374506,38.103886],[13.37488,38.103431],[13.375096,38.102986],[13.375245,38.102417],[13.375188,38.101897],[13.374886,38.101161],[13.374335,38.100272],[13.373802,38.099458],[13.373088,38.09892],[13.372996,38.09885],[13.372502,38.0986],[13.372754,38.098219],[13.372927,38.098198],[13.374284,38.098155],[13.374306,38.098086],[13.374575,38.09769],[13.374656,38.097556],[13.374758,38.097419],[13.37539,38.096662],[13.376062,38.095849],[13.376199,38.095804],[13.376752,38.095559],[13.377789,38.095127],[13.378345,38.094871],[13.378155,38.094455],[13.377879,38.094074],[13.37764,38.093853],[13.377502,38.093842],[13.378415,38.091713],[13.377823,38.091826],[13.376987,38.092045],[13.376809,38.092069],[13.376464,38.091794],[13.375664,38.091164],[13.37533,38.09094],[13.374817,38.090689],[13.374554,38.090532],[13.374231,38.090346],[13.374032,38.090673],[13.373706,38.091244],[13.373445,38.091722],[13.373122,38.092135],[13.372816,38.092506],[13.372442,38.092897],[13.372015,38.093326],[13.371235,38.094623],[13.370771,38.095852],[13.370605,38.096362],[13.37057,38.096458],[13.369642,38.095898],[13.368783,38.095357]]]]}},{"type":"Feature","properties":{"UPL":"Tribunali o Kalsa","Quartiere":"Tribunali-Castellammare","circoscrizione":"I","n_sezioni":132,"totale_pop":7445,"totale_civici":5122,"area_km2":0.815,"dens_pop":9140.0,"dens_civici":6288.1,"bivar_lbl_modale":"3-2","col_modale":"#8c62aa"},"geometry":{"type":"MultiPolygon","coordinates":[[[[13.366575,38.110618],[13.366064,38.110465],[13.365878,38.110372],[13.365515,38.110183],[13.365143,38.11003],[13.365058,38.110146],[13.364719,38.110627],[13.36453,38.110913],[13.364407,38.1111],[13.364378,38.111144],[13.364329,38.111218],[13.364222,38.111384],[13.364133,38.111518],[13.364045,38.111643],[13.363939,38.111814],[13.363502,38.112483],[13.363136,38.113046],[13.36302,38.11319],[13.362979,38.113367],[13.36262,38.113835],[13.362427,38.114135],[13.362156,38.114546],[13.362014,38.114763],[13.361932,38.114887],[13.361849,38.115021],[13.361778,38.115118],[13.361638,38.115344],[13.361576,38.115441],[13.361492,38.115566],[13.361424,38.115672],[13.361865,38.11584],[13.362267,38.115979],[13.3626,38.116125],[13.363159,38.116373],[13.363344,38.116456],[13.363466,38.11651],[13.363592,38.116577],[13.363794,38.116616],[13.364022,38.1167],[13.364189,38.116794],[13.364518,38.11693],[13.365031,38.117126],[13.365143,38.117177],[13.365425,38.117297],[13.366194,38.117615],[13.366481,38.11766],[13.366485,38.11769],[13.366759,38.117846],[13.367075,38.117979],[13.367216,38.118044],[13.367548,38.118172],[13.36772,38.118238],[13.368257,38.118462],[13.368594,38.118602],[13.369204,38.118863],[13.369332,38.118908],[13.369472,38.118975],[13.370036,38.119179],[13.370184,38.119236],[13.370257,38.119265],[13.370467,38.119347],[13.370688,38.119461],[13.370864,38.119553],[13.371042,38.119637],[13.371121,38.119656],[13.371231,38.119675],[13.371283,38.119686],[13.371465,38.119759],[13.371378,38.119939],[13.37126,38.120088],[13.371209,38.120128],[13.371484,38.120235],[13.37171,38.120347],[13.371763,38.120695],[13.37189,38.120445],[13.372015,38.120279],[13.372243,38.120282],[13.372453,38.120393],[13.372853,38.120135],[13.373253,38.119888],[13.37356,38.119725],[13.374159,38.119382],[13.374496,38.119019],[13.375056,38.118432],[13.376244,38.117323],[13.37693,38.11663],[13.37724,38.116255],[13.377381,38.116052],[13.377621,38.115878],[13.377261,38.11573],[13.377055,38.115585],[13.376783,38.115455],[13.376284,38.11524],[13.374564,38.114448],[13.374267,38.114311],[13.374021,38.114198],[13.373573,38.113994],[13.371616,38.113068],[13.371127,38.112852],[13.370527,38.112545],[13.370425,38.1125],[13.369748,38.112183],[13.369183,38.111924],[13.368338,38.111542],[13.36752,38.111144],[13.367287,38.111031],[13.367144,38.110969],[13.367039,38.110919],[13.366575,38.110618]]]]}},{"type":"Feature","properties":{"UPL":"Olivuzza","Quartiere":"Zisa","circoscrizione":"V","n_sezioni":61,"totale_pop":11231,"totale_civici":2846,"area_km2":0.414,"dens_pop":27119.2,"dens_civici":6872.2,"bivar_lbl_modale":"3-3","col_modale":"#3b4994"},"geometry":{"type":"MultiPolygon","coordinates":[[[[13.350225,38.117317],[13.349632,38.117245],[13.349451,38.117215],[13.348847,38.117112],[13.347698,38.116875],[13.34667,38.11671],[13.34571,38.116534],[13.345331,38.116467],[13.34505,38.116415],[13.344664,38.116789],[13.344528,38.116911],[13.344068,38.117275],[13.343681,38.117578],[13.343476,38.117747],[13.343202,38.117969],[13.342946,38.118136],[13.342504,38.118508],[13.342362,38.118626],[13.342312,38.11866],[13.341929,38.118877],[13.341246,38.119271],[13.341082,38.119372],[13.340745,38.119537],[13.340726,38.119565],[13.340593,38.119615],[13.340412,38.119685],[13.340189,38.119756],[13.339932,38.119824],[13.339774,38.119875],[13.339465,38.120017],[13.339684,38.120162],[13.340435,38.120612],[13.340699,38.120786],[13.340485,38.121335],[13.340888,38.121432],[13.341999,38.121697],[13.343168,38.121978],[13.343873,38.12215],[13.344613,38.122321],[13.345496,38.122568],[13.345754,38.122617],[13.346164,38.122716],[13.346341,38.122465],[13.346594,38.122249],[13.346775,38.122173],[13.347008,38.121974],[13.34705,38.12179],[13.347544,38.121641],[13.347681,38.121526],[13.347855,38.121449],[13.348189,38.121308],[13.34821,38.121221],[13.348243,38.121083],[13.348798,38.120937],[13.349021,38.120708],[13.349131,38.120582],[13.34926,38.120424],[13.349331,38.120331],[13.349471,38.120155],[13.349502,38.120073],[13.349629,38.119726],[13.349868,38.119762],[13.350201,38.119804],[13.350773,38.119868],[13.350807,38.119534],[13.350836,38.119253],[13.350889,38.118977],[13.350936,38.118867],[13.350933,38.118579],[13.350931,38.118129],[13.35094,38.117993],[13.350925,38.117895],[13.350926,38.11775],[13.350928,38.117571],[13.350835,38.117335],[13.350721,38.117335],[13.350225,38.117317]]]]}},{"type":"Feature","properties":{"UPL":"Cuba - Calatafimi","Quartiere":"Cuba - Calatafimi","circoscrizione":"IV","n_sezioni":70,"totale_pop":19507,"totale_civici":3885,"area_km2":1.772,"dens_pop":11008.6,"dens_civici":2192.5,"bivar_lbl_modale":"3-3","col_modale":"#3b4994"},"geometry":{"type":"MultiPolygon","coordinates":[[[[13.334564,38.104842],[13.334387,38.104766],[13.334255,38.10471],[13.333758,38.104516],[13.333711,38.104874],[13.333706,38.104921],[13.33364,38.105484],[13.333604,38.105792],[13.333594,38.105873],[13.333552,38.106357],[13.333426,38.107321],[13.33278,38.107115],[13.332016,38.106962],[13.331718,38.106821],[13.331024,38.106666],[13.330227,38.106529],[13.330209,38.10671],[13.330163,38.107202],[13.33016,38.107284],[13.330086,38.107966],[13.330048,38.108328],[13.330022,38.108617],[13.329981,38.109037],[13.329973,38.109106],[13.329961,38.109218],[13.32989,38.109919],[13.329832,38.110479],[13.329818,38.110624],[13.32978,38.111026],[13.329757,38.111189],[13.329701,38.111736],[13.329656,38.112188],[13.329464,38.1136],[13.329763,38.113575],[13.330096,38.113508],[13.330309,38.113431],[13.330726,38.113291],[13.330925,38.113231],[13.331252,38.113197],[13.331353,38.113206],[13.331446,38.113156],[13.331634,38.11297],[13.331728,38.112862],[13.331794,38.112776],[13.331905,38.112734],[13.33199,38.112677],[13.332148,38.1126],[13.332192,38.112565],[13.332592,38.113107],[13.333024,38.112874],[13.333323,38.112728],[13.33362,38.112578],[13.333794,38.112472],[13.3341,38.11233],[13.334618,38.112356],[13.335071,38.11238],[13.335361,38.112396],[13.336105,38.112423],[13.336375,38.112435],[13.336656,38.112321],[13.336959,38.112292],[13.337538,38.112199],[13.337766,38.112168],[13.337848,38.112574],[13.338687,38.112769],[13.338959,38.112834],[13.339213,38.112922],[13.339449,38.112988],[13.339791,38.113097],[13.340139,38.112119],[13.340685,38.112253],[13.340623,38.11217],[13.340502,38.112034],[13.340383,38.111963],[13.340244,38.111751],[13.340044,38.111644],[13.340246,38.111654],[13.340501,38.111685],[13.340625,38.111687],[13.341056,38.111714],[13.341233,38.111755],[13.341469,38.11181],[13.341819,38.111892],[13.342912,38.112139],[13.342997,38.112166],[13.343233,38.112251],[13.343413,38.112319],[13.343434,38.112434],[13.343697,38.112544],[13.34396,38.112651],[13.344215,38.112692],[13.344503,38.112646],[13.34458,38.112634],[13.344777,38.112582],[13.344852,38.112556],[13.344944,38.112525],[13.345108,38.112468],[13.34532,38.112147],[13.345401,38.111966],[13.345419,38.111834],[13.345432,38.111736],[13.345776,38.111804],[13.346126,38.111782],[13.346425,38.111847],[13.346662,38.111897],[13.347098,38.111898],[13.347347,38.111898],[13.34735,38.112449],[13.347381,38.112749],[13.347066,38.11329],[13.347443,38.113443],[13.347711,38.113497],[13.34792,38.113611],[13.348132,38.113444],[13.348298,38.113313],[13.348407,38.113459],[13.348765,38.113815],[13.349428,38.113965],[13.349961,38.11417],[13.350223,38.114228],[13.350715,38.11434],[13.351421,38.114539],[13.351898,38.114648],[13.351979,38.114658],[13.352157,38.114372],[13.352221,38.114262],[13.352263,38.114166],[13.352307,38.113948],[13.352338,38.113591],[13.352209,38.113065],[13.352167,38.112913],[13.35214,38.112828],[13.35223,38.112694],[13.352268,38.11258],[13.352571,38.112105],[13.352253,38.111962],[13.352121,38.111896],[13.351887,38.111811],[13.351736,38.111756],[13.351621,38.111714],[13.351185,38.111571],[13.351047,38.111459],[13.350851,38.111435],[13.350184,38.111199],[13.350058,38.111092],[13.349828,38.111011],[13.350631,38.109845],[13.350686,38.109753],[13.35081,38.109892],[13.351766,38.10996],[13.352574,38.110025],[13.352855,38.110019],[13.352983,38.110014],[13.353042,38.109953],[13.353192,38.109799],[13.353349,38.109613],[13.353625,38.109337],[13.354221,38.108721],[13.353939,38.108123],[13.353636,38.108211],[13.353155,38.108591],[13.352785,38.108307],[13.352632,38.108296],[13.352331,38.108322],[13.352,38.108366],[13.351624,38.108366],[13.351342,38.108284],[13.351045,38.10817],[13.350787,38.108015],[13.350645,38.107861],[13.350578,38.107726],[13.350542,38.107635],[13.350516,38.10741],[13.350404,38.107281],[13.350208,38.10712],[13.350027,38.106996],[13.34951,38.106748],[13.349171,38.106615],[13.349007,38.106589],[13.348881,38.10652],[13.348589,38.106376],[13.348179,38.106363],[13.347526,38.106354],[13.347107,38.106186],[13.346766,38.105948],[13.346261,38.105617],[13.345782,38.105297],[13.344864,38.104563],[13.344751,38.103883],[13.34411,38.103736],[13.343948,38.103699],[13.343618,38.103573],[13.343561,38.103269],[13.343022,38.102745],[13.34145,38.101436],[13.340555,38.102072],[13.340294,38.102271],[13.339759,38.101564],[13.339638,38.101249],[13.339484,38.10072],[13.339587,38.100679],[13.339427,38.100339],[13.338711,38.100506],[13.338758,38.100621],[13.338487,38.10078],[13.338104,38.100999],[13.338011,38.101139],[13.337856,38.101348],[13.337795,38.101498],[13.337631,38.10164],[13.337415,38.101792],[13.337093,38.102092],[13.336869,38.102325],[13.336658,38.102536],[13.336405,38.102784],[13.336081,38.103206],[13.335856,38.103489],[13.335669,38.103721],[13.335547,38.103847],[13.335278,38.104185],[13.335188,38.104301],[13.33503,38.104496],[13.334715,38.104895],[13.334564,38.104842]]]]}},{"type":"Feature","properties":{"UPL":"Palazzo Reale o Albergaria","Quartiere":"Palazzo Reale - Monte di Piet\u00e0","circoscrizione":"I","n_sezioni":165,"totale_pop":7800,"totale_civici":4574,"area_km2":0.602,"dens_pop":12957.0,"dens_civici":7598.1,"bivar_lbl_modale":"3-3","col_modale":"#3b4994"},"geometry":{"type":"MultiPolygon","coordinates":[[[[13.350851,38.111435],[13.351047,38.111459],[13.351185,38.111571],[13.351621,38.111714],[13.351736,38.111756],[13.351887,38.111811],[13.352121,38.111896],[13.352253,38.111962],[13.352571,38.112105],[13.353981,38.112693],[13.354098,38.112742],[13.354629,38.11293],[13.354968,38.11307],[13.355425,38.113269],[13.355455,38.113282],[13.35558,38.113336],[13.355702,38.113394],[13.355856,38.113452],[13.356192,38.113588],[13.356499,38.113673],[13.356787,38.113789],[13.357094,38.113928],[13.357353,38.114058],[13.357614,38.114134],[13.357898,38.114281],[13.358428,38.114468],[13.358774,38.114595],[13.359014,38.11473],[13.359547,38.114917],[13.359806,38.115034],[13.360143,38.115142],[13.360422,38.11528],[13.360667,38.115367],[13.361013,38.115496],[13.361424,38.115672],[13.361492,38.115566],[13.361576,38.115441],[13.361638,38.115344],[13.361778,38.115118],[13.361849,38.115021],[13.361932,38.114887],[13.362014,38.114763],[13.362156,38.114546],[13.362427,38.114135],[13.36262,38.113835],[13.362979,38.113367],[13.36302,38.11319],[13.363136,38.113046],[13.363502,38.112483],[13.363939,38.111814],[13.364045,38.111643],[13.364133,38.111518],[13.364222,38.111384],[13.364329,38.111218],[13.364378,38.111144],[13.364407,38.1111],[13.36453,38.110913],[13.364719,38.110627],[13.365058,38.110146],[13.365143,38.11003],[13.364567,38.109921],[13.364018,38.109816],[13.363894,38.109802],[13.363497,38.109745],[13.363351,38.109705],[13.363105,38.109629],[13.362702,38.1095],[13.362328,38.10937],[13.361955,38.109235],[13.36191,38.109223],[13.361757,38.109179],[13.36159,38.109149],[13.361362,38.10915],[13.360768,38.109076],[13.360557,38.109042],[13.359792,38.108915],[13.359288,38.108807],[13.359074,38.108739],[13.358556,38.108641],[13.358021,38.108585],[13.357378,38.108414],[13.356598,38.108187],[13.356348,38.108095],[13.355436,38.107926],[13.35515,38.107808],[13.354221,38.108721],[13.353625,38.109337],[13.353349,38.109613],[13.353192,38.109799],[13.353042,38.109953],[13.352983,38.110014],[13.352855,38.110019],[13.352574,38.110025],[13.351766,38.10996],[13.35081,38.109892],[13.350686,38.109753],[13.350631,38.109845],[13.349828,38.111011],[13.350058,38.111092],[13.350184,38.111199],[13.350851,38.111435]]]]}},{"type":"Feature","properties":{"UPL":"Zisa - 4 Camere","Quartiere":"Zisa","circoscrizione":"V","n_sezioni":27,"totale_pop":7795,"totale_civici":1011,"area_km2":0.63,"dens_pop":12379.2,"dens_civici":1605.6,"bivar_lbl_modale":"2-2","col_modale":"#a5add3"},"geometry":{"type":"MultiPolygon","coordinates":[[[[13.332592,38.113107],[13.332192,38.112565],[13.332148,38.1126],[13.33199,38.112677],[13.331905,38.112734],[13.331794,38.112776],[13.331728,38.112862],[13.331634,38.11297],[13.331446,38.113156],[13.331353,38.113206],[13.331252,38.113197],[13.330925,38.113231],[13.330726,38.113291],[13.330309,38.113431],[13.330096,38.113508],[13.329763,38.113575],[13.329464,38.1136],[13.329406,38.114048],[13.329339,38.114591],[13.329274,38.115102],[13.329266,38.11525],[13.32926,38.115301],[13.32921,38.115646],[13.329183,38.11584],[13.329168,38.115984],[13.329113,38.116342],[13.329052,38.116831],[13.328978,38.117405],[13.328945,38.117641],[13.328869,38.118198],[13.3288,38.118871],[13.328792,38.11897],[13.328739,38.119409],[13.329056,38.119389],[13.329492,38.119359],[13.329821,38.119338],[13.330088,38.119317],[13.330143,38.119312],[13.330479,38.119264],[13.330945,38.119202],[13.331297,38.119099],[13.331897,38.119076],[13.332415,38.118985],[13.333118,38.11886],[13.333315,38.118817],[13.333508,38.11885],[13.333883,38.118917],[13.334198,38.118964],[13.334584,38.119036],[13.334948,38.119094],[13.335087,38.119116],[13.335497,38.119182],[13.335926,38.119261],[13.33636,38.119303],[13.336748,38.119334],[13.336852,38.119119],[13.336881,38.119059],[13.337101,38.118582],[13.33734,38.118074],[13.337396,38.117959],[13.337465,38.117829],[13.337589,38.117673],[13.337684,38.117579],[13.33782,38.117502],[13.337926,38.117426],[13.338048,38.117336],[13.338382,38.117125],[13.338486,38.116937],[13.338597,38.116739],[13.339198,38.116181],[13.33927,38.116111],[13.339624,38.115747],[13.339826,38.115388],[13.340117,38.114787],[13.340273,38.11479],[13.340488,38.114395],[13.340806,38.113825],[13.341322,38.112887],[13.341099,38.11272],[13.340995,38.112638],[13.34092,38.112548],[13.340806,38.112411],[13.340685,38.112253],[13.340139,38.112119],[13.339791,38.113097],[13.339449,38.112988],[13.339213,38.112922],[13.338959,38.112834],[13.338687,38.112769],[13.337848,38.112574],[13.337766,38.112168],[13.337538,38.112199],[13.336959,38.112292],[13.336656,38.112321],[13.336375,38.112435],[13.336105,38.112423],[13.335361,38.112396],[13.335071,38.11238],[13.334618,38.112356],[13.3341,38.11233],[13.333794,38.112472],[13.33362,38.112578],[13.333323,38.112728],[13.333024,38.112874],[13.332592,38.113107]]]]}},{"type":"Feature","properties":{"UPL":"Roccella Acqua dei Corsari","Quartiere":"Settecannoli","circoscrizione":"II","n_sezioni":115,"totale_pop":28930,"totale_civici":6352,"area_km2":6.498,"dens_pop":4451.8,"dens_civici":977.5,"bivar_lbl_modale":"1-1","col_modale":"#e8e8e8"},"geometry":{"type":"MultiPolygon","coordinates":[[[[13.451101,38.093578],[13.451739,38.093222],[13.452338,38.092942],[13.45271,38.092622],[13.452638,38.09226],[13.452339,38.091911],[13.452339,38.091281],[13.452046,38.090567],[13.451964,38.090133],[13.451954,38.090079],[13.451928,38.089927],[13.451873,38.08961],[13.451468,38.088719],[13.450087,38.089295],[13.449023,38.08947],[13.448562,38.089631],[13.448024,38.089819],[13.44716,38.090284],[13.446737,38.090858],[13.446064,38.091433],[13.445614,38.091761],[13.445424,38.091899],[13.445356,38.091946],[13.445018,38.092283],[13.444523,38.092054],[13.44394,38.091728],[13.443912,38.091713],[13.44353,38.091498],[13.442311,38.09149],[13.441717,38.091342],[13.441636,38.091322],[13.441563,38.091302],[13.440984,38.091085],[13.440236,38.090952],[13.44,38.090704],[13.439794,38.090306],[13.44003,38.08991],[13.440622,38.089433],[13.441141,38.089125],[13.441763,38.088845],[13.443054,38.088111],[13.442983,38.087781],[13.44226,38.08738],[13.441695,38.087177],[13.441625,38.086535],[13.441599,38.086311],[13.441716,38.085699],[13.440834,38.085867],[13.440167,38.08601],[13.439607,38.08613],[13.437673,38.085906],[13.436453,38.085952],[13.436305,38.085958],[13.434964,38.086068],[13.434291,38.086397],[13.433548,38.086857],[13.433297,38.087046],[13.433215,38.086962],[13.433369,38.086431],[13.433538,38.086168],[13.433611,38.086084],[13.43359,38.085959],[13.433572,38.085849],[13.433522,38.085559],[13.433513,38.085505],[13.433489,38.085371],[13.433565,38.084481],[13.433568,38.084409],[13.433571,38.084339],[13.433584,38.08405],[13.433717,38.083706],[13.43379,38.083622],[13.433856,38.083519],[13.433861,38.083371],[13.434014,38.083046],[13.434082,38.082863],[13.434131,38.082675],[13.43417,38.082526],[13.433994,38.082454],[13.43402,38.082388],[13.433865,38.082114],[13.433338,38.082178],[13.432376,38.082321],[13.431545,38.082532],[13.430534,38.08285],[13.429983,38.083024],[13.428847,38.083402],[13.428354,38.0834],[13.428058,38.083399],[13.426994,38.083496],[13.426509,38.08375],[13.425771,38.083955],[13.425483,38.084241],[13.424947,38.084694],[13.424368,38.085429],[13.423861,38.085816],[13.423496,38.086078],[13.423414,38.086135],[13.423019,38.086418],[13.420283,38.086377],[13.419731,38.086382],[13.416054,38.086347],[13.414853,38.086335],[13.414036,38.08629],[13.413995,38.086296],[13.413948,38.086278],[13.413337,38.086282],[13.411825,38.086333],[13.412088,38.086096],[13.408588,38.086375],[13.404975,38.086694],[13.401083,38.087043],[13.397086,38.087445],[13.397961,38.087546],[13.398194,38.087816],[13.398987,38.088213],[13.399495,38.087923],[13.4,38.088296],[13.398529,38.089128],[13.398513,38.089276],[13.398967,38.089688],[13.401325,38.089047],[13.40152,38.089206],[13.400515,38.089502],[13.400205,38.089587],[13.400113,38.089612],[13.399057,38.089931],[13.398852,38.089993],[13.39877,38.090018],[13.398174,38.090204],[13.398081,38.090233],[13.397748,38.090336],[13.396609,38.090824],[13.394635,38.091916],[13.393702,38.092486],[13.392911,38.09297],[13.393092,38.093181],[13.39304,38.09321],[13.392546,38.093538],[13.392309,38.093341],[13.392139,38.093447],[13.390682,38.094361],[13.38892,38.095483],[13.388982,38.095595],[13.389132,38.095779],[13.389282,38.095923],[13.389949,38.096649],[13.390425,38.09723],[13.390836,38.097732],[13.391236,38.098238],[13.391681,38.098814],[13.391713,38.098854],[13.391888,38.099039],[13.39336,38.099101],[13.393586,38.099285],[13.393885,38.099654],[13.393958,38.099817],[13.394489,38.100715],[13.394574,38.100969],[13.394995,38.101575],[13.395575,38.102488],[13.394941,38.102702],[13.395716,38.103927],[13.39624,38.10391],[13.396793,38.103954],[13.397425,38.10389],[13.398059,38.103728],[13.39877,38.103549],[13.398958,38.103406],[13.400505,38.103001],[13.400832,38.102836],[13.401196,38.102549],[13.401414,38.102382],[13.401687,38.102163],[13.401974,38.101902],[13.402165,38.101735],[13.402423,38.10159],[13.402749,38.101383],[13.403157,38.101134],[13.40339,38.100904],[13.403597,38.100621],[13.403803,38.10038],[13.404303,38.100196],[13.40472,38.100106],[13.405327,38.099935],[13.405811,38.099867],[13.405927,38.099846],[13.406228,38.099793],[13.407117,38.099593],[13.407953,38.09935],[13.408588,38.099147],[13.409473,38.099117],[13.40985,38.099016],[13.410241,38.098926],[13.410495,38.09894],[13.410829,38.098997],[13.410991,38.098962],[13.411222,38.098785],[13.411722,38.098623],[13.412285,38.098588],[13.412795,38.098573],[13.413145,38.098504],[13.413749,38.098459],[13.414004,38.098452],[13.414261,38.098328],[13.414717,38.098303],[13.415563,38.098229],[13.415831,38.098238],[13.41619,38.098349],[13.416448,38.099013],[13.41693,38.098933],[13.416847,38.098742],[13.416584,38.098791],[13.416418,38.098374],[13.416726,38.098275],[13.417099,38.098194],[13.417445,38.098302],[13.417213,38.098954],[13.417474,38.098992],[13.417587,38.098804],[13.419163,38.098636],[13.420368,38.098445],[13.421878,38.098241],[13.422839,38.098236],[13.423645,38.098299],[13.424493,38.098465],[13.425164,38.098751],[13.425621,38.098809],[13.425988,38.099003],[13.426642,38.099047],[13.427816,38.099269],[13.428252,38.099293],[13.428954,38.099112],[13.429484,38.098826],[13.430306,38.098164],[13.430804,38.097757],[13.431114,38.097457],[13.43165,38.097016],[13.432205,38.096639],[13.432778,38.096358],[13.433329,38.096189],[13.433494,38.096031],[13.434518,38.095517],[13.435167,38.095445],[13.436991,38.095357],[13.437762,38.09532],[13.438491,38.095297],[13.439045,38.09526],[13.439242,38.095237],[13.439244,38.095125],[13.439332,38.095077],[13.439515,38.095004],[13.439649,38.095059],[13.439909,38.095022],[13.440415,38.09492],[13.441006,38.09494],[13.441217,38.095011],[13.441418,38.094833],[13.442719,38.094807],[13.443773,38.09492],[13.444686,38.095007],[13.44515,38.095032],[13.445685,38.095108],[13.446403,38.095052],[13.44671,38.095062],[13.447073,38.095073],[13.44756,38.095142],[13.44823,38.095163],[13.449047,38.095249],[13.449896,38.095388],[13.450596,38.095447],[13.450906,38.095331],[13.450054,38.094164],[13.451101,38.093578]]]]}},{"type":"Feature","properties":{"UPL":"Falsomiele Borgo Ulivia","Quartiere":"Villagrazia - Falsomiele","circoscrizione":"III","n_sezioni":29,"totale_pop":13915,"totale_civici":2029,"area_km2":1.625,"dens_pop":8564.9,"dens_civici":1248.9,"bivar_lbl_modale":"1-2","col_modale":"#ace4e4"},"geometry":{"type":"MultiPolygon","coordinates":[[[[13.369827,38.089159],[13.36866,38.088928],[13.367993,38.088791],[13.367832,38.08877],[13.36585,38.088501],[13.363887,38.088156],[13.363147,38.08803],[13.361642,38.087775],[13.361213,38.087697],[13.360379,38.087588],[13.360117,38.087539],[13.359482,38.087419],[13.359159,38.087379],[13.359085,38.08737],[13.358481,38.087271],[13.358337,38.087232],[13.358094,38.087205],[13.357616,38.087123],[13.357147,38.087046],[13.356708,38.086977],[13.355893,38.08685],[13.354842,38.086691],[13.354754,38.086668],[13.354383,38.086572],[13.35413,38.086546],[13.353705,38.086485],[13.353099,38.086395],[13.352838,38.0864],[13.352249,38.08639],[13.352009,38.086386],[13.351782,38.086376],[13.35132,38.086407],[13.3508,38.086444],[13.350312,38.086606],[13.349756,38.086798],[13.34961,38.086867],[13.349145,38.087023],[13.348818,38.087162],[13.348528,38.087276],[13.348388,38.087353],[13.348062,38.087523],[13.347771,38.08766],[13.347561,38.087785],[13.347189,38.088006],[13.347072,38.088078],[13.346862,38.088243],[13.346442,38.088551],[13.344881,38.089535],[13.345034,38.089713],[13.345409,38.090056],[13.346343,38.090722],[13.347178,38.091072],[13.347904,38.090616],[13.348544,38.089711],[13.349119,38.089237],[13.350425,38.089403],[13.351677,38.090167],[13.352448,38.090972],[13.352326,38.091453],[13.351939,38.092039],[13.351544,38.092507],[13.351128,38.093118],[13.351105,38.093738],[13.351332,38.094016],[13.351494,38.094111],[13.351631,38.093784],[13.351496,38.093335],[13.351963,38.092722],[13.352546,38.092265],[13.353403,38.092385],[13.354505,38.092599],[13.355113,38.093154],[13.355224,38.093623],[13.355119,38.094071],[13.354711,38.094455],[13.354344,38.094715],[13.354012,38.095181],[13.354455,38.095581],[13.354679,38.095923],[13.354978,38.096129],[13.355312,38.096306],[13.35564,38.096389],[13.355806,38.096354],[13.355813,38.09608],[13.355514,38.095882],[13.355689,38.095403],[13.356044,38.094917],[13.356432,38.094798],[13.356619,38.094777],[13.35683,38.094724],[13.357388,38.094703],[13.357907,38.094866],[13.358303,38.09502],[13.358508,38.095279],[13.358626,38.095606],[13.359009,38.095689],[13.359623,38.095647],[13.359922,38.095831],[13.360307,38.096061],[13.360447,38.096233],[13.36054,38.096281],[13.36064,38.096328],[13.361204,38.096716],[13.361407,38.096955],[13.361482,38.0971],[13.361636,38.097205],[13.361827,38.097393],[13.36229,38.097615],[13.363107,38.096276],[13.36364,38.095427],[13.364032,38.095585],[13.364308,38.095723],[13.364419,38.095767],[13.3647,38.095391],[13.365098,38.094749],[13.365199,38.094811],[13.365461,38.09444],[13.36583,38.093937],[13.366369,38.093936],[13.366549,38.094041],[13.36704,38.094284],[13.367106,38.094324],[13.367151,38.094351],[13.367286,38.094433],[13.368783,38.095357],[13.369642,38.095898],[13.37057,38.096458],[13.370605,38.096362],[13.370771,38.095852],[13.371235,38.094623],[13.372015,38.093326],[13.372442,38.092897],[13.372816,38.092506],[13.373122,38.092135],[13.373445,38.091722],[13.373706,38.091244],[13.374032,38.090673],[13.374231,38.090346],[13.373522,38.09003],[13.373219,38.089821],[13.373072,38.08979],[13.372418,38.089651],[13.371668,38.089491],[13.371243,38.089422],[13.371103,38.089397],[13.370375,38.089265],[13.369827,38.089159]]]]}},{"type":"Feature","properties":{"UPL":"Brancaccio Conte Federico","Quartiere":"Brancaccio - Ciaculli","circoscrizione":"II","n_sezioni":15,"totale_pop":8926,"totale_civici":2272,"area_km2":1.676,"dens_pop":5326.6,"dens_civici":1355.8,"bivar_lbl_modale":"1-1","col_modale":"#e8e8e8"},"geometry":{"type":"MultiPolygon","coordinates":[[[[13.397086,38.087445],[13.395946,38.087511],[13.394932,38.08759],[13.393918,38.08767],[13.391051,38.088254],[13.389095,38.088625],[13.387919,38.088489],[13.387015,38.088678],[13.386781,38.08857],[13.38638,38.088707],[13.385963,38.088731],[13.385746,38.088691],[13.38551,38.088643],[13.385228,38.088572],[13.384963,38.088583],[13.384783,38.088573],[13.384616,38.08863],[13.384873,38.088911],[13.384542,38.089124],[13.384167,38.089644],[13.384472,38.090005],[13.384242,38.090062],[13.382949,38.090573],[13.382368,38.090803],[13.381392,38.091061],[13.381022,38.091151],[13.37992,38.091417],[13.378801,38.091637],[13.378415,38.091713],[13.377502,38.093842],[13.37764,38.093853],[13.377879,38.094074],[13.378155,38.094455],[13.378345,38.094871],[13.377789,38.095127],[13.376752,38.095559],[13.376199,38.095804],[13.376062,38.095849],[13.37539,38.096662],[13.374758,38.097419],[13.374656,38.097556],[13.374575,38.09769],[13.374306,38.098086],[13.374284,38.098155],[13.372927,38.098198],[13.372754,38.098219],[13.372502,38.0986],[13.372996,38.09885],[13.373088,38.09892],[13.373802,38.099458],[13.374335,38.100272],[13.374886,38.101161],[13.375188,38.101897],[13.375245,38.102417],[13.375096,38.102986],[13.37488,38.103431],[13.374506,38.103886],[13.374463,38.10393],[13.374363,38.104031],[13.374463,38.104187],[13.374556,38.104375],[13.374551,38.104446],[13.374554,38.104536],[13.374524,38.104615],[13.37487,38.104593],[13.375027,38.104578],[13.375378,38.104561],[13.37544,38.104558],[13.375655,38.104523],[13.375755,38.104497],[13.375883,38.104465],[13.375946,38.104467],[13.376165,38.104405],[13.376321,38.104354],[13.376352,38.104344],[13.376386,38.104334],[13.376716,38.104179],[13.376846,38.104095],[13.377124,38.103967],[13.377306,38.103874],[13.377423,38.103782],[13.377681,38.103362],[13.377828,38.10315],[13.378025,38.102854],[13.378091,38.102775],[13.378262,38.102552],[13.378312,38.102486],[13.379045,38.10168],[13.379108,38.101428],[13.379636,38.101126],[13.379912,38.100968],[13.380251,38.100773],[13.380347,38.100696],[13.380404,38.100666],[13.380666,38.100525],[13.381095,38.100238],[13.381692,38.099891],[13.381939,38.099733],[13.383093,38.098959],[13.383239,38.098873],[13.384997,38.097837],[13.385411,38.097593],[13.385473,38.097555],[13.385653,38.097444],[13.386091,38.09719],[13.38667,38.096834],[13.386982,38.096647],[13.388535,38.095712],[13.388832,38.095533],[13.38892,38.095483],[13.390682,38.094361],[13.392139,38.093447],[13.392309,38.093341],[13.392546,38.093538],[13.39304,38.09321],[13.393092,38.093181],[13.392911,38.09297],[13.393702,38.092486],[13.394635,38.091916],[13.396609,38.090824],[13.397748,38.090336],[13.398081,38.090233],[13.398174,38.090204],[13.39877,38.090018],[13.398852,38.089993],[13.399057,38.089931],[13.400113,38.089612],[13.400205,38.089587],[13.400515,38.089502],[13.40152,38.089206],[13.401325,38.089047],[13.398967,38.089688],[13.398513,38.089276],[13.398529,38.089128],[13.4,38.088296],[13.399495,38.087923],[13.398987,38.088213],[13.398194,38.087816],[13.397961,38.087546],[13.397086,38.087445]]]]}},{"type":"Feature","properties":{"UPL":"Boccadifalco - Baida","Quartiere":"Boccadifalco","circoscrizione":"IV","n_sezioni":19,"totale_pop":7799,"totale_civici":3289,"area_km2":11.681,"dens_pop":667.6,"dens_civici":281.6,"bivar_lbl_modale":"1-1","col_modale":"#e8e8e8"},"geometry":{"type":"MultiPolygon","coordinates":[[[[13.314892,38.107929],[13.315596,38.107632],[13.316176,38.107491],[13.316267,38.107469],[13.316576,38.107442],[13.315752,38.106486],[13.316841,38.105865],[13.316745,38.105722],[13.315618,38.105352],[13.31547,38.105303],[13.316508,38.104768],[13.317047,38.104288],[13.317595,38.103741],[13.317902,38.103435],[13.317038,38.103376],[13.316106,38.103189],[13.315561,38.103087],[13.315605,38.102953],[13.315012,38.102949],[13.312611,38.103],[13.310994,38.103062],[13.310925,38.103198],[13.310859,38.103338],[13.310861,38.103445],[13.310882,38.103583],[13.310947,38.10379],[13.310809,38.103752],[13.310336,38.103575],[13.310377,38.103138],[13.310774,38.102609],[13.311046,38.102139],[13.310539,38.102132],[13.310465,38.101985],[13.310367,38.10157],[13.309933,38.099729],[13.309906,38.099253],[13.309889,38.098951],[13.309837,38.097693],[13.309826,38.097611],[13.309128,38.097677],[13.308667,38.09772],[13.308406,38.096368],[13.307562,38.095744],[13.307741,38.095538],[13.307651,38.095174],[13.307874,38.095004],[13.307952,38.094644],[13.307666,38.09453],[13.307453,38.094251],[13.307156,38.094169],[13.307002,38.094371],[13.306736,38.094265],[13.306282,38.094101],[13.306061,38.094192],[13.305583,38.093784],[13.304401,38.092816],[13.304249,38.092534],[13.30396,38.092911],[13.303389,38.092963],[13.303613,38.093185],[13.303525,38.093526],[13.303281,38.093764],[13.303522,38.09412],[13.303753,38.094531],[13.30367,38.095106],[13.303551,38.095358],[13.303832,38.095532],[13.304431,38.095776],[13.304975,38.095927],[13.305244,38.096129],[13.305527,38.096636],[13.305507,38.097105],[13.305185,38.097621],[13.304796,38.097744],[13.304761,38.098286],[13.304464,38.098323],[13.304345,38.09853],[13.304185,38.099005],[13.303759,38.099196],[13.30375,38.09925],[13.303664,38.099798],[13.303612,38.099836],[13.303329,38.10004],[13.303022,38.099998],[13.302685,38.099704],[13.30245,38.099568],[13.301719,38.099554],[13.301112,38.099248],[13.300319,38.09902],[13.299855,38.099285],[13.299311,38.099656],[13.298366,38.100065],[13.298764,38.100622],[13.296292,38.101064],[13.295752,38.100759],[13.294967,38.100667],[13.294636,38.100791],[13.294265,38.100935],[13.294085,38.101159],[13.293806,38.101506],[13.29344,38.102564],[13.292578,38.103316],[13.291638,38.103968],[13.290044,38.104801],[13.291379,38.106832],[13.291451,38.107096],[13.291541,38.107421],[13.29157,38.107523],[13.291595,38.107616],[13.291628,38.107736],[13.291669,38.108042],[13.291675,38.108275],[13.291655,38.108509],[13.291653,38.10864],[13.291082,38.108717],[13.290523,38.108756],[13.29,38.108583],[13.289448,38.108347],[13.289092,38.108247],[13.288438,38.10812],[13.288051,38.108059],[13.287317,38.108269],[13.287087,38.108328],[13.28678,38.108412],[13.286533,38.108479],[13.286325,38.10849],[13.286161,38.108485],[13.28591,38.108431],[13.285575,38.108297],[13.285288,38.108173],[13.285091,38.108071],[13.284877,38.108018],[13.284577,38.107958],[13.284292,38.107895],[13.284104,38.10784],[13.283925,38.107699],[13.283839,38.107589],[13.283624,38.107239],[13.283259,38.10694],[13.282796,38.106705],[13.282459,38.106512],[13.282376,38.10632],[13.281844,38.106258],[13.281397,38.105882],[13.280263,38.105613],[13.28008,38.105597],[13.279138,38.105519],[13.27801,38.105492],[13.276869,38.105412],[13.276726,38.105413],[13.27659,38.105415],[13.276186,38.105419],[13.274753,38.105264],[13.273832,38.105158],[13.272649,38.105008],[13.271982,38.10478],[13.271145,38.104473],[13.270211,38.104349],[13.269549,38.104459],[13.268695,38.104364],[13.267214,38.104314],[13.265924,38.104293],[13.265867,38.104293],[13.265751,38.104292],[13.265616,38.104291],[13.264659,38.104276],[13.263554,38.104272],[13.262852,38.104549],[13.262327,38.10501],[13.261972,38.105122],[13.261733,38.104612],[13.261433,38.104718],[13.26096,38.10478],[13.259655,38.104679],[13.259057,38.104588],[13.257996,38.104419],[13.256917,38.104188],[13.255874,38.103929],[13.254745,38.103497],[13.253893,38.10337],[13.2532,38.103278],[13.252461,38.103121],[13.251719,38.102679],[13.251044,38.102722],[13.250288,38.102452],[13.249588,38.102162],[13.248394,38.102016],[13.24783,38.101766],[13.247002,38.101553],[13.24575,38.101463],[13.244898,38.101242],[13.243149,38.10054],[13.242859,38.100528],[13.242376,38.100508],[13.242795,38.101503],[13.243079,38.102506],[13.244027,38.10389],[13.245046,38.105141],[13.245771,38.105826],[13.24645,38.106072],[13.247186,38.106261],[13.2467,38.106504],[13.246465,38.106855],[13.246427,38.107428],[13.246553,38.107964],[13.247036,38.108726],[13.247609,38.109511],[13.247554,38.110459],[13.247381,38.111492],[13.247267,38.112437],[13.247193,38.113165],[13.247203,38.114146],[13.247525,38.114981],[13.24876,38.115747],[13.249601,38.116428],[13.250157,38.117525],[13.250614,38.118386],[13.251239,38.119508],[13.251954,38.120608],[13.252279,38.121325],[13.252639,38.122253],[13.256054,38.120627],[13.262921,38.119042],[13.263864,38.118854],[13.265068,38.118467],[13.266527,38.118151],[13.268752,38.117914],[13.269203,38.118679],[13.269616,38.119259],[13.26977,38.11997],[13.269886,38.120477],[13.270554,38.121128],[13.27131,38.121612],[13.272067,38.122129],[13.272909,38.122613],[13.273965,38.123067],[13.274603,38.123144],[13.275197,38.123322],[13.276345,38.123507],[13.276681,38.123748],[13.277103,38.123957],[13.278179,38.123568],[13.279467,38.123216],[13.280195,38.123125],[13.28178,38.122878],[13.28604,38.121423],[13.286283,38.121245],[13.286427,38.121128],[13.286549,38.121058],[13.286671,38.12102],[13.287064,38.12101],[13.287367,38.120983],[13.28774,38.120924],[13.288152,38.120782],[13.288228,38.120756],[13.288473,38.120609],[13.288923,38.120305],[13.289078,38.1201],[13.289155,38.119831],[13.289243,38.119522],[13.289343,38.119126],[13.289523,38.118714],[13.289608,38.118533],[13.289794,38.118344],[13.29008,38.118142],[13.29034,38.117972],[13.289404,38.118151],[13.289224,38.118208],[13.288223,38.118225],[13.288672,38.118013],[13.289205,38.117805],[13.28968,38.117581],[13.290203,38.117422],[13.290739,38.117404],[13.290971,38.117389],[13.291415,38.117445],[13.291778,38.117434],[13.292172,38.117361],[13.292425,38.117316],[13.292778,38.117298],[13.293009,38.117325],[13.292592,38.116943],[13.29554,38.116701],[13.297131,38.117162],[13.297179,38.117022],[13.29762,38.117176],[13.29835,38.117524],[13.299424,38.11834],[13.299932,38.118657],[13.30113,38.118947],[13.301364,38.119004],[13.303532,38.11946],[13.304883,38.119743],[13.305582,38.120006],[13.305708,38.120099],[13.307893,38.120569],[13.309301,38.120953],[13.310844,38.121308],[13.311867,38.121739],[13.312094,38.121893],[13.312423,38.121739],[13.312728,38.121774],[13.313122,38.121583],[13.315333,38.12126],[13.315473,38.120189],[13.317206,38.118948],[13.317628,38.11786],[13.318111,38.116903],[13.318633,38.115351],[13.318904,38.114738],[13.320261,38.110774],[13.320449,38.110223],[13.320113,38.110219],[13.319454,38.110148],[13.319324,38.110177],[13.319067,38.110112],[13.318602,38.110074],[13.318535,38.110073],[13.318343,38.110071],[13.317387,38.110006],[13.316974,38.109959],[13.316122,38.109875],[13.315554,38.109816],[13.315399,38.109803],[13.315463,38.109539],[13.314662,38.109485],[13.314734,38.10854],[13.314377,38.108134],[13.314892,38.107929]]]]}},{"type":"Feature","properties":{"UPL":"Mezzomonreale","Quartiere":"Mezzomonreale - Villa Tasca","circoscrizione":"IV","n_sezioni":54,"totale_pop":26762,"totale_civici":6220,"area_km2":7.796,"dens_pop":3432.7,"dens_civici":797.8,"bivar_lbl_modale":"1-1","col_modale":"#e8e8e8"},"geometry":{"type":"MultiPolygon","coordinates":[[[[13.318646,38.07592],[13.318413,38.075809],[13.318124,38.075393],[13.318187,38.074965],[13.318417,38.074538],[13.318782,38.074237],[13.319429,38.073749],[13.319698,38.073475],[13.319775,38.073123],[13.319328,38.072853],[13.318819,38.072546],[13.318519,38.072278],[13.31831,38.071898],[13.318303,38.071434],[13.318254,38.071102],[13.318221,38.071013],[13.318139,38.071017],[13.318083,38.070947],[13.31767,38.070454],[13.317617,38.070419],[13.31704,38.070044],[13.316173,38.070063],[13.314989,38.070204],[13.315298,38.070473],[13.315524,38.070552],[13.315714,38.070619],[13.316066,38.070742],[13.316198,38.070954],[13.315982,38.071097],[13.315885,38.071154],[13.315803,38.071234],[13.315397,38.0716],[13.315224,38.072183],[13.315064,38.072752],[13.314999,38.072984],[13.314963,38.073116],[13.314797,38.0735],[13.314601,38.073957],[13.31437,38.074137],[13.314322,38.074129],[13.313976,38.07439],[13.313879,38.074642],[13.31436,38.075083],[13.314681,38.07594],[13.314698,38.076035],[13.31487,38.076997],[13.314905,38.077189],[13.314857,38.077246],[13.31465,38.0775],[13.314375,38.077839],[13.314164,38.077934],[13.313338,38.078309],[13.313024,38.078163],[13.312589,38.077706],[13.312215,38.07717],[13.31198,38.076944],[13.311774,38.076745],[13.311633,38.076611],[13.310904,38.076178],[13.3104,38.075738],[13.310007,38.074955],[13.309285,38.074639],[13.308714,38.074528],[13.308499,38.074486],[13.308455,38.074735],[13.308233,38.074555],[13.308152,38.074526],[13.307718,38.074514],[13.307135,38.074587],[13.306528,38.074709],[13.306345,38.074748],[13.306289,38.074727],[13.306271,38.074591],[13.306293,38.074426],[13.305948,38.074501],[13.305252,38.074613],[13.304974,38.074658],[13.304156,38.074638],[13.303517,38.074572],[13.303003,38.074703],[13.303079,38.07485],[13.30314,38.074967],[13.303157,38.074999],[13.303241,38.075163],[13.303417,38.075472],[13.302841,38.076267],[13.302335,38.076916],[13.302073,38.077558],[13.302404,38.077855],[13.302669,38.078021],[13.303069,38.078272],[13.303538,38.078628],[13.303738,38.078819],[13.303883,38.078958],[13.304429,38.079046],[13.304972,38.079292],[13.304726,38.079769],[13.3047,38.079821],[13.3041,38.080999],[13.30389,38.081709],[13.303572,38.081631],[13.303422,38.08179],[13.303314,38.081906],[13.303497,38.08235],[13.303493,38.082512],[13.303485,38.082882],[13.303025,38.083569],[13.302696,38.08396],[13.302268,38.084295],[13.302193,38.084352],[13.302131,38.0844],[13.301872,38.084598],[13.301596,38.084919],[13.301381,38.08517],[13.301812,38.085217],[13.302084,38.08536],[13.302118,38.085426],[13.302148,38.085483],[13.302224,38.08563],[13.302481,38.085859],[13.302869,38.085885],[13.302864,38.085946],[13.302822,38.086423],[13.302812,38.086847],[13.302846,38.087323],[13.302906,38.087766],[13.30262,38.088105],[13.302553,38.088185],[13.302509,38.08824],[13.302318,38.088472],[13.302218,38.088591],[13.302095,38.088737],[13.302082,38.088801],[13.302031,38.089014],[13.302054,38.089093],[13.302071,38.089152],[13.302158,38.089469],[13.302438,38.089724],[13.302726,38.089935],[13.302854,38.090029],[13.303263,38.090568],[13.302761,38.091091],[13.302959,38.091327],[13.303235,38.091699],[13.303774,38.092134],[13.304284,38.092489],[13.304249,38.092534],[13.304401,38.092816],[13.305583,38.093784],[13.306061,38.094192],[13.306282,38.094101],[13.306736,38.094265],[13.307002,38.094371],[13.307156,38.094169],[13.307453,38.094251],[13.307666,38.09453],[13.307952,38.094644],[13.307874,38.095004],[13.307651,38.095174],[13.307741,38.095538],[13.307562,38.095744],[13.308406,38.096368],[13.308667,38.09772],[13.309128,38.097677],[13.309826,38.097611],[13.309837,38.097693],[13.309889,38.098951],[13.309906,38.099253],[13.309933,38.099729],[13.310367,38.10157],[13.310465,38.101985],[13.310539,38.102132],[13.311046,38.102139],[13.310774,38.102609],[13.310377,38.103138],[13.310336,38.103575],[13.310809,38.103752],[13.310947,38.10379],[13.310882,38.103583],[13.310861,38.103445],[13.310859,38.103338],[13.310925,38.103198],[13.310994,38.103062],[13.312611,38.103],[13.315012,38.102949],[13.315605,38.102953],[13.315561,38.103087],[13.316106,38.103189],[13.317038,38.103376],[13.317902,38.103435],[13.318881,38.10356],[13.319446,38.10363],[13.319506,38.103637],[13.319754,38.103673],[13.320404,38.103775],[13.320841,38.103827],[13.320961,38.103836],[13.321153,38.103858],[13.321258,38.10387],[13.321414,38.103859],[13.3218,38.10394],[13.322348,38.104019],[13.322501,38.104044],[13.322574,38.104055],[13.323074,38.104127],[13.323474,38.104189],[13.323617,38.104215],[13.324201,38.104315],[13.324395,38.104335],[13.324702,38.104369],[13.325247,38.104466],[13.325791,38.104608],[13.326199,38.104732],[13.326753,38.104928],[13.327243,38.105206],[13.327343,38.105279],[13.327596,38.105434],[13.32785,38.105549],[13.328048,38.105623],[13.328054,38.105731],[13.327952,38.105901],[13.328181,38.105992],[13.328245,38.106057],[13.328815,38.106212],[13.329077,38.106279],[13.329467,38.106372],[13.330056,38.106499],[13.330227,38.106529],[13.330253,38.10615],[13.330268,38.105951],[13.330282,38.105743],[13.330302,38.105536],[13.330316,38.105404],[13.330326,38.105305],[13.330336,38.105152],[13.330345,38.105034],[13.330375,38.104637],[13.330408,38.104194],[13.330442,38.103738],[13.330479,38.103241],[13.33049,38.103097],[13.330548,38.102766],[13.330609,38.102408],[13.330657,38.102136],[13.33073,38.101724],[13.330759,38.101569],[13.330778,38.101452],[13.330922,38.101266],[13.331091,38.101044],[13.331259,38.10083],[13.331658,38.100293],[13.331764,38.100158],[13.332542,38.099162],[13.33364,38.098248],[13.334272,38.097644],[13.334399,38.097522],[13.335006,38.097008],[13.335357,38.096716],[13.335683,38.096438],[13.335965,38.096257],[13.336183,38.096024],[13.336518,38.095786],[13.337248,38.095273],[13.337681,38.094982],[13.338129,38.094655],[13.338554,38.094343],[13.338613,38.094299],[13.338737,38.094213],[13.339,38.094028],[13.339243,38.093848],[13.339424,38.093706],[13.340206,38.093105],[13.340261,38.093063],[13.340404,38.092967],[13.341137,38.092418],[13.342248,38.091575],[13.343356,38.090701],[13.343533,38.090658],[13.343862,38.09042],[13.34442,38.089882],[13.344033,38.089565],[13.343605,38.089005],[13.343181,38.088303],[13.342726,38.088059],[13.341966,38.088041],[13.341725,38.088093],[13.341132,38.088235],[13.340447,38.088415],[13.339897,38.088415],[13.339379,38.088328],[13.338847,38.087957],[13.338487,38.087537],[13.338112,38.087294],[13.337814,38.087195],[13.337495,38.087167],[13.337145,38.08717],[13.336945,38.087151],[13.336919,38.086961],[13.336947,38.086605],[13.337026,38.086211],[13.336625,38.085822],[13.336006,38.085757],[13.335348,38.085685],[13.334706,38.085539],[13.334532,38.085499],[13.333988,38.085223],[13.333399,38.08474],[13.332895,38.08444],[13.332412,38.084155],[13.332303,38.084091],[13.331871,38.083729],[13.331232,38.083253],[13.330726,38.08308],[13.330182,38.082819],[13.32973,38.082441],[13.329046,38.082162],[13.328415,38.081786],[13.328077,38.081686],[13.327341,38.081517],[13.327132,38.081475],[13.326823,38.081399],[13.326597,38.081214],[13.326382,38.080993],[13.326239,38.080714],[13.326041,38.080609],[13.32537,38.080663],[13.32512,38.080659],[13.324913,38.080522],[13.324679,38.080233],[13.32441,38.079747],[13.323967,38.079029],[13.323849,38.078922],[13.323777,38.078856],[13.323457,38.078907],[13.323344,38.078972],[13.323077,38.079059],[13.322473,38.079212],[13.321818,38.079224],[13.321686,38.079188],[13.321366,38.07917],[13.321007,38.079298],[13.320599,38.079229],[13.319836,38.078986],[13.319697,38.078942],[13.319097,38.078335],[13.319286,38.078218],[13.319259,38.077993],[13.319202,38.077893],[13.319204,38.077708],[13.319225,38.077625],[13.319142,38.07732],[13.319113,38.077054],[13.319036,38.076841],[13.319006,38.076726],[13.319507,38.076636],[13.319223,38.076329],[13.318991,38.076172],[13.318744,38.076004],[13.318646,38.07592]]]]}},{"type":"Feature","properties":{"UPL":"Chiavelli - S.Maria di Ges\u00f9","Quartiere":"Villagrazia - Falsomiele","circoscrizione":"III","n_sezioni":27,"totale_pop":11707,"totale_civici":3759,"area_km2":7.494,"dens_pop":1562.2,"dens_civici":501.6,"bivar_lbl_modale":"1-1","col_modale":"#e8e8e8"},"geometry":{"type":"MultiPolygon","coordinates":[[[[13.348372,38.078868],[13.347106,38.078587],[13.347143,38.077963],[13.34747,38.077944],[13.347509,38.077532],[13.346902,38.077251],[13.346898,38.077474],[13.346892,38.077691],[13.346878,38.078061],[13.346857,38.078575],[13.346854,38.078665],[13.346889,38.079015],[13.346927,38.079432],[13.346927,38.079478],[13.34677,38.080154],[13.346454,38.081242],[13.346227,38.081823],[13.345701,38.083323],[13.345388,38.084258],[13.345123,38.084173],[13.344936,38.084117],[13.344623,38.084012],[13.344429,38.083951],[13.344289,38.084276],[13.34413,38.084822],[13.343944,38.085957],[13.343558,38.085941],[13.343387,38.086423],[13.34307,38.086345],[13.343015,38.086997],[13.342844,38.087436],[13.342721,38.087741],[13.343313,38.087846],[13.343497,38.087924],[13.343574,38.087957],[13.343762,38.088232],[13.343862,38.088595],[13.343906,38.088717],[13.343952,38.088725],[13.344592,38.0892],[13.344881,38.089535],[13.346442,38.088551],[13.346862,38.088243],[13.347072,38.088078],[13.347189,38.088006],[13.347561,38.087785],[13.347771,38.08766],[13.348062,38.087523],[13.348388,38.087353],[13.348528,38.087276],[13.348818,38.087162],[13.349145,38.087023],[13.34961,38.086867],[13.349756,38.086798],[13.350312,38.086606],[13.3508,38.086444],[13.35132,38.086407],[13.351782,38.086376],[13.352009,38.086386],[13.352249,38.08639],[13.352838,38.0864],[13.353099,38.086395],[13.353705,38.086485],[13.35413,38.086546],[13.354383,38.086572],[13.354754,38.086668],[13.354971,38.086148],[13.355321,38.085404],[13.355582,38.085078],[13.355738,38.084883],[13.355844,38.084703],[13.356425,38.083475],[13.356828,38.082618],[13.357133,38.082035],[13.357214,38.081874],[13.358208,38.079959],[13.359101,38.080286],[13.360053,38.080634],[13.361003,38.080972],[13.361522,38.08116],[13.361709,38.081234],[13.362176,38.081401],[13.362709,38.081598],[13.363376,38.081843],[13.363773,38.081981],[13.36393,38.082039],[13.364112,38.082149],[13.364298,38.08225],[13.364444,38.082344],[13.364607,38.082644],[13.364973,38.083324],[13.365383,38.084088],[13.365674,38.084631],[13.365928,38.084985],[13.36608,38.085404],[13.36621,38.085651],[13.366197,38.085755],[13.366016,38.087054],[13.36597,38.087385],[13.365929,38.088026],[13.365875,38.088266],[13.365866,38.088402],[13.36585,38.088501],[13.367832,38.08877],[13.367993,38.088791],[13.36866,38.088928],[13.369827,38.089159],[13.370375,38.089265],[13.371103,38.089397],[13.371243,38.089422],[13.371668,38.089491],[13.372418,38.089651],[13.373072,38.08979],[13.373219,38.089821],[13.373522,38.09003],[13.374231,38.090346],[13.374554,38.090532],[13.374817,38.090689],[13.37533,38.09094],[13.375664,38.091164],[13.376464,38.091794],[13.376809,38.092069],[13.376987,38.092045],[13.377823,38.091826],[13.378415,38.091713],[13.378801,38.091637],[13.37992,38.091417],[13.381022,38.091151],[13.381392,38.091061],[13.382368,38.090803],[13.382949,38.090573],[13.384242,38.090062],[13.384472,38.090005],[13.384167,38.089644],[13.384542,38.089124],[13.384873,38.088911],[13.384616,38.08863],[13.38483,38.087954],[13.385733,38.087156],[13.385733,38.087122],[13.385871,38.086907],[13.386154,38.086514],[13.386396,38.086285],[13.386588,38.086153],[13.386721,38.086125],[13.387236,38.085952],[13.38756,38.085852],[13.387764,38.085637],[13.387883,38.085377],[13.387888,38.085134],[13.387873,38.084984],[13.387945,38.084738],[13.387873,38.084564],[13.387972,38.084364],[13.388012,38.084274],[13.388094,38.083976],[13.387949,38.083674],[13.388057,38.083511],[13.388109,38.083265],[13.388083,38.083163],[13.3879,38.082876],[13.387876,38.082704],[13.387775,38.08253],[13.387659,38.082199],[13.387785,38.082096],[13.387815,38.082014],[13.38747,38.081777],[13.387332,38.081611],[13.387288,38.081415],[13.387208,38.081201],[13.387201,38.081081],[13.387214,38.080931],[13.38726,38.08055],[13.387352,38.080244],[13.387476,38.080216],[13.387768,38.080288],[13.387949,38.080208],[13.388,38.080044],[13.388134,38.079993],[13.38832,38.079734],[13.388451,38.079361],[13.38849,38.079283],[13.388313,38.079168],[13.388135,38.079083],[13.387754,38.078756],[13.387595,38.078672],[13.387483,38.078603],[13.387334,38.078496],[13.387186,38.078337],[13.387142,38.078171],[13.387154,38.078044],[13.387196,38.077887],[13.387265,38.077765],[13.387258,38.077652],[13.387219,38.077233],[13.387195,38.077052],[13.387017,38.076968],[13.386885,38.076928],[13.386749,38.076679],[13.386782,38.07644],[13.386729,38.076305],[13.386544,38.076108],[13.386414,38.075956],[13.386407,38.075836],[13.3864,38.075746],[13.386347,38.075558],[13.386493,38.075373],[13.38659,38.075307],[13.386641,38.075121],[13.386653,38.075001],[13.386771,38.074782],[13.386313,38.074116],[13.385356,38.07283],[13.385135,38.072558],[13.38531,38.06979],[13.385047,38.069666],[13.384858,38.069664],[13.384765,38.069603],[13.384482,38.069539],[13.384299,38.069267],[13.384358,38.069163],[13.38457,38.069001],[13.384572,38.068881],[13.384625,38.068564],[13.384028,38.068771],[13.38316,38.068381],[13.382035,38.068211],[13.380938,38.068301],[13.379639,38.068314],[13.37882,38.068164],[13.378086,38.067904],[13.377246,38.067701],[13.376632,38.067724],[13.375563,38.068056],[13.374709,38.068561],[13.37406,38.068972],[13.373363,38.069642],[13.372617,38.070314],[13.371911,38.070845],[13.371342,38.071271],[13.370649,38.071648],[13.369847,38.071899],[13.369275,38.072028],[13.368567,38.072046],[13.367929,38.071966],[13.367821,38.071231],[13.367917,38.070539],[13.368091,38.069875],[13.368428,38.069574],[13.368411,38.068787],[13.368472,38.068122],[13.368749,38.06745],[13.368783,38.066908],[13.368606,38.066168],[13.368518,38.065491],[13.368389,38.064663],[13.36817,38.064225],[13.367554,38.063757],[13.366881,38.063233],[13.366318,38.062983],[13.365415,38.063071],[13.36445,38.063427],[13.363569,38.063077],[13.363206,38.062928],[13.362453,38.063055],[13.361614,38.063829],[13.361274,38.064274],[13.360319,38.064152],[13.359904,38.064222],[13.359368,38.064318],[13.358656,38.064588],[13.35814,38.064157],[13.35765,38.063738],[13.356931,38.063724],[13.356658,38.063712],[13.355936,38.062865],[13.355143,38.062178],[13.354573,38.06161],[13.353793,38.061328],[13.353072,38.061147],[13.35309,38.061248],[13.353154,38.061394],[13.353282,38.061657],[13.353453,38.061924],[13.353553,38.062131],[13.353734,38.062462],[13.353765,38.062742],[13.353863,38.062971],[13.353888,38.06321],[13.353915,38.063384],[13.353928,38.063616],[13.353922,38.063896],[13.35407,38.064101],[13.354231,38.064287],[13.354349,38.064435],[13.354401,38.064586],[13.354391,38.064759],[13.354402,38.065064],[13.354346,38.065411],[13.354266,38.065692],[13.354281,38.065827],[13.354466,38.066033],[13.354729,38.066297],[13.354991,38.06659],[13.355066,38.066756],[13.355007,38.066936],[13.354781,38.067222],[13.354433,38.067502],[13.354245,38.067746],[13.354191,38.067943],[13.354093,38.06826],[13.354055,38.068564],[13.353971,38.068804],[13.353955,38.068949],[13.353964,38.069108],[13.353803,38.069458],[13.353721,38.069612],[13.353936,38.069813],[13.353922,38.069899],[13.353886,38.070131],[13.353442,38.070342],[13.353336,38.070408],[13.353029,38.0705],[13.352679,38.070738],[13.351887,38.071224],[13.35176,38.071282],[13.350854,38.07127],[13.350601,38.071326],[13.350548,38.071425],[13.350487,38.071922],[13.350155,38.072116],[13.350241,38.072794],[13.350395,38.073752],[13.350414,38.074031],[13.350093,38.074994],[13.350056,38.074992],[13.348282,38.075324],[13.34705,38.075613],[13.346964,38.075648],[13.346991,38.075958],[13.346878,38.076512],[13.347195,38.076489],[13.347214,38.076261],[13.348754,38.075944],[13.34873,38.075816],[13.349428,38.075692],[13.349584,38.075813],[13.35008,38.075586],[13.350928,38.075786],[13.351228,38.075801],[13.351307,38.075981],[13.35148,38.07598],[13.351431,38.075437],[13.352194,38.075434],[13.353108,38.075355],[13.352854,38.076454],[13.352615,38.07741],[13.351656,38.07729],[13.351684,38.076919],[13.351403,38.076872],[13.351295,38.076868],[13.351195,38.077261],[13.351445,38.077301],[13.35137,38.077882],[13.352429,38.078144],[13.352206,38.079121],[13.351431,38.079061],[13.351388,38.079288],[13.352235,38.079518],[13.353268,38.079859],[13.352792,38.081075],[13.350396,38.079976],[13.350547,38.079192],[13.349884,38.07908],[13.349797,38.079272],[13.348844,38.079113],[13.348852,38.07897],[13.348372,38.078868]]]]}},{"type":"Feature","properties":{"UPL":"Montegrappa","Quartiere":"Montegrappa - S. Rosalia","circoscrizione":"IV","n_sezioni":53,"totale_pop":11685,"totale_civici":2460,"area_km2":0.771,"dens_pop":15155.4,"dens_civici":3190.6,"bivar_lbl_modale":"2-3","col_modale":"#5698b9"},"geometry":{"type":"MultiPolygon","coordinates":[[[[13.35702,38.097521],[13.356749,38.097619],[13.356506,38.097596],[13.356019,38.097629],[13.355532,38.097622],[13.355082,38.097707],[13.35486,38.097739],[13.354692,38.09775],[13.35443,38.097779],[13.354252,38.097817],[13.354073,38.097881],[13.353953,38.097999],[13.353798,38.098124],[13.353598,38.098394],[13.353446,38.098805],[13.353336,38.099076],[13.353208,38.099275],[13.353058,38.099875],[13.352907,38.100268],[13.352495,38.100274],[13.352371,38.10026],[13.351434,38.100331],[13.351241,38.100338],[13.349613,38.100655],[13.348988,38.101088],[13.348542,38.101398],[13.348049,38.10174],[13.348139,38.101849],[13.348573,38.102351],[13.348658,38.102452],[13.349126,38.103011],[13.34962,38.103587],[13.349957,38.103957],[13.350227,38.104262],[13.35034,38.104371],[13.350567,38.104569],[13.350905,38.104872],[13.351219,38.105167],[13.351596,38.105477],[13.351849,38.105724],[13.352305,38.106188],[13.353156,38.10681],[13.353656,38.107175],[13.353706,38.107317],[13.353754,38.107468],[13.353845,38.107744],[13.353939,38.108123],[13.354221,38.108721],[13.35515,38.107808],[13.355564,38.107621],[13.355993,38.107354],[13.357182,38.106307],[13.35745,38.10605],[13.358149,38.105462],[13.358543,38.105131],[13.360535,38.103456],[13.361329,38.10288],[13.361921,38.1025],[13.361737,38.102169],[13.361626,38.101943],[13.361507,38.101875],[13.361215,38.101558],[13.360727,38.101197],[13.360462,38.101005],[13.359337,38.100168],[13.359083,38.09998],[13.358035,38.099075],[13.358326,38.098705],[13.358105,38.098256],[13.358673,38.097583],[13.35768,38.097621],[13.357897,38.097111],[13.357489,38.097014],[13.357148,38.09753],[13.35702,38.097521]]]]}},{"type":"Feature","properties":{"UPL":"Villagrazia","Quartiere":"Villagrazia - Falsomiele","circoscrizione":"III","n_sezioni":20,"totale_pop":6604,"totale_civici":2482,"area_km2":8.242,"dens_pop":801.3,"dens_civici":301.1,"bivar_lbl_modale":"1-1","col_modale":"#e8e8e8"},"geometry":{"type":"MultiPolygon","coordinates":[[[[13.317707,38.056759],[13.317778,38.056777],[13.317942,38.056816],[13.318583,38.057283],[13.319001,38.057593],[13.319965,38.058273],[13.320454,38.058841],[13.320783,38.059366],[13.320904,38.059558],[13.320962,38.059651],[13.321113,38.059893],[13.321168,38.059985],[13.3213,38.060201],[13.321689,38.060526],[13.322016,38.060801],[13.322731,38.061423],[13.322759,38.061479],[13.322806,38.061573],[13.322896,38.06175],[13.323025,38.06202],[13.323022,38.062668],[13.323316,38.063243],[13.323897,38.063753],[13.324675,38.064648],[13.325289,38.065683],[13.325004,38.066185],[13.32479,38.0664],[13.324733,38.066456],[13.324621,38.066568],[13.324324,38.066869],[13.324036,38.067161],[13.323868,38.067371],[13.323556,38.06775],[13.323291,38.068071],[13.322794,38.068698],[13.322107,38.069345],[13.321563,38.069635],[13.320809,38.069816],[13.320643,38.069857],[13.320509,38.06989],[13.319761,38.070147],[13.319627,38.070607],[13.319208,38.07096],[13.318649,38.07099],[13.318221,38.071013],[13.318254,38.071102],[13.318303,38.071434],[13.31831,38.071898],[13.318519,38.072278],[13.318819,38.072546],[13.319328,38.072853],[13.319775,38.073123],[13.319698,38.073475],[13.319429,38.073749],[13.318782,38.074237],[13.318417,38.074538],[13.318187,38.074965],[13.318124,38.075393],[13.318413,38.075809],[13.318646,38.07592],[13.318744,38.076004],[13.318991,38.076172],[13.319223,38.076329],[13.319507,38.076636],[13.319592,38.077132],[13.3197,38.077547],[13.319727,38.078009],[13.319697,38.078357],[13.319822,38.078496],[13.319994,38.078562],[13.320141,38.078618],[13.320246,38.078635],[13.320377,38.078661],[13.320614,38.07854],[13.320597,38.078899],[13.320845,38.078965],[13.321021,38.078651],[13.321406,38.078579],[13.32137,38.078994],[13.322224,38.079027],[13.322566,38.078998],[13.323078,38.078955],[13.323207,38.078535],[13.323421,38.078597],[13.323487,38.078479],[13.323678,38.078527],[13.324206,38.079042],[13.324741,38.079855],[13.32507,38.080204],[13.32531,38.0804],[13.32564,38.080419],[13.326191,38.08032],[13.326389,38.080486],[13.32655,38.080684],[13.32681,38.080871],[13.326999,38.081053],[13.32733,38.081261],[13.327803,38.081353],[13.328435,38.081456],[13.328825,38.081661],[13.328973,38.081805],[13.329471,38.081991],[13.329908,38.082156],[13.330169,38.082366],[13.330488,38.082535],[13.330637,38.08271],[13.331191,38.082989],[13.331557,38.083132],[13.331814,38.083437],[13.332298,38.083891],[13.333071,38.08435],[13.333782,38.084779],[13.334214,38.085007],[13.334648,38.085117],[13.334877,38.085132],[13.335146,38.085146],[13.335451,38.085244],[13.336031,38.085309],[13.336498,38.085465],[13.336873,38.085577],[13.337094,38.085603],[13.337414,38.086088],[13.337769,38.086508],[13.338236,38.086733],[13.338533,38.086603],[13.33889,38.086939],[13.338975,38.087123],[13.339016,38.087278],[13.338987,38.087369],[13.339317,38.087754],[13.340084,38.087708],[13.340874,38.087832],[13.34149,38.087749],[13.342275,38.087662],[13.342721,38.087741],[13.342844,38.087436],[13.343015,38.086997],[13.34307,38.086345],[13.343387,38.086423],[13.343558,38.085941],[13.343944,38.085957],[13.34413,38.084822],[13.344289,38.084276],[13.344429,38.083951],[13.344623,38.084012],[13.344936,38.084117],[13.345123,38.084173],[13.345388,38.084258],[13.345701,38.083323],[13.346227,38.081823],[13.346454,38.081242],[13.34677,38.080154],[13.346927,38.079478],[13.346927,38.079432],[13.346889,38.079015],[13.346854,38.078665],[13.346857,38.078575],[13.346878,38.078061],[13.346892,38.077691],[13.346898,38.077474],[13.346902,38.077251],[13.347509,38.077532],[13.34747,38.077944],[13.347143,38.077963],[13.347106,38.078587],[13.348372,38.078868],[13.348852,38.07897],[13.348844,38.079113],[13.349797,38.079272],[13.349884,38.07908],[13.350547,38.079192],[13.350396,38.079976],[13.352792,38.081075],[13.353268,38.079859],[13.352235,38.079518],[13.351388,38.079288],[13.351431,38.079061],[13.352206,38.079121],[13.352429,38.078144],[13.35137,38.077882],[13.351445,38.077301],[13.351195,38.077261],[13.351295,38.076868],[13.351403,38.076872],[13.351684,38.076919],[13.351656,38.07729],[13.352615,38.07741],[13.352854,38.076454],[13.353108,38.075355],[13.352194,38.075434],[13.351431,38.075437],[13.35148,38.07598],[13.351307,38.075981],[13.351228,38.075801],[13.350928,38.075786],[13.35008,38.075586],[13.349584,38.075813],[13.349428,38.075692],[13.34873,38.075816],[13.348754,38.075944],[13.347214,38.076261],[13.347195,38.076489],[13.346878,38.076512],[13.346991,38.075958],[13.346964,38.075648],[13.34705,38.075613],[13.348282,38.075324],[13.350056,38.074992],[13.350093,38.074994],[13.350414,38.074031],[13.350395,38.073752],[13.350241,38.072794],[13.350155,38.072116],[13.350487,38.071922],[13.350548,38.071425],[13.350601,38.071326],[13.350854,38.07127],[13.35176,38.071282],[13.351887,38.071224],[13.352679,38.070738],[13.353029,38.0705],[13.353336,38.070408],[13.353442,38.070342],[13.353886,38.070131],[13.353922,38.069899],[13.353936,38.069813],[13.353721,38.069612],[13.353803,38.069458],[13.353964,38.069108],[13.353955,38.068949],[13.353971,38.068804],[13.354055,38.068564],[13.354093,38.06826],[13.354191,38.067943],[13.354245,38.067746],[13.354433,38.067502],[13.354781,38.067222],[13.355007,38.066936],[13.355066,38.066756],[13.354991,38.06659],[13.354729,38.066297],[13.354466,38.066033],[13.354281,38.065827],[13.354266,38.065692],[13.354346,38.065411],[13.354402,38.065064],[13.354391,38.064759],[13.354401,38.064586],[13.354349,38.064435],[13.354231,38.064287],[13.35407,38.064101],[13.353922,38.063896],[13.353928,38.063616],[13.353915,38.063384],[13.353888,38.06321],[13.353863,38.062971],[13.353765,38.062742],[13.353734,38.062462],[13.353553,38.062131],[13.353453,38.061924],[13.353282,38.061657],[13.353154,38.061394],[13.35309,38.061248],[13.353072,38.061147],[13.352932,38.061112],[13.352029,38.061204],[13.351194,38.061375],[13.349504,38.061991],[13.349018,38.061945],[13.348503,38.061893],[13.347581,38.061855],[13.346969,38.061684],[13.346375,38.061252],[13.346262,38.06117],[13.345544,38.060756],[13.344706,38.060417],[13.343917,38.060046],[13.343106,38.05963],[13.34305,38.059096],[13.343124,38.058386],[13.343146,38.057863],[13.342778,38.056976],[13.342528,38.056846],[13.342283,38.056715],[13.341695,38.056507],[13.341067,38.056544],[13.340307,38.05687],[13.339401,38.057164],[13.338621,38.0569],[13.337546,38.056512],[13.336751,38.056366],[13.336144,38.056528],[13.33552,38.056871],[13.334907,38.057335],[13.334291,38.057803],[13.333793,38.058173],[13.333523,38.058512],[13.333009,38.057549],[13.332399,38.057837],[13.331802,38.056972],[13.331402,38.056537],[13.330613,38.056147],[13.329908,38.056092],[13.329569,38.055456],[13.329093,38.054834],[13.328748,38.05446],[13.328588,38.053961],[13.328451,38.053538],[13.327747,38.053384],[13.327328,38.053111],[13.327015,38.052974],[13.326414,38.05287],[13.32593,38.052618],[13.325546,38.051957],[13.325071,38.051263],[13.324632,38.050554],[13.324306,38.050341],[13.32334,38.050219],[13.322776,38.050456],[13.322119,38.050809],[13.321055,38.050987],[13.319724,38.050843],[13.318405,38.050725],[13.317665,38.051202],[13.317026,38.051726],[13.316396,38.052366],[13.315761,38.052754],[13.314989,38.053075],[13.314437,38.053834],[13.314616,38.054431],[13.31524,38.055088],[13.316255,38.056032],[13.31695,38.056574],[13.317707,38.056759]]]]}},{"type":"Feature","properties":{"UPL":"Noce","Quartiere":"Noce","circoscrizione":"V","n_sezioni":71,"totale_pop":17464,"totale_civici":4076,"area_km2":0.615,"dens_pop":28402.5,"dens_civici":6629.0,"bivar_lbl_modale":"3-3","col_modale":"#3b4994"},"geometry":{"type":"MultiPolygon","coordinates":[[[[13.334948,38.119094],[13.334584,38.119036],[13.334198,38.118964],[13.333883,38.118917],[13.333508,38.11885],[13.333315,38.118817],[13.333118,38.11886],[13.332415,38.118985],[13.331897,38.119076],[13.331297,38.119099],[13.330945,38.119202],[13.330479,38.119264],[13.330143,38.119312],[13.330088,38.119317],[13.329821,38.119338],[13.329492,38.119359],[13.329056,38.119389],[13.328739,38.119409],[13.328758,38.119656],[13.328773,38.119872],[13.328839,38.120549],[13.328893,38.121115],[13.328903,38.121161],[13.328998,38.121858],[13.329058,38.122442],[13.329079,38.122635],[13.329112,38.12294],[13.32914,38.123204],[13.329156,38.123366],[13.329163,38.123447],[13.329226,38.123872],[13.329283,38.124311],[13.329308,38.124468],[13.329376,38.124961],[13.329435,38.125386],[13.329503,38.125884],[13.3297,38.125678],[13.330024,38.125333],[13.330427,38.124895],[13.331124,38.125328],[13.331494,38.125572],[13.331882,38.125809],[13.332647,38.126099],[13.332727,38.126129],[13.333214,38.126251],[13.334235,38.12651],[13.335274,38.126796],[13.335514,38.126859],[13.33621,38.127041],[13.336527,38.127155],[13.336847,38.127217],[13.337524,38.127308],[13.33781,38.127364],[13.337846,38.127237],[13.337945,38.126932],[13.337974,38.126832],[13.338048,38.126581],[13.338124,38.126322],[13.338216,38.126007],[13.338289,38.125784],[13.338393,38.125668],[13.338522,38.125523],[13.338666,38.125365],[13.338779,38.125239],[13.338945,38.125053],[13.338443,38.124909],[13.338265,38.124853],[13.337631,38.124665],[13.337102,38.124513],[13.337019,38.124486],[13.336822,38.12442],[13.336637,38.124364],[13.336808,38.12397],[13.336848,38.123879],[13.336982,38.123612],[13.337184,38.123218],[13.337292,38.123002],[13.337519,38.122548],[13.337937,38.121713],[13.338091,38.121374],[13.338214,38.121131],[13.338518,38.120389],[13.338575,38.120187],[13.338895,38.120124],[13.339207,38.120063],[13.339258,38.120046],[13.339332,38.120036],[13.339465,38.120017],[13.339353,38.11989],[13.339336,38.119833],[13.33933,38.119728],[13.338662,38.119587],[13.338464,38.119559],[13.337769,38.119467],[13.337217,38.119398],[13.337076,38.119376],[13.336748,38.119334],[13.33636,38.119303],[13.335926,38.119261],[13.335497,38.119182],[13.335087,38.119116],[13.334948,38.119094]]]]}},{"type":"Feature","properties":{"UPL":"Principe di Palagonia","Quartiere":"Malaspina - Palagonia","circoscrizione":"VIII","n_sezioni":50,"totale_pop":9192,"totale_civici":2351,"area_km2":0.832,"dens_pop":11045.6,"dens_civici":2825.1,"bivar_lbl_modale":"2-2","col_modale":"#a5add3"},"geometry":{"type":"MultiPolygon","coordinates":[[[[13.339337,38.131776],[13.339239,38.131754],[13.339026,38.131706],[13.338647,38.131567],[13.338519,38.131541],[13.338446,38.131526],[13.338372,38.131506],[13.33816,38.131451],[13.3378,38.131301],[13.337763,38.131392],[13.337484,38.131393],[13.337285,38.131383],[13.336999,38.13138],[13.33679,38.131383],[13.336597,38.13139],[13.336462,38.1314],[13.33633,38.131378],[13.336019,38.131312],[13.335742,38.131264],[13.335231,38.131121],[13.334628,38.131031],[13.333318,38.130759],[13.332348,38.130926],[13.331357,38.130997],[13.331123,38.130998],[13.330997,38.131007],[13.330381,38.131035],[13.330105,38.131049],[13.330191,38.131744],[13.330315,38.132861],[13.330334,38.133004],[13.330522,38.134218],[13.330666,38.135649],[13.330704,38.135859],[13.330752,38.136123],[13.330764,38.136321],[13.330903,38.137356],[13.330997,38.138073],[13.331089,38.138804],[13.331146,38.139237],[13.3312,38.139653],[13.331223,38.139831],[13.33134,38.140725],[13.331506,38.141997],[13.332631,38.142349],[13.332322,38.142685],[13.332091,38.142936],[13.33187,38.143174],[13.332237,38.144207],[13.332634,38.143826],[13.332749,38.143709],[13.332876,38.143578],[13.333322,38.143112],[13.33359,38.142832],[13.334169,38.142234],[13.335134,38.141239],[13.33582,38.140508],[13.33645,38.13988],[13.336885,38.139436],[13.33704,38.139272],[13.337107,38.139202],[13.337302,38.138998],[13.337407,38.13889],[13.337679,38.138618],[13.337761,38.138525],[13.337831,38.138365],[13.337883,38.138251],[13.338033,38.138186],[13.338096,38.138129],[13.338392,38.137786],[13.338586,38.137576],[13.338919,38.137181],[13.339233,38.136683],[13.339377,38.13639],[13.339575,38.135995],[13.339845,38.135494],[13.340013,38.135173],[13.340208,38.134805],[13.340295,38.134473],[13.340292,38.134275],[13.340278,38.134109],[13.340249,38.13393],[13.340212,38.133733],[13.340186,38.133478],[13.340131,38.133308],[13.340001,38.132917],[13.340121,38.132611],[13.340293,38.132046],[13.339415,38.13179],[13.339337,38.131776]]]]}},{"type":"Feature","properties":{"UPL":"Malaspina - Leonardo da Vinci","Quartiere":"Malaspina - Palagonia","circoscrizione":"VIII","n_sezioni":43,"totale_pop":9654,"totale_civici":1418,"area_km2":0.537,"dens_pop":17972.9,"dens_civici":2639.9,"bivar_lbl_modale":"1-2","col_modale":"#ace4e4"},"geometry":{"type":"MultiPolygon","coordinates":[[[[13.340198,38.127758],[13.339439,38.127583],[13.338396,38.127361],[13.337846,38.127237],[13.33781,38.127364],[13.337524,38.127308],[13.336847,38.127217],[13.336527,38.127155],[13.33621,38.127041],[13.335514,38.126859],[13.335274,38.126796],[13.334235,38.12651],[13.333214,38.126251],[13.332727,38.126129],[13.332647,38.126099],[13.331882,38.125809],[13.331494,38.125572],[13.331124,38.125328],[13.330427,38.124895],[13.330024,38.125333],[13.3297,38.125678],[13.329503,38.125884],[13.329528,38.126144],[13.329552,38.126391],[13.329585,38.126633],[13.329638,38.127122],[13.329691,38.127633],[13.329764,38.128147],[13.32983,38.1287],[13.329919,38.129692],[13.329968,38.130073],[13.330105,38.131049],[13.330381,38.131035],[13.330997,38.131007],[13.331123,38.130998],[13.331357,38.130997],[13.332348,38.130926],[13.333318,38.130759],[13.334628,38.131031],[13.335231,38.131121],[13.335742,38.131264],[13.336019,38.131312],[13.33633,38.131378],[13.336462,38.1314],[13.336597,38.13139],[13.33679,38.131383],[13.336999,38.13138],[13.337285,38.131383],[13.337484,38.131393],[13.337763,38.131392],[13.3378,38.131301],[13.33816,38.131451],[13.338372,38.131506],[13.338446,38.131526],[13.338519,38.131541],[13.338647,38.131567],[13.339026,38.131706],[13.339239,38.131754],[13.339337,38.131776],[13.339415,38.13179],[13.340293,38.132046],[13.340524,38.131394],[13.341023,38.131501],[13.341424,38.131616],[13.34185,38.130585],[13.342002,38.130217],[13.342436,38.129727],[13.342596,38.129455],[13.342727,38.129308],[13.342795,38.129107],[13.342911,38.12877],[13.342795,38.128738],[13.341618,38.128435],[13.341729,38.128125],[13.341813,38.127901],[13.341618,38.127886],[13.3414,38.128006],[13.341128,38.127949],[13.340296,38.127778],[13.340198,38.127758]]]]}},{"type":"Feature","properties":{"UPL":"Notarbartolo - Giardino Inglese","Quartiere":"Libert\u00e0","circoscrizione":"VIII","n_sezioni":35,"totale_pop":5872,"totale_civici":1539,"area_km2":0.459,"dens_pop":12796.9,"dens_civici":3354.0,"bivar_lbl_modale":"2-2","col_modale":"#a5add3"},"geometry":{"type":"MultiPolygon","coordinates":[[[[13.352992,38.130981],[13.352882,38.130935],[13.352687,38.130862],[13.352715,38.130617],[13.352916,38.130313],[13.352203,38.130015],[13.352051,38.13025],[13.351987,38.130347],[13.351845,38.130569],[13.351634,38.130901],[13.351012,38.130631],[13.350913,38.130585],[13.350644,38.130834],[13.35062,38.130898],[13.350572,38.13103],[13.35052,38.130979],[13.349723,38.130814],[13.349407,38.130872],[13.348991,38.130841],[13.348576,38.130755],[13.348402,38.130665],[13.348118,38.130959],[13.34778,38.131296],[13.347632,38.13145],[13.347584,38.131519],[13.346384,38.131149],[13.345308,38.130739],[13.344515,38.130467],[13.343598,38.130158],[13.343065,38.129944],[13.342981,38.129933],[13.342931,38.129926],[13.342751,38.130375],[13.342592,38.130772],[13.342165,38.131815],[13.342398,38.13186],[13.342555,38.131899],[13.342103,38.132956],[13.342405,38.133076],[13.342776,38.133219],[13.343681,38.133555],[13.344718,38.133958],[13.345769,38.13436],[13.346092,38.134484],[13.347023,38.134836],[13.347676,38.135082],[13.348691,38.135454],[13.348953,38.135044],[13.35041,38.135643],[13.351012,38.134801],[13.351781,38.1352],[13.352303,38.13546],[13.352784,38.135712],[13.353134,38.135186],[13.353489,38.134641],[13.353941,38.133963],[13.354104,38.133709],[13.355311,38.131881],[13.354248,38.13147],[13.353494,38.131169],[13.352992,38.130981]]]]}},{"type":"Feature","properties":{"UPL":"Marchese di Villabianca - Sampolo","Quartiere":"Libert\u00e0","circoscrizione":"VIII","n_sezioni":55,"totale_pop":14316,"totale_civici":3230,"area_km2":0.736,"dens_pop":19453.2,"dens_civici":4389.1,"bivar_lbl_modale":"3-3","col_modale":"#3b4994"},"geometry":{"type":"MultiPolygon","coordinates":[[[[13.351781,38.1352],[13.351012,38.134801],[13.35041,38.135643],[13.350351,38.135767],[13.350031,38.136256],[13.349585,38.136894],[13.349159,38.137518],[13.348546,38.138427],[13.34784,38.139372],[13.347392,38.139988],[13.347044,38.140505],[13.346554,38.141239],[13.346116,38.141936],[13.345712,38.142549],[13.345304,38.143195],[13.345038,38.143696],[13.344641,38.144371],[13.344568,38.144497],[13.343241,38.146481],[13.343593,38.146703],[13.343723,38.146792],[13.343836,38.146869],[13.343931,38.146914],[13.344079,38.147035],[13.345738,38.148215],[13.346361,38.147714],[13.346625,38.147487],[13.346854,38.14733],[13.347221,38.146998],[13.347101,38.146836],[13.347394,38.146342],[13.347131,38.146001],[13.347099,38.145947],[13.347423,38.145551],[13.347578,38.145332],[13.34775,38.145392],[13.347974,38.145032],[13.3481,38.145082],[13.348258,38.145139],[13.34864,38.14462],[13.349102,38.143923],[13.350587,38.144566],[13.350749,38.14447],[13.350839,38.144399],[13.351026,38.144212],[13.351126,38.144105],[13.351205,38.143962],[13.351318,38.143792],[13.351359,38.143695],[13.351462,38.143444],[13.351551,38.14322],[13.351563,38.14312],[13.351845,38.142781],[13.352193,38.142372],[13.352257,38.14229],[13.35238,38.142131],[13.352637,38.141757],[13.352896,38.141382],[13.353294,38.14089],[13.353513,38.140463],[13.353804,38.14062],[13.353944,38.140429],[13.354343,38.139924],[13.354363,38.13987],[13.354476,38.139581],[13.354643,38.138755],[13.354652,38.138696],[13.35471,38.138298],[13.354789,38.137867],[13.354956,38.13751],[13.355308,38.137073],[13.35558,38.136671],[13.355252,38.13642],[13.355625,38.136075],[13.355916,38.135844],[13.356457,38.135409],[13.357537,38.134887],[13.357434,38.134792],[13.357028,38.13442],[13.356415,38.13406],[13.355732,38.133653],[13.35612,38.132198],[13.355311,38.131881],[13.354104,38.133709],[13.353941,38.133963],[13.353489,38.134641],[13.353134,38.135186],[13.352784,38.135712],[13.352303,38.13546],[13.351781,38.1352]]]]}},{"type":"Feature","properties":{"UPL":"Passo di Rigano","Quartiere":"Uditore - Passo di Rigano","circoscrizione":"V","n_sezioni":25,"totale_pop":12464,"totale_civici":2347,"area_km2":1.483,"dens_pop":8402.3,"dens_civici":1582.2,"bivar_lbl_modale":"1-1","col_modale":"#e8e8e8"},"geometry":{"type":"MultiPolygon","coordinates":[[[[13.312094,38.121893],[13.311867,38.121739],[13.310844,38.121308],[13.309301,38.120953],[13.307893,38.120569],[13.305708,38.120099],[13.306161,38.12042],[13.303034,38.124008],[13.302622,38.124482],[13.302343,38.125073],[13.302408,38.125773],[13.302473,38.126694],[13.303007,38.129273],[13.303158,38.129992],[13.303197,38.130194],[13.303239,38.130417],[13.303485,38.13062],[13.303892,38.130762],[13.305187,38.131317],[13.30644,38.131862],[13.307347,38.132315],[13.307828,38.132513],[13.30788,38.132535],[13.307982,38.132567],[13.309069,38.132982],[13.309449,38.133145],[13.310163,38.133449],[13.310204,38.133467],[13.310925,38.133783],[13.311009,38.13382],[13.311355,38.13396],[13.312077,38.134267],[13.312966,38.134667],[13.313771,38.13505],[13.314838,38.135507],[13.315345,38.135727],[13.315815,38.135917],[13.317051,38.136421],[13.31734,38.13612],[13.317113,38.136072],[13.317132,38.134003],[13.317243,38.133935],[13.317937,38.133854],[13.318347,38.13386],[13.318757,38.133869],[13.318871,38.133888],[13.318899,38.133269],[13.319194,38.133273],[13.319188,38.132808],[13.319107,38.132819],[13.318656,38.132913],[13.318195,38.133002],[13.317794,38.133088],[13.317453,38.133128],[13.317323,38.133146],[13.316662,38.133144],[13.316844,38.131363],[13.316851,38.131267],[13.316899,38.130519],[13.316195,38.130434],[13.31631,38.129811],[13.316491,38.12871],[13.317321,38.128503],[13.318303,38.128256],[13.318547,38.128242],[13.318772,38.128216],[13.318097,38.127831],[13.316798,38.127064],[13.316306,38.126848],[13.315906,38.126826],[13.31531,38.126817],[13.314914,38.1268],[13.314435,38.125885],[13.314173,38.125386],[13.313834,38.124903],[13.313121,38.123298],[13.312875,38.122853],[13.312549,38.12237],[13.312442,38.122189],[13.312094,38.121893]]]]}},{"type":"Feature","properties":{"UPL":"San Giovanni Apostolo","Quartiere":"Cruillas - S.Giovanni Apostolo","circoscrizione":"VI","n_sezioni":22,"totale_pop":12688,"totale_civici":1100,"area_km2":5.352,"dens_pop":2370.7,"dens_civici":205.5,"bivar_lbl_modale":"1-1","col_modale":"#e8e8e8"},"geometry":{"type":"MultiPolygon","coordinates":[[[[13.30519,38.132056],[13.304708,38.132124],[13.304052,38.132277],[13.30371,38.132129],[13.303465,38.132071],[13.303282,38.132032],[13.30315,38.132001],[13.303019,38.132064],[13.302866,38.132079],[13.302554,38.132255],[13.302346,38.13267],[13.299257,38.13623],[13.298093,38.137645],[13.297963,38.137793],[13.297876,38.137891],[13.297551,38.138268],[13.297492,38.138338],[13.297376,38.13849],[13.297247,38.138648],[13.297033,38.138917],[13.296545,38.139106],[13.296286,38.139192],[13.2962,38.139254],[13.296099,38.139345],[13.295984,38.139844],[13.295963,38.139967],[13.295779,38.141218],[13.295852,38.141323],[13.296007,38.141327],[13.295725,38.141563],[13.295363,38.141698],[13.295398,38.141755],[13.295739,38.141863],[13.295896,38.141988],[13.296094,38.1423],[13.295405,38.142574],[13.295234,38.142723],[13.2954,38.143001],[13.295777,38.143035],[13.296436,38.143011],[13.296559,38.143314],[13.294573,38.144749],[13.293792,38.145252],[13.293043,38.144758],[13.293105,38.143772],[13.292801,38.143452],[13.292836,38.143024],[13.293882,38.141919],[13.294096,38.141994],[13.29397,38.142402],[13.294086,38.142587],[13.29422,38.142582],[13.294466,38.142419],[13.294825,38.141927],[13.294329,38.141662],[13.294571,38.141274],[13.294863,38.141137],[13.294081,38.141181],[13.288986,38.141134],[13.285626,38.141107],[13.273032,38.145071],[13.262664,38.141845],[13.254744,38.139456],[13.254891,38.139528],[13.255632,38.140001],[13.255884,38.140446],[13.255949,38.141088],[13.256153,38.14163],[13.256673,38.142314],[13.25724,38.142955],[13.258214,38.143708],[13.259337,38.144509],[13.260243,38.14526],[13.260641,38.146249],[13.261054,38.147135],[13.261941,38.147765],[13.262783,38.148766],[13.26335,38.149461],[13.263773,38.149909],[13.264625,38.150045],[13.264704,38.1502],[13.265001,38.150153],[13.265573,38.15017],[13.266405,38.150266],[13.266774,38.150272],[13.267222,38.150217],[13.26771,38.150086],[13.267913,38.150104],[13.268142,38.150253],[13.268669,38.150545],[13.269111,38.150743],[13.269255,38.150783],[13.269556,38.150788],[13.269597,38.150689],[13.269599,38.150597],[13.269631,38.150498],[13.269743,38.150262],[13.270236,38.150353],[13.270525,38.150415],[13.270756,38.150518],[13.270849,38.150673],[13.271353,38.150676],[13.271858,38.15068],[13.272196,38.150746],[13.272394,38.150971],[13.272462,38.150995],[13.273102,38.151005],[13.27333,38.151185],[13.273558,38.151387],[13.27374,38.15152],[13.273962,38.15155],[13.274049,38.151582],[13.274157,38.151515],[13.274267,38.151378],[13.274269,38.151286],[13.274458,38.151075],[13.274797,38.151133],[13.2749,38.151257],[13.27512,38.151395],[13.27534,38.151532],[13.275328,38.151647],[13.275333,38.151839],[13.275436,38.152009],[13.275628,38.152065],[13.275695,38.152112],[13.275999,38.152002],[13.276491,38.152086],[13.27658,38.152049],[13.276754,38.152051],[13.276842,38.152029],[13.277144,38.15198],[13.277349,38.15193],[13.277562,38.151952],[13.277966,38.152096],[13.278206,38.152184],[13.278476,38.152249],[13.278785,38.15233],[13.279056,38.152365],[13.279272,38.152253],[13.279336,38.152193],[13.279401,38.152132],[13.279656,38.152021],[13.279735,38.15193],[13.27983,38.151617],[13.279849,38.151442],[13.279867,38.15128],[13.279902,38.151028],[13.279886,38.150894],[13.279765,38.150662],[13.279711,38.150508],[13.279931,38.150333],[13.280233,38.150178],[13.280407,38.150182],[13.280853,38.150195],[13.281116,38.150172],[13.281378,38.150149],[13.281914,38.150065],[13.282398,38.15008],[13.283067,38.150135],[13.283444,38.150185],[13.283705,38.150218],[13.284121,38.150262],[13.284676,38.150176],[13.285017,38.150122],[13.285433,38.150174],[13.28586,38.15018],[13.286237,38.150239],[13.28669,38.150338],[13.287039,38.150358],[13.287324,38.150406],[13.287609,38.150455],[13.28816,38.150532],[13.288576,38.150614],[13.288875,38.150665],[13.289351,38.150664],[13.289806,38.150694],[13.290218,38.150729],[13.290665,38.150806],[13.290877,38.15088],[13.291165,38.150965],[13.291546,38.151099],[13.291851,38.151225],[13.292236,38.151397],[13.292357,38.151455],[13.292376,38.151373],[13.292395,38.15129],[13.292372,38.150845],[13.292348,38.150379],[13.292379,38.150286],[13.292394,38.150238],[13.292565,38.150233],[13.292684,38.150269],[13.292971,38.150401],[13.2933,38.150581],[13.293665,38.150695],[13.29403,38.150788],[13.294191,38.150817],[13.294353,38.150846],[13.294547,38.15093],[13.294861,38.150995],[13.295117,38.151019],[13.295246,38.15096],[13.295385,38.150895],[13.295462,38.150883],[13.295547,38.150897],[13.295575,38.150919],[13.295807,38.151093],[13.295914,38.151151],[13.296102,38.151253],[13.296407,38.151365],[13.296866,38.151453],[13.296848,38.151176],[13.296829,38.150845],[13.29683,38.150616],[13.296827,38.150562],[13.296585,38.150426],[13.296149,38.150187],[13.296561,38.149554],[13.295864,38.14916],[13.295684,38.148669],[13.296117,38.148373],[13.29737,38.148984],[13.298536,38.149489],[13.300056,38.149314],[13.300693,38.149183],[13.301596,38.149592],[13.301894,38.150073],[13.302448,38.151591],[13.302733,38.152642],[13.30318,38.152772],[13.303406,38.152837],[13.303403,38.152965],[13.303087,38.15291],[13.302743,38.152851],[13.302357,38.152916],[13.301915,38.15299],[13.301616,38.15316],[13.301178,38.153666],[13.30086,38.154032],[13.30061,38.154786],[13.300679,38.154928],[13.300852,38.154879],[13.300902,38.155025],[13.300721,38.155164],[13.301822,38.155918],[13.30204,38.155595],[13.301791,38.155354],[13.302375,38.154954],[13.302031,38.154756],[13.302026,38.154578],[13.302289,38.154589],[13.303471,38.154331],[13.30361,38.154415],[13.304108,38.154452],[13.304581,38.154347],[13.30489,38.153988],[13.304758,38.1536],[13.304236,38.153377],[13.304203,38.153191],[13.304403,38.153082],[13.304906,38.153305],[13.305155,38.153524],[13.305308,38.153816],[13.305121,38.154169],[13.3046,38.154734],[13.304262,38.154692],[13.30385,38.154619],[13.303873,38.154778],[13.30389,38.154902],[13.303808,38.155212],[13.304706,38.155441],[13.304491,38.155786],[13.304055,38.156322],[13.304356,38.156757],[13.304449,38.156801],[13.304914,38.157018],[13.305148,38.157088],[13.30518,38.157049],[13.305418,38.156765],[13.307815,38.157691],[13.309306,38.158299],[13.309531,38.158115],[13.30969,38.157985],[13.310181,38.157896],[13.311067,38.158235],[13.311248,38.158126],[13.311736,38.158208],[13.312769,38.15748],[13.312499,38.156919],[13.312234,38.156982],[13.310923,38.157134],[13.310948,38.156889],[13.311718,38.156537],[13.311288,38.15558],[13.311014,38.15565],[13.310851,38.155351],[13.310583,38.154322],[13.310534,38.154236],[13.310077,38.153431],[13.309644,38.153032],[13.308934,38.153049],[13.308694,38.153055],[13.308322,38.152842],[13.308026,38.15263],[13.307566,38.152185],[13.307327,38.151951],[13.307242,38.151534],[13.307406,38.151366],[13.30752,38.151016],[13.307558,38.1509],[13.307168,38.150278],[13.307089,38.150121],[13.306781,38.149508],[13.306396,38.149094],[13.305898,38.148656],[13.305705,38.148664],[13.305139,38.148948],[13.304907,38.148526],[13.305104,38.148443],[13.305182,38.1484],[13.304957,38.148113],[13.305368,38.147912],[13.30501,38.147454],[13.304901,38.147424],[13.305146,38.146997],[13.305498,38.146831],[13.305845,38.146881],[13.306483,38.146276],[13.306547,38.146215],[13.306518,38.145829],[13.306348,38.145477],[13.306177,38.145103],[13.30678,38.144595],[13.306724,38.144528],[13.306628,38.144388],[13.306527,38.14424],[13.307386,38.14371],[13.307563,38.143517],[13.307044,38.142599],[13.306659,38.142593],[13.30647,38.142219],[13.306738,38.14203],[13.306304,38.141259],[13.306831,38.141066],[13.308192,38.14033],[13.308626,38.141467],[13.310608,38.140761],[13.310828,38.140685],[13.311091,38.140596],[13.312393,38.140141],[13.312525,38.140114],[13.312729,38.140079],[13.31357,38.13994],[13.313825,38.13989],[13.314215,38.139813],[13.314052,38.139306],[13.313831,38.138645],[13.31379,38.138293],[13.313744,38.137988],[13.313699,38.13767],[13.31363,38.13693],[13.313623,38.13684],[13.313525,38.136251],[13.313554,38.13611],[13.313557,38.135978],[13.313586,38.135816],[13.313645,38.135494],[13.313771,38.13505],[13.312966,38.134667],[13.312077,38.134267],[13.311355,38.13396],[13.311009,38.13382],[13.310925,38.133783],[13.310204,38.133467],[13.310163,38.133449],[13.309449,38.133145],[13.309069,38.132982],[13.307982,38.132567],[13.30788,38.132535],[13.307828,38.132513],[13.307347,38.132315],[13.30644,38.131862],[13.30527,38.132045],[13.30519,38.132056]]]]}},{"type":"Feature","properties":{"UPL":"Altarello - Tasca Lanza","Quartiere":"Altarello","circoscrizione":"IV","n_sezioni":24,"totale_pop":14931,"totale_civici":3417,"area_km2":1.768,"dens_pop":8444.0,"dens_civici":1932.4,"bivar_lbl_modale":"3-3","col_modale":"#3b4994"},"geometry":{"type":"MultiPolygon","coordinates":[[[[13.32989,38.109919],[13.329961,38.109218],[13.329973,38.109106],[13.329981,38.109037],[13.330022,38.108617],[13.330048,38.108328],[13.330086,38.107966],[13.33016,38.107284],[13.330163,38.107202],[13.330209,38.10671],[13.330227,38.106529],[13.330056,38.106499],[13.329467,38.106372],[13.329077,38.106279],[13.328815,38.106212],[13.328245,38.106057],[13.328181,38.105992],[13.327952,38.105901],[13.328054,38.105731],[13.328048,38.105623],[13.32785,38.105549],[13.327596,38.105434],[13.327343,38.105279],[13.327243,38.105206],[13.326753,38.104928],[13.326199,38.104732],[13.325791,38.104608],[13.325247,38.104466],[13.324702,38.104369],[13.324395,38.104335],[13.324201,38.104315],[13.323617,38.104215],[13.323474,38.104189],[13.323074,38.104127],[13.322574,38.104055],[13.322501,38.104044],[13.322348,38.104019],[13.3218,38.10394],[13.321414,38.103859],[13.321258,38.10387],[13.321153,38.103858],[13.320961,38.103836],[13.320841,38.103827],[13.320404,38.103775],[13.319754,38.103673],[13.319506,38.103637],[13.319446,38.10363],[13.318881,38.10356],[13.317902,38.103435],[13.317595,38.103741],[13.317047,38.104288],[13.316508,38.104768],[13.31547,38.105303],[13.315618,38.105352],[13.316745,38.105722],[13.316841,38.105865],[13.315752,38.106486],[13.316576,38.107442],[13.316267,38.107469],[13.316176,38.107491],[13.315596,38.107632],[13.314892,38.107929],[13.314377,38.108134],[13.314734,38.10854],[13.314662,38.109485],[13.315463,38.109539],[13.315399,38.109803],[13.315554,38.109816],[13.316122,38.109875],[13.316974,38.109959],[13.317387,38.110006],[13.318343,38.110071],[13.318535,38.110073],[13.318602,38.110074],[13.319067,38.110112],[13.319324,38.110177],[13.319454,38.110148],[13.320113,38.110219],[13.320449,38.110223],[13.320261,38.110774],[13.318904,38.114738],[13.318633,38.115351],[13.318111,38.116903],[13.317628,38.11786],[13.317206,38.118948],[13.31773,38.119108],[13.317941,38.119177],[13.318097,38.119252],[13.318291,38.119344],[13.318432,38.119434],[13.318486,38.119472],[13.318645,38.119583],[13.318762,38.119656],[13.318931,38.119757],[13.319304,38.119897],[13.319553,38.119919],[13.319693,38.119941],[13.320115,38.119966],[13.320973,38.120025],[13.321345,38.12002],[13.322062,38.120029],[13.322195,38.120029],[13.322336,38.12003],[13.322393,38.120031],[13.322724,38.120027],[13.323818,38.119956],[13.324284,38.119898],[13.324415,38.11987],[13.324738,38.119832],[13.324879,38.119795],[13.324952,38.11979],[13.325101,38.119765],[13.325806,38.119707],[13.326425,38.119625],[13.327378,38.119536],[13.327922,38.119471],[13.328316,38.119416],[13.328739,38.119409],[13.328792,38.11897],[13.3288,38.118871],[13.328869,38.118198],[13.328945,38.117641],[13.328978,38.117405],[13.329052,38.116831],[13.329113,38.116342],[13.329168,38.115984],[13.329183,38.11584],[13.32921,38.115646],[13.32926,38.115301],[13.329266,38.11525],[13.329274,38.115102],[13.329339,38.114591],[13.329406,38.114048],[13.329464,38.1136],[13.329656,38.112188],[13.329701,38.111736],[13.329757,38.111189],[13.32978,38.111026],[13.329818,38.110624],[13.329832,38.110479],[13.32989,38.109919]]]]}},{"type":"Feature","properties":{"UPL":"Borgo Nuovo","Quartiere":"Borgo Nuovo","circoscrizione":"V","n_sezioni":42,"totale_pop":19423,"totale_civici":2705,"area_km2":10.821,"dens_pop":1794.9,"dens_civici":250.0,"bivar_lbl_modale":"1-1","col_modale":"#e8e8e8"},"geometry":{"type":"MultiPolygon","coordinates":[[[[13.297131,38.117162],[13.29554,38.116701],[13.292592,38.116943],[13.293009,38.117325],[13.292778,38.117298],[13.292425,38.117316],[13.292172,38.117361],[13.291778,38.117434],[13.291415,38.117445],[13.290971,38.117389],[13.290739,38.117404],[13.290203,38.117422],[13.28968,38.117581],[13.289205,38.117805],[13.288672,38.118013],[13.288223,38.118225],[13.289224,38.118208],[13.289404,38.118151],[13.29034,38.117972],[13.29008,38.118142],[13.289794,38.118344],[13.289608,38.118533],[13.289523,38.118714],[13.289343,38.119126],[13.289243,38.119522],[13.289155,38.119831],[13.289078,38.1201],[13.288923,38.120305],[13.288473,38.120609],[13.288228,38.120756],[13.288152,38.120782],[13.28774,38.120924],[13.287367,38.120983],[13.287064,38.12101],[13.286671,38.12102],[13.286549,38.121058],[13.286427,38.121128],[13.286283,38.121245],[13.28604,38.121423],[13.28178,38.122878],[13.280195,38.123125],[13.279467,38.123216],[13.278179,38.123568],[13.277103,38.123957],[13.276681,38.123748],[13.276345,38.123507],[13.275197,38.123322],[13.274603,38.123144],[13.273965,38.123067],[13.272909,38.122613],[13.272067,38.122129],[13.27131,38.121612],[13.270554,38.121128],[13.269886,38.120477],[13.26977,38.11997],[13.269616,38.119259],[13.269203,38.118679],[13.268752,38.117914],[13.266527,38.118151],[13.265068,38.118467],[13.263864,38.118854],[13.262921,38.119042],[13.256054,38.120627],[13.252639,38.122253],[13.252655,38.122293],[13.251976,38.123903],[13.251481,38.125078],[13.250938,38.125855],[13.25032,38.126854],[13.250039,38.127707],[13.249766,38.128604],[13.249137,38.12935],[13.249038,38.129468],[13.248932,38.129593],[13.24832,38.130403],[13.248228,38.131375],[13.248327,38.132475],[13.248383,38.133495],[13.248359,38.135],[13.248794,38.135835],[13.249896,38.136048],[13.250782,38.136196],[13.251445,38.136622],[13.251876,38.137232],[13.252304,38.137897],[13.252349,38.137967],[13.252929,38.138527],[13.253751,38.13897],[13.254332,38.139255],[13.254744,38.139456],[13.262664,38.141845],[13.273032,38.145071],[13.285626,38.141107],[13.288986,38.141134],[13.294081,38.141181],[13.294863,38.141137],[13.294921,38.141138],[13.29537,38.141152],[13.295779,38.141218],[13.295963,38.139967],[13.295984,38.139844],[13.296099,38.139345],[13.2962,38.139254],[13.296286,38.139192],[13.296545,38.139106],[13.297033,38.138917],[13.297247,38.138648],[13.297376,38.13849],[13.297492,38.138338],[13.297551,38.138268],[13.297876,38.137891],[13.297963,38.137793],[13.298093,38.137645],[13.299257,38.13623],[13.302346,38.13267],[13.302554,38.132255],[13.302866,38.132079],[13.303019,38.132064],[13.30315,38.132001],[13.303282,38.132032],[13.303465,38.132071],[13.30371,38.132129],[13.304052,38.132277],[13.304708,38.132124],[13.30519,38.132056],[13.30527,38.132045],[13.30644,38.131862],[13.305187,38.131317],[13.303892,38.130762],[13.303485,38.13062],[13.303239,38.130417],[13.303197,38.130194],[13.303158,38.129992],[13.303007,38.129273],[13.302473,38.126694],[13.302408,38.125773],[13.302343,38.125073],[13.302622,38.124482],[13.303034,38.124008],[13.306161,38.12042],[13.305708,38.120099],[13.305582,38.120006],[13.304883,38.119743],[13.303532,38.11946],[13.301364,38.119004],[13.30113,38.118947],[13.299932,38.118657],[13.299424,38.11834],[13.29835,38.117524],[13.29762,38.117176],[13.297179,38.117022],[13.297131,38.117162]]]]}},{"type":"Feature","properties":{"UPL":"Acquasanta","Quartiere":"Montepellegrino","circoscrizione":"VIII","n_sezioni":9,"totale_pop":2844,"totale_civici":991,"area_km2":0.454,"dens_pop":6269.9,"dens_civici":2184.8,"bivar_lbl_modale":"2-2","col_modale":"#a5add3"},"geometry":{"type":"MultiPolygon","coordinates":[[[[13.368059,38.144466],[13.367803,38.144165],[13.367628,38.143978],[13.367565,38.143885],[13.367329,38.143565],[13.367253,38.143474],[13.367188,38.143346],[13.366978,38.142426],[13.36683,38.141774],[13.366953,38.141557],[13.367317,38.140923],[13.367459,38.140647],[13.367555,38.140414],[13.367707,38.139904],[13.367698,38.138994],[13.367122,38.138894],[13.366259,38.138737],[13.366091,38.138708],[13.365695,38.138623],[13.365221,38.138524],[13.3651,38.138866],[13.364994,38.139163],[13.365575,38.139222],[13.365377,38.140382],[13.36536,38.140482],[13.365332,38.140645],[13.365152,38.141377],[13.364693,38.143231],[13.364552,38.14416],[13.363611,38.144018],[13.363415,38.144016],[13.363424,38.144341],[13.363469,38.144898],[13.363554,38.145917],[13.363682,38.147461],[13.363692,38.147626],[13.363765,38.148697],[13.363945,38.149847],[13.36395,38.150239],[13.364389,38.151053],[13.365249,38.150723],[13.365743,38.150507],[13.366028,38.150691],[13.366095,38.150734],[13.366465,38.150584],[13.366696,38.150342],[13.366823,38.149971],[13.366845,38.149902],[13.367063,38.149683],[13.367492,38.149254],[13.368079,38.148653],[13.368333,38.148256],[13.368763,38.147541],[13.369588,38.14655],[13.369868,38.146247],[13.370025,38.146242],[13.370099,38.146461],[13.37156,38.146135],[13.371445,38.146075],[13.371403,38.145934],[13.37181,38.145739],[13.372927,38.145118],[13.373188,38.144769],[13.373329,38.144464],[13.373243,38.144334],[13.37284,38.145023],[13.371346,38.145827],[13.371202,38.145577],[13.371176,38.145447],[13.371074,38.145328],[13.371106,38.145234],[13.371197,38.145153],[13.37108,38.145057],[13.371005,38.145092],[13.370977,38.145009],[13.370889,38.144937],[13.370861,38.144842],[13.370729,38.144758],[13.370626,38.144674],[13.370598,38.144603],[13.370463,38.144625],[13.370396,38.144516],[13.370153,38.1447],[13.370029,38.144591],[13.369656,38.144496],[13.36936,38.144494],[13.369084,38.144599],[13.368716,38.144712],[13.368383,38.144706],[13.368243,38.144635],[13.368059,38.144466]]]]}},{"type":"Feature","properties":{"UPL":"Leonardo da Vinci - Di Blasi","Quartiere":"Uditore - Passo di Rigano","circoscrizione":"V","n_sezioni":20,"totale_pop":8296,"totale_civici":1327,"area_km2":1.124,"dens_pop":7378.1,"dens_civici":1180.2,"bivar_lbl_modale":"1-1","col_modale":"#e8e8e8"},"geometry":{"type":"MultiPolygon","coordinates":[[[[13.320973,38.120025],[13.320115,38.119966],[13.319693,38.119941],[13.319553,38.119919],[13.319304,38.119897],[13.318931,38.119757],[13.318762,38.119656],[13.318645,38.119583],[13.318486,38.119472],[13.318432,38.119434],[13.318291,38.119344],[13.318097,38.119252],[13.317941,38.119177],[13.31773,38.119108],[13.317206,38.118948],[13.315473,38.120189],[13.315333,38.12126],[13.313122,38.121583],[13.312728,38.121774],[13.312423,38.121739],[13.312094,38.121893],[13.312442,38.122189],[13.312549,38.12237],[13.312875,38.122853],[13.313121,38.123298],[13.313834,38.124903],[13.314173,38.125386],[13.314435,38.125885],[13.314914,38.1268],[13.31531,38.126817],[13.315906,38.126826],[13.316306,38.126848],[13.31698,38.126869],[13.317035,38.12687],[13.317242,38.126872],[13.317549,38.126865],[13.318192,38.1269],[13.319757,38.126941],[13.31994,38.126946],[13.320777,38.126969],[13.3213,38.126983],[13.322494,38.127016],[13.322711,38.127022],[13.32311,38.127073],[13.323725,38.127209],[13.324362,38.12737],[13.325243,38.12759],[13.325499,38.127648],[13.325948,38.127762],[13.326177,38.127817],[13.326728,38.127927],[13.327434,38.128099],[13.327901,38.128222],[13.328388,38.128348],[13.328564,38.128395],[13.32983,38.1287],[13.329764,38.128147],[13.329691,38.127633],[13.329638,38.127122],[13.329585,38.126633],[13.329552,38.126391],[13.329528,38.126144],[13.329503,38.125884],[13.329435,38.125386],[13.329376,38.124961],[13.329308,38.124468],[13.329283,38.124311],[13.329226,38.123872],[13.329163,38.123447],[13.329156,38.123366],[13.32914,38.123204],[13.329112,38.12294],[13.329079,38.122635],[13.329058,38.122442],[13.328998,38.121858],[13.328903,38.121161],[13.328893,38.121115],[13.328839,38.120549],[13.328773,38.119872],[13.328758,38.119656],[13.328739,38.119409],[13.328316,38.119416],[13.327922,38.119471],[13.327378,38.119536],[13.326425,38.119625],[13.325806,38.119707],[13.325101,38.119765],[13.324952,38.11979],[13.324879,38.119795],[13.324738,38.119832],[13.324415,38.11987],[13.324284,38.119898],[13.323818,38.119956],[13.322724,38.120027],[13.322393,38.120031],[13.322336,38.12003],[13.322195,38.120029],[13.322062,38.120029],[13.321345,38.12002],[13.320973,38.120025]]]]}},{"type":"Feature","properties":{"UPL":"Uditore","Quartiere":"Uditore - Passo di Rigano","circoscrizione":"V","n_sezioni":21,"totale_pop":9485,"totale_civici":2384,"area_km2":1.383,"dens_pop":6860.0,"dens_civici":1724.2,"bivar_lbl_modale":"1-1","col_modale":"#e8e8e8"},"geometry":{"type":"MultiPolygon","coordinates":[[[[13.326177,38.127817],[13.325948,38.127762],[13.325499,38.127648],[13.325243,38.12759],[13.324362,38.12737],[13.323725,38.127209],[13.32311,38.127073],[13.322711,38.127022],[13.322494,38.127016],[13.3213,38.126983],[13.320777,38.126969],[13.31994,38.126946],[13.319757,38.126941],[13.318192,38.1269],[13.317549,38.126865],[13.317242,38.126872],[13.317035,38.12687],[13.31698,38.126869],[13.316306,38.126848],[13.316798,38.127064],[13.318097,38.127831],[13.318772,38.128216],[13.318547,38.128242],[13.318303,38.128256],[13.317321,38.128503],[13.316491,38.12871],[13.31631,38.129811],[13.316195,38.130434],[13.316899,38.130519],[13.316851,38.131267],[13.316844,38.131363],[13.316662,38.133144],[13.317323,38.133146],[13.317453,38.133128],[13.317794,38.133088],[13.318195,38.133002],[13.318656,38.132913],[13.319107,38.132819],[13.319188,38.132808],[13.319194,38.133273],[13.318899,38.133269],[13.318871,38.133888],[13.318757,38.133869],[13.318347,38.13386],[13.317937,38.133854],[13.317243,38.133935],[13.317132,38.134003],[13.317113,38.136072],[13.31734,38.13612],[13.317051,38.136421],[13.317371,38.136553],[13.317687,38.136681],[13.318157,38.136817],[13.31837,38.136878],[13.318928,38.136996],[13.319125,38.137038],[13.31947,38.137102],[13.320967,38.137461],[13.32152,38.137594],[13.322676,38.13788],[13.323534,38.138083],[13.325607,38.138587],[13.326181,38.13868],[13.328594,38.139302],[13.330189,38.139602],[13.33058,38.139689],[13.331223,38.139831],[13.3312,38.139653],[13.331146,38.139237],[13.331089,38.138804],[13.330997,38.138073],[13.330903,38.137356],[13.330764,38.136321],[13.330752,38.136123],[13.330704,38.135859],[13.330666,38.135649],[13.330522,38.134218],[13.330334,38.133004],[13.330315,38.132861],[13.330191,38.131744],[13.330105,38.131049],[13.329968,38.130073],[13.329919,38.129692],[13.32983,38.1287],[13.328564,38.128395],[13.328388,38.128348],[13.327901,38.128222],[13.327434,38.128099],[13.326728,38.127927],[13.326177,38.127817]]]]}},{"type":"Feature","properties":{"UPL":"Villa Tasca","Quartiere":"Mezzomonreale - Villa Tasca","circoscrizione":"IV","n_sezioni":20,"totale_pop":8903,"totale_civici":1543,"area_km2":0.481,"dens_pop":18505.1,"dens_civici":3207.2,"bivar_lbl_modale":"2-2","col_modale":"#a5add3"},"geometry":{"type":"MultiPolygon","coordinates":[[[[13.337454,38.098703],[13.337206,38.098453],[13.337073,38.098296],[13.336784,38.097924],[13.336704,38.097842],[13.336421,38.097541],[13.336332,38.097306],[13.336205,38.097022],[13.336177,38.096519],[13.336182,38.096429],[13.336183,38.096024],[13.335965,38.096257],[13.335683,38.096438],[13.335357,38.096716],[13.335006,38.097008],[13.334399,38.097522],[13.334272,38.097644],[13.33364,38.098248],[13.332542,38.099162],[13.331764,38.100158],[13.331658,38.100293],[13.331259,38.10083],[13.331091,38.101044],[13.330922,38.101266],[13.330778,38.101452],[13.330759,38.101569],[13.33073,38.101724],[13.330657,38.102136],[13.330609,38.102408],[13.330548,38.102766],[13.33049,38.103097],[13.330479,38.103241],[13.330442,38.103738],[13.330408,38.104194],[13.330375,38.104637],[13.330345,38.105034],[13.330336,38.105152],[13.330326,38.105305],[13.330316,38.105404],[13.330302,38.105536],[13.330282,38.105743],[13.330268,38.105951],[13.330253,38.10615],[13.330227,38.106529],[13.331024,38.106666],[13.331718,38.106821],[13.332016,38.106962],[13.33278,38.107115],[13.333426,38.107321],[13.333552,38.106357],[13.333594,38.105873],[13.333604,38.105792],[13.33364,38.105484],[13.333706,38.104921],[13.333711,38.104874],[13.333758,38.104516],[13.334255,38.10471],[13.334387,38.104766],[13.334564,38.104842],[13.334715,38.104895],[13.33503,38.104496],[13.335188,38.104301],[13.335278,38.104185],[13.335547,38.103847],[13.335669,38.103721],[13.335856,38.103489],[13.336081,38.103206],[13.336405,38.102784],[13.336658,38.102536],[13.336869,38.102325],[13.337093,38.102092],[13.337415,38.101792],[13.337631,38.10164],[13.337795,38.101498],[13.337856,38.101348],[13.338011,38.101139],[13.338104,38.100999],[13.338487,38.10078],[13.338758,38.100621],[13.338711,38.100506],[13.339427,38.100339],[13.339298,38.10008],[13.339269,38.100026],[13.338689,38.099644],[13.338166,38.098958],[13.33783,38.098518],[13.337454,38.098703]]]]}},{"type":"Feature","properties":{"UPL":"Patti - Villaggio Ruffini","Quartiere":"Pallavicino","circoscrizione":"VII","n_sezioni":12,"totale_pop":3907,"totale_civici":1289,"area_km2":1.327,"dens_pop":2943.6,"dens_civici":971.2,"bivar_lbl_modale":"1-1","col_modale":"#e8e8e8"},"geometry":{"type":"MultiPolygon","coordinates":[[[[13.328309,38.169423],[13.328466,38.169036],[13.328613,38.168745],[13.328478,38.168694],[13.328562,38.168346],[13.32724,38.167696],[13.328338,38.166182],[13.328472,38.166026],[13.32861,38.165864],[13.328525,38.165842],[13.328303,38.165782],[13.326231,38.164615],[13.326196,38.164729],[13.325896,38.164934],[13.325477,38.1649],[13.324853,38.164846],[13.324415,38.164804],[13.323921,38.164764],[13.323162,38.164688],[13.322926,38.164656],[13.321543,38.164515],[13.32063,38.164429],[13.319764,38.16433],[13.319059,38.164239],[13.318933,38.164222],[13.31897,38.164388],[13.318923,38.164367],[13.318807,38.164443],[13.318633,38.164576],[13.318337,38.164879],[13.318062,38.165252],[13.31794,38.165458],[13.317561,38.166041],[13.317185,38.166521],[13.316941,38.166854],[13.31683,38.166993],[13.316214,38.167777],[13.315746,38.168384],[13.315362,38.168875],[13.315114,38.169195],[13.314951,38.169408],[13.314617,38.169848],[13.314561,38.169919],[13.314374,38.170159],[13.314177,38.170418],[13.313956,38.170711],[13.313633,38.171139],[13.312789,38.17217],[13.314401,38.173035],[13.315699,38.173737],[13.316561,38.174237],[13.31591,38.174912],[13.315608,38.175265],[13.315528,38.175349],[13.316124,38.17573],[13.315956,38.175921],[13.316129,38.176063],[13.315976,38.176382],[13.316243,38.176503],[13.316969,38.176836],[13.317738,38.177182],[13.318391,38.177477],[13.318529,38.177544],[13.318684,38.17762],[13.319007,38.177766],[13.319315,38.177907],[13.319691,38.178074],[13.320137,38.178278],[13.320192,38.178302],[13.320356,38.178067],[13.320833,38.177448],[13.321187,38.177086],[13.321748,38.176492],[13.322139,38.176074],[13.322273,38.175954],[13.322524,38.17579],[13.32271,38.175621],[13.322822,38.175522],[13.322981,38.175426],[13.323135,38.17533],[13.323329,38.175206],[13.323541,38.175068],[13.323741,38.174943],[13.323942,38.17481],[13.324149,38.174676],[13.32428,38.17459],[13.324507,38.174446],[13.324736,38.174298],[13.324883,38.174118],[13.324968,38.174045],[13.325054,38.173973],[13.325262,38.173829],[13.325567,38.173524],[13.32585,38.173381],[13.326151,38.173194],[13.326265,38.173122],[13.326736,38.172894],[13.326794,38.172872],[13.326924,38.172823],[13.327038,38.172721],[13.327167,38.172463],[13.327295,38.172317],[13.327358,38.17213],[13.327459,38.171825],[13.327509,38.17167],[13.327664,38.171205],[13.327744,38.170963],[13.327845,38.170694],[13.327926,38.170467],[13.328057,38.170091],[13.328158,38.169795],[13.328309,38.169423]]]]}},{"type":"Feature","properties":{"UPL":"Ciaculli Croce Verde","Quartiere":"Brancaccio - Ciaculli","circoscrizione":"II","n_sezioni":16,"totale_pop":7420,"totale_civici":2544,"area_km2":10.795,"dens_pop":687.3,"dens_civici":235.7,"bivar_lbl_modale":"1-1","col_modale":"#e8e8e8"},"geometry":{"type":"MultiPolygon","coordinates":[[[[13.425149,38.061963],[13.425132,38.062009],[13.425066,38.062192],[13.424966,38.062456],[13.42495,38.062502],[13.42474,38.062717],[13.42467,38.062787],[13.424422,38.06209],[13.42391,38.061551],[13.42334,38.061572],[13.422608,38.061735],[13.422007,38.061582],[13.421674,38.061171],[13.421752,38.060713],[13.422022,38.060284],[13.422087,38.059922],[13.421937,38.0595],[13.421432,38.059104],[13.420609,38.059275],[13.41987,38.059677],[13.419447,38.060246],[13.418359,38.05999],[13.417249,38.059667],[13.416298,38.059928],[13.415611,38.060062],[13.415285,38.059822],[13.415133,38.05945],[13.414424,38.059062],[13.413569,38.059027],[13.412667,38.059074],[13.411772,38.058811],[13.410427,38.058875],[13.409948,38.058875],[13.409196,38.058903],[13.408764,38.059356],[13.408142,38.059627],[13.407548,38.059699],[13.406579,38.059695],[13.405843,38.059497],[13.404956,38.059413],[13.404119,38.059625],[13.403122,38.059901],[13.402467,38.060146],[13.402344,38.06052],[13.402427,38.0609],[13.402022,38.061239],[13.401528,38.061375],[13.401305,38.061689],[13.401405,38.062294],[13.401626,38.062686],[13.401457,38.063116],[13.400635,38.063102],[13.399689,38.063164],[13.399252,38.063302],[13.399104,38.063416],[13.398649,38.06377],[13.398317,38.064341],[13.397679,38.06491],[13.396997,38.065287],[13.396349,38.065739],[13.396016,38.06631],[13.395387,38.066473],[13.394575,38.066589],[13.393707,38.066631],[13.392612,38.066239],[13.39162,38.06615],[13.390876,38.066331],[13.390043,38.066916],[13.389488,38.067221],[13.388405,38.067252],[13.388029,38.067316],[13.387146,38.067462],[13.386374,38.067855],[13.385521,38.068256],[13.384625,38.068564],[13.384572,38.068881],[13.38457,38.069001],[13.384358,38.069163],[13.384299,38.069267],[13.384482,38.069539],[13.384765,38.069603],[13.384858,38.069664],[13.385047,38.069666],[13.38531,38.06979],[13.385135,38.072558],[13.385356,38.07283],[13.386313,38.074116],[13.386771,38.074782],[13.386653,38.075001],[13.386641,38.075121],[13.38659,38.075307],[13.386493,38.075373],[13.386347,38.075558],[13.3864,38.075746],[13.386407,38.075836],[13.386414,38.075956],[13.386544,38.076108],[13.386729,38.076305],[13.386782,38.07644],[13.386749,38.076679],[13.386885,38.076928],[13.387017,38.076968],[13.387195,38.077052],[13.387219,38.077233],[13.387258,38.077652],[13.387265,38.077765],[13.387196,38.077887],[13.387154,38.078044],[13.387142,38.078171],[13.387186,38.078337],[13.387334,38.078496],[13.387483,38.078603],[13.387595,38.078672],[13.387754,38.078756],[13.388135,38.079083],[13.388313,38.079168],[13.38849,38.079283],[13.388451,38.079361],[13.38832,38.079734],[13.388134,38.079993],[13.388,38.080044],[13.387949,38.080208],[13.387768,38.080288],[13.387476,38.080216],[13.387352,38.080244],[13.38726,38.08055],[13.387214,38.080931],[13.387201,38.081081],[13.387208,38.081201],[13.387288,38.081415],[13.387332,38.081611],[13.38747,38.081777],[13.387815,38.082014],[13.387785,38.082096],[13.387659,38.082199],[13.387775,38.08253],[13.387876,38.082704],[13.3879,38.082876],[13.388083,38.083163],[13.388109,38.083265],[13.388057,38.083511],[13.387949,38.083674],[13.388094,38.083976],[13.388012,38.084274],[13.387972,38.084364],[13.387873,38.084564],[13.387945,38.084738],[13.387873,38.084984],[13.387888,38.085134],[13.387883,38.085377],[13.387764,38.085637],[13.38756,38.085852],[13.387236,38.085952],[13.386721,38.086125],[13.386588,38.086153],[13.386396,38.086285],[13.386154,38.086514],[13.385871,38.086907],[13.385733,38.087122],[13.385733,38.087156],[13.38483,38.087954],[13.384616,38.08863],[13.384783,38.088573],[13.384963,38.088583],[13.385228,38.088572],[13.38551,38.088643],[13.385746,38.088691],[13.385963,38.088731],[13.38638,38.088707],[13.386781,38.08857],[13.387015,38.088678],[13.387919,38.088489],[13.389095,38.088625],[13.391051,38.088254],[13.393918,38.08767],[13.394932,38.08759],[13.395946,38.087511],[13.397086,38.087445],[13.401083,38.087043],[13.404975,38.086694],[13.408588,38.086375],[13.412088,38.086096],[13.411825,38.086333],[13.413337,38.086282],[13.413948,38.086278],[13.413995,38.086296],[13.414036,38.08629],[13.414853,38.086335],[13.416054,38.086347],[13.419731,38.086382],[13.420283,38.086377],[13.423019,38.086418],[13.423414,38.086135],[13.423496,38.086078],[13.423861,38.085816],[13.424368,38.085429],[13.424947,38.084694],[13.425483,38.084241],[13.425771,38.083955],[13.426509,38.08375],[13.426994,38.083496],[13.428058,38.083399],[13.428354,38.0834],[13.428847,38.083402],[13.429983,38.083024],[13.430534,38.08285],[13.431545,38.082532],[13.432376,38.082321],[13.433338,38.082178],[13.433865,38.082114],[13.433648,38.081735],[13.432609,38.081243],[13.431667,38.08104],[13.431587,38.080998],[13.431002,38.080691],[13.430896,38.080245],[13.430557,38.079693],[13.430493,38.079589],[13.430434,38.079493],[13.430047,38.078926],[13.429961,38.078297],[13.429975,38.078051],[13.430609,38.077766],[13.430666,38.077754],[13.431395,38.077605],[13.431673,38.077545],[13.432408,38.077282],[13.43257,38.077223],[13.432707,38.077196],[13.433564,38.077028],[13.434136,38.076475],[13.434218,38.075774],[13.43404,38.075114],[13.433934,38.074709],[13.434128,38.074134],[13.43413,38.073575],[13.433787,38.07303],[13.433602,38.072641],[13.433609,38.07228],[13.434029,38.071873],[13.434472,38.071374],[13.434506,38.070859],[13.434519,38.070507],[13.434535,38.070075],[13.434541,38.069219],[13.434739,38.068509],[13.434722,38.068221],[13.434519,38.067837],[13.434459,38.067722],[13.434298,38.067233],[13.43361,38.067421],[13.433356,38.067057],[13.433331,38.06668],[13.433325,38.066356],[13.433148,38.06611],[13.432402,38.066323],[13.43225,38.066072],[13.431712,38.066147],[13.431375,38.065925],[13.431012,38.065804],[13.430691,38.065915],[13.43003,38.065354],[13.429459,38.064872],[13.429034,38.064469],[13.429013,38.063884],[13.428783,38.063429],[13.428013,38.063166],[13.427134,38.063208],[13.426467,38.063048],[13.426036,38.062403],[13.425462,38.061747],[13.425168,38.061913],[13.425149,38.061963]]]]}},{"type":"Feature","properties":{"UPL":"Bonagia","Quartiere":"Villagrazia - Falsomiele","circoscrizione":"III","n_sezioni":9,"totale_pop":7493,"totale_civici":483,"area_km2":0.596,"dens_pop":12574.8,"dens_civici":810.6,"bivar_lbl_modale":"1-2","col_modale":"#ace4e4"},"geometry":{"type":"MultiPolygon","coordinates":[[[[13.365928,38.084985],[13.365674,38.084631],[13.365383,38.084088],[13.364973,38.083324],[13.364607,38.082644],[13.364444,38.082344],[13.364298,38.08225],[13.364112,38.082149],[13.36393,38.082039],[13.363773,38.081981],[13.363376,38.081843],[13.362709,38.081598],[13.362176,38.081401],[13.361709,38.081234],[13.361522,38.08116],[13.361003,38.080972],[13.360053,38.080634],[13.359101,38.080286],[13.358208,38.079959],[13.357214,38.081874],[13.357133,38.082035],[13.356828,38.082618],[13.356425,38.083475],[13.355844,38.084703],[13.355738,38.084883],[13.355582,38.085078],[13.355321,38.085404],[13.354971,38.086148],[13.354754,38.086668],[13.354842,38.086691],[13.355893,38.08685],[13.356708,38.086977],[13.357147,38.087046],[13.357616,38.087123],[13.358094,38.087205],[13.358337,38.087232],[13.358481,38.087271],[13.359085,38.08737],[13.359159,38.087379],[13.359482,38.087419],[13.360117,38.087539],[13.360379,38.087588],[13.361213,38.087697],[13.361642,38.087775],[13.363147,38.08803],[13.363887,38.088156],[13.36585,38.088501],[13.365866,38.088402],[13.365875,38.088266],[13.365929,38.088026],[13.36597,38.087385],[13.366016,38.087054],[13.366197,38.085755],[13.36621,38.085651],[13.36608,38.085404],[13.365928,38.084985]]]]}},{"type":"Feature","properties":{"UPL":"Arenella","Quartiere":"Arenella - Vergine Maria","circoscrizione":"VII","n_sezioni":12,"totale_pop":6619,"totale_civici":1766,"area_km2":1.359,"dens_pop":4869.6,"dens_civici":1299.2,"bivar_lbl_modale":"1-1","col_modale":"#e8e8e8"},"geometry":{"type":"MultiPolygon","coordinates":[[[[13.373234,38.150219],[13.372909,38.150192],[13.37277,38.150089],[13.37276,38.149899],[13.372794,38.149676],[13.372604,38.149293],[13.372428,38.149066],[13.372336,38.148915],[13.37228,38.148761],[13.372165,38.148547],[13.372079,38.148393],[13.371962,38.148297],[13.37183,38.148213],[13.371876,38.148119],[13.371852,38.147895],[13.371781,38.147729],[13.371799,38.147576],[13.371727,38.147446],[13.37175,38.147105],[13.371727,38.146798],[13.371612,38.146584],[13.371542,38.146383],[13.37156,38.146135],[13.370099,38.146461],[13.370025,38.146242],[13.369868,38.146247],[13.369588,38.14655],[13.368763,38.147541],[13.368333,38.148256],[13.368079,38.148653],[13.367492,38.149254],[13.367063,38.149683],[13.366845,38.149902],[13.366823,38.149971],[13.366696,38.150342],[13.366465,38.150584],[13.366095,38.150734],[13.366028,38.150691],[13.365343,38.151192],[13.364751,38.151572],[13.364584,38.151699],[13.364602,38.151829],[13.364483,38.152089],[13.364374,38.15247],[13.364214,38.15294],[13.364135,38.153327],[13.36411,38.153465],[13.364072,38.153571],[13.363963,38.153997],[13.36396,38.154127],[13.364012,38.154364],[13.364079,38.154522],[13.364018,38.154741],[13.363986,38.154889],[13.363966,38.155114],[13.363959,38.155446],[13.364063,38.155892],[13.364108,38.156123],[13.364197,38.156265],[13.364289,38.156314],[13.364865,38.156643],[13.364982,38.156835],[13.365228,38.156985],[13.365218,38.157081],[13.365517,38.157113],[13.36584,38.157326],[13.365937,38.157445],[13.366023,38.157711],[13.366015,38.157764],[13.365904,38.157942],[13.365644,38.158108],[13.365094,38.158201],[13.364699,38.158325],[13.364462,38.158434],[13.363908,38.158674],[13.363606,38.158822],[13.363548,38.158866],[13.363387,38.159038],[13.363315,38.159091],[13.363128,38.159172],[13.362823,38.159421],[13.362863,38.159551],[13.362881,38.159692],[13.362886,38.15981],[13.362889,38.159968],[13.362922,38.160086],[13.362896,38.160305],[13.362843,38.160465],[13.36269,38.160615],[13.362545,38.161035],[13.362446,38.161337],[13.362193,38.161826],[13.365804,38.162485],[13.366198,38.162557],[13.366701,38.16266],[13.367571,38.16305],[13.36823,38.163278],[13.368084,38.163586],[13.369595,38.164],[13.369711,38.16378],[13.370595,38.16408],[13.370795,38.163945],[13.370924,38.163791],[13.37109,38.163581],[13.371238,38.163413],[13.371511,38.163232],[13.371517,38.162977],[13.371718,38.162809],[13.371759,38.162555],[13.371823,38.162102],[13.37185,38.161705],[13.371909,38.161465],[13.372111,38.161284],[13.372294,38.161102],[13.372281,38.160917],[13.372339,38.160705],[13.372399,38.160411],[13.372524,38.160145],[13.372663,38.159781],[13.372746,38.159562],[13.37288,38.159192],[13.372959,38.158921],[13.373037,38.158724],[13.373154,38.158618],[13.373211,38.158396],[13.373203,38.15828],[13.373114,38.158056],[13.373229,38.157611],[13.373405,38.157209],[13.373698,38.156701],[13.373996,38.15602],[13.374192,38.155676],[13.374334,38.155422],[13.374463,38.155259],[13.37435,38.155133],[13.374321,38.155042],[13.374428,38.154944],[13.37442,38.154812],[13.374558,38.154715],[13.374571,38.154608],[13.374563,38.154483],[13.374833,38.154112],[13.374945,38.153951],[13.375156,38.153664],[13.375501,38.153317],[13.375812,38.153012],[13.376089,38.152717],[13.376459,38.152366],[13.376642,38.152222],[13.376433,38.149503],[13.375913,38.148724],[13.375712,38.148845],[13.376191,38.149578],[13.376298,38.151122],[13.376185,38.151142],[13.376218,38.152182],[13.375491,38.152452],[13.375288,38.152013],[13.375145,38.152067],[13.375324,38.151667],[13.374615,38.150472],[13.374545,38.149779],[13.37424,38.149528],[13.374094,38.149705],[13.374388,38.149866],[13.374424,38.150783],[13.374282,38.150792],[13.374308,38.150938],[13.373827,38.150931],[13.373792,38.150595],[13.373925,38.150306],[13.373434,38.150132],[13.373427,38.149808],[13.373243,38.149805],[13.373234,38.150219]]]]}},{"type":"Feature","properties":{"UPL":"Vergine Maria","Quartiere":"Arenella - Vergine Maria","circoscrizione":"VII","n_sezioni":2,"totale_pop":1773,"totale_civici":617,"area_km2":0.947,"dens_pop":1871.5,"dens_civici":651.3,"bivar_lbl_modale":"1-1","col_modale":"#e8e8e8"},"geometry":{"type":"MultiPolygon","coordinates":[[[[13.370595,38.16408],[13.369711,38.16378],[13.369595,38.164],[13.368084,38.163586],[13.36823,38.163278],[13.367571,38.16305],[13.366701,38.16266],[13.366198,38.162557],[13.365804,38.162485],[13.362193,38.161826],[13.362056,38.162218],[13.361899,38.162542],[13.3617,38.162837],[13.361599,38.162914],[13.361506,38.162924],[13.361374,38.163108],[13.361178,38.163249],[13.361092,38.163265],[13.360866,38.163526],[13.360736,38.163597],[13.360653,38.16381],[13.360523,38.163887],[13.360464,38.163965],[13.360351,38.164244],[13.360183,38.164456],[13.360044,38.164597],[13.359951,38.164721],[13.359839,38.164876],[13.359822,38.16496],[13.359848,38.165078],[13.359918,38.165164],[13.360029,38.165261],[13.36016,38.165471],[13.360249,38.16563],[13.360268,38.165748],[13.360191,38.166009],[13.360175,38.166087],[13.360325,38.166359],[13.360449,38.166552],[13.360564,38.166807],[13.360531,38.167015],[13.360514,38.167144],[13.360543,38.167445],[13.360545,38.167659],[13.360521,38.167771],[13.360569,38.167879],[13.360563,38.168154],[13.360573,38.168343],[13.360583,38.168531],[13.360614,38.168718],[13.360641,38.168769],[13.360732,38.168843],[13.360909,38.168893],[13.361,38.168968],[13.361077,38.169042],[13.361124,38.169183],[13.361149,38.169324],[13.361018,38.169464],[13.360886,38.169605],[13.360631,38.169871],[13.360422,38.169964],[13.360414,38.170037],[13.360503,38.170173],[13.360706,38.170322],[13.360704,38.170423],[13.360784,38.17061],[13.360888,38.170858],[13.360875,38.171059],[13.360929,38.171177],[13.361144,38.171473],[13.36122,38.171542],[13.3614,38.171808],[13.361291,38.171886],[13.361227,38.17189],[13.361124,38.172035],[13.360981,38.172061],[13.36088,38.172111],[13.360836,38.172155],[13.360897,38.172285],[13.360974,38.172365],[13.361078,38.172493],[13.361159,38.172691],[13.361229,38.172748],[13.361342,38.172784],[13.361526,38.17282],[13.361753,38.172902],[13.361858,38.172971],[13.362085,38.173013],[13.362248,38.173027],[13.362355,38.173045],[13.362425,38.17308],[13.362509,38.173171],[13.362607,38.173234],[13.362727,38.173259],[13.36282,38.173254],[13.362999,38.173217],[13.363078,38.17319],[13.363177,38.17322],[13.363241,38.173243],[13.363283,38.173278],[13.363272,38.173424],[13.363232,38.173614],[13.363258,38.173744],[13.363268,38.173944],[13.363207,38.17409],[13.363149,38.174167],[13.363046,38.174284],[13.363,38.174447],[13.362959,38.174705],[13.362907,38.174777],[13.362811,38.17495],[13.362826,38.175221],[13.362809,38.175324],[13.362762,38.175523],[13.362731,38.175655],[13.362572,38.176052],[13.362433,38.176253],[13.362369,38.176401],[13.362301,38.176548],[13.362223,38.176708],[13.362153,38.176966],[13.365453,38.177397],[13.366511,38.177534],[13.366499,38.176535],[13.366846,38.176292],[13.367386,38.17588],[13.367737,38.175365],[13.367859,38.174695],[13.36774,38.174308],[13.367498,38.1737],[13.367126,38.173259],[13.366839,38.172802],[13.366719,38.172489],[13.366795,38.172171],[13.367036,38.171774],[13.367281,38.171243],[13.36733,38.17091],[13.367186,38.170758],[13.367254,38.170559],[13.367136,38.170157],[13.367022,38.169554],[13.367053,38.169138],[13.366981,38.168569],[13.36718,38.168155],[13.367764,38.167579],[13.368086,38.167316],[13.368495,38.167005],[13.368925,38.16666],[13.369224,38.166514],[13.36973,38.166571],[13.36984,38.166364],[13.369799,38.166297],[13.369147,38.166188],[13.369171,38.166055],[13.369407,38.165891],[13.369411,38.165691],[13.369586,38.165443],[13.36995,38.165248],[13.370165,38.16505],[13.370279,38.164702],[13.370475,38.164404],[13.370595,38.16408]]]]}}]}